Timing Analyzer report for fpga
Mon Jun  8 17:37:08 2026
Quartus Prime Version 25.1std.0 Build 1129 10/21/2025 SC Lite Edition


---------------------
; Table of Contents ;
---------------------
  1. Legal Notice
  2. Timing Analyzer Summary
  3. Parallel Compilation
  4. Clocks
  5. Slow 1200mV 85C Model Fmax Summary
  6. Timing Closure Recommendations
  7. Slow 1200mV 85C Model Setup Summary
  8. Slow 1200mV 85C Model Hold Summary
  9. Slow 1200mV 85C Model Recovery Summary
 10. Slow 1200mV 85C Model Removal Summary
 11. Slow 1200mV 85C Model Minimum Pulse Width Summary
 12. Slow 1200mV 85C Model Setup: 'clk'
 13. Slow 1200mV 85C Model Hold: 'clk'
 14. Slow 1200mV 85C Model Recovery: 'clk'
 15. Slow 1200mV 85C Model Removal: 'clk'
 16. Slow 1200mV 85C Model Metastability Summary
 17. Slow 1200mV 0C Model Fmax Summary
 18. Slow 1200mV 0C Model Setup Summary
 19. Slow 1200mV 0C Model Hold Summary
 20. Slow 1200mV 0C Model Recovery Summary
 21. Slow 1200mV 0C Model Removal Summary
 22. Slow 1200mV 0C Model Minimum Pulse Width Summary
 23. Slow 1200mV 0C Model Setup: 'clk'
 24. Slow 1200mV 0C Model Hold: 'clk'
 25. Slow 1200mV 0C Model Recovery: 'clk'
 26. Slow 1200mV 0C Model Removal: 'clk'
 27. Slow 1200mV 0C Model Metastability Summary
 28. Fast 1200mV 0C Model Setup Summary
 29. Fast 1200mV 0C Model Hold Summary
 30. Fast 1200mV 0C Model Recovery Summary
 31. Fast 1200mV 0C Model Removal Summary
 32. Fast 1200mV 0C Model Minimum Pulse Width Summary
 33. Fast 1200mV 0C Model Setup: 'clk'
 34. Fast 1200mV 0C Model Hold: 'clk'
 35. Fast 1200mV 0C Model Recovery: 'clk'
 36. Fast 1200mV 0C Model Removal: 'clk'
 37. Fast 1200mV 0C Model Metastability Summary
 38. Multicorner Timing Analysis Summary
 39. Board Trace Model Assignments
 40. Input Transition Times
 41. Signal Integrity Metrics (Slow 1200mv 0c Model)
 42. Signal Integrity Metrics (Slow 1200mv 85c Model)
 43. Signal Integrity Metrics (Fast 1200mv 0c Model)
 44. Setup Transfers
 45. Hold Transfers
 46. Recovery Transfers
 47. Removal Transfers
 48. Report TCCS
 49. Report RSKM
 50. Unconstrained Paths Summary
 51. Clock Status Summary
 52. Unconstrained Input Ports
 53. Unconstrained Output Ports
 54. Unconstrained Input Ports
 55. Unconstrained Output Ports
 56. Timing Analyzer Messages



----------------
; Legal Notice ;
----------------
Copyright (C) 2025  Altera Corporation. All rights reserved.
Your use of Altera Corporation's design tools, logic functions 
and other software and tools, and any partner logic 
functions, and any output files from any of the foregoing 
(including device programming or simulation files), and any 
associated documentation or information are expressly subject 
to the terms and conditions of the Altera Program License 
Subscription Agreement, the Altera Quartus Prime License Agreement,
the Altera IP License Agreement, or other applicable license
agreement, including, without limitation, that your use is for
the sole purpose of programming logic devices manufactured by
Altera and sold by Altera or its authorized distributors.  Please
refer to the Altera Software License Subscription Agreements 
on the Quartus Prime software download page.



+---------------------------------------------------------------------------------+
; Timing Analyzer Summary                                                         ;
+-----------------------+---------------------------------------------------------+
; Quartus Prime Version ; Version 25.1std.0 Build 1129 10/21/2025 SC Lite Edition ;
; Timing Analyzer       ; Legacy Timing Analyzer                                  ;
; Revision Name         ; fpga                                                    ;
; Device Family         ; Cyclone IV E                                            ;
; Device Name           ; EP4CE115F29C7                                           ;
; Timing Models         ; Final                                                   ;
; Delay Model           ; Combined                                                ;
; Rise/Fall Delays      ; Enabled                                                 ;
+-----------------------+---------------------------------------------------------+


+------------------------------------------+
; Parallel Compilation                     ;
+----------------------------+-------------+
; Processors                 ; Number      ;
+----------------------------+-------------+
; Number detected on machine ; 8           ;
; Maximum allowed            ; 4           ;
;                            ;             ;
; Average used               ; 1.33        ;
; Maximum used               ; 4           ;
;                            ;             ;
; Usage by Processor         ; % Time Used ;
;     Processor 1            ; 100.0%      ;
;     Processor 2            ;  19.9%      ;
;     Processor 3            ;  10.5%      ;
;     Processor 4            ;   2.6%      ;
+----------------------------+-------------+


+---------------------------------------------------------------------------------------------------------------------------------------------------------------------------------+
; Clocks                                                                                                                                                                          ;
+------------+------+--------+------------+-------+-------+------------+-----------+-------------+-------+--------+-----------+------------+----------+--------+--------+---------+
; Clock Name ; Type ; Period ; Frequency  ; Rise  ; Fall  ; Duty Cycle ; Divide by ; Multiply by ; Phase ; Offset ; Edge List ; Edge Shift ; Inverted ; Master ; Source ; Targets ;
+------------+------+--------+------------+-------+-------+------------+-----------+-------------+-------+--------+-----------+------------+----------+--------+--------+---------+
; clk        ; Base ; 1.000  ; 1000.0 MHz ; 0.000 ; 0.500 ;            ;           ;             ;       ;        ;           ;            ;          ;        ;        ; { clk } ;
+------------+------+--------+------------+-------+-------+------------+-----------+-------------+-------+--------+-----------+------------+----------+--------+--------+---------+


+-------------------------------------------------+
; Slow 1200mV 85C Model Fmax Summary              ;
+-----------+-----------------+------------+------+
; Fmax      ; Restricted Fmax ; Clock Name ; Note ;
+-----------+-----------------+------------+------+
; 48.02 MHz ; 48.02 MHz       ; clk        ;      ;
+-----------+-----------------+------------+------+
This panel reports FMAX for every clock in the design, regardless of the user-specified clock periods.  FMAX is only computed for paths where the source and destination registers or ports are driven by the same clock.  Paths of different clocks, including generated clocks, are ignored.  For paths between a clock and its inversion, FMAX is computed as if the rising and falling edges are scaled along with FMAX, such that the duty cycle (in terms of a percentage) is maintained. Altera recommends that you always use clock constraints and other slack reports for sign-off analysis.


----------------------------------
; Timing Closure Recommendations ;
----------------------------------
HTML report is unavailable in plain text report export.


+-------------------------------------+
; Slow 1200mV 85C Model Setup Summary ;
+-------+---------+-------------------+
; Clock ; Slack   ; End Point TNS     ;
+-------+---------+-------------------+
; clk   ; -19.826 ; -3389.942         ;
+-------+---------+-------------------+


+------------------------------------+
; Slow 1200mV 85C Model Hold Summary ;
+-------+-------+--------------------+
; Clock ; Slack ; End Point TNS      ;
+-------+-------+--------------------+
; clk   ; 0.385 ; 0.000              ;
+-------+-------+--------------------+


+----------------------------------------+
; Slow 1200mV 85C Model Recovery Summary ;
+-------+--------+-----------------------+
; Clock ; Slack  ; End Point TNS         ;
+-------+--------+-----------------------+
; clk   ; -1.130 ; -52.870               ;
+-------+--------+-----------------------+


+---------------------------------------+
; Slow 1200mV 85C Model Removal Summary ;
+-------+-------+-----------------------+
; Clock ; Slack ; End Point TNS         ;
+-------+-------+-----------------------+
; clk   ; 0.797 ; 0.000                 ;
+-------+-------+-----------------------+


+---------------------------------------------------+
; Slow 1200mV 85C Model Minimum Pulse Width Summary ;
+-------+--------+----------------------------------+
; Clock ; Slack  ; End Point TNS                    ;
+-------+--------+----------------------------------+
; clk   ; -3.000 ; -672.279                         ;
+-------+--------+----------------------------------+


+----------------------------------------------------------------------------------------------------------------------------------------------------------------+
; Slow 1200mV 85C Model Setup: 'clk'                                                                                                                             ;
+---------+-----------------------------------------+--------------------------------------+--------------+-------------+--------------+------------+------------+
; Slack   ; From Node                               ; To Node                              ; Launch Clock ; Latch Clock ; Relationship ; Clock Skew ; Data Delay ;
+---------+-----------------------------------------+--------------------------------------+--------------+-------------+--------------+------------+------------+
; -19.826 ; cpu:cpu0|control_unit:cu0|opcode[2]     ; lcd_controller:lcd_ctl0|linha2[3][3] ; clk          ; clk         ; 1.000        ; 0.368      ; 21.192     ;
; -19.819 ; cpu:cpu0|control_unit:cu0|opcode[2]     ; lcd_controller:lcd_ctl0|linha2[3][1] ; clk          ; clk         ; 1.000        ; 0.368      ; 21.185     ;
; -19.809 ; cpu:cpu0|control_unit:cu0|opcode[0]     ; lcd_controller:lcd_ctl0|linha2[3][3] ; clk          ; clk         ; 1.000        ; 0.368      ; 21.175     ;
; -19.802 ; cpu:cpu0|control_unit:cu0|opcode[0]     ; lcd_controller:lcd_ctl0|linha2[3][1] ; clk          ; clk         ; 1.000        ; 0.368      ; 21.168     ;
; -19.787 ; cpu:cpu0|control_unit:cu0|opcode[2]     ; lcd_controller:lcd_ctl0|linha2[2][0] ; clk          ; clk         ; 1.000        ; 0.368      ; 21.153     ;
; -19.774 ; cpu:cpu0|control_unit:cu0|opcode[2]     ; lcd_controller:lcd_ctl0|linha2[3][2] ; clk          ; clk         ; 1.000        ; 0.368      ; 21.140     ;
; -19.770 ; cpu:cpu0|control_unit:cu0|opcode[0]     ; lcd_controller:lcd_ctl0|linha2[2][0] ; clk          ; clk         ; 1.000        ; 0.368      ; 21.136     ;
; -19.757 ; cpu:cpu0|control_unit:cu0|opcode[0]     ; lcd_controller:lcd_ctl0|linha2[3][2] ; clk          ; clk         ; 1.000        ; 0.368      ; 21.123     ;
; -19.699 ; cpu:cpu0|control_unit:cu0|opcode[2]     ; lcd_controller:lcd_ctl0|linha2[2][3] ; clk          ; clk         ; 1.000        ; 0.370      ; 21.067     ;
; -19.685 ; cpu:cpu0|control_unit:cu0|opcode[2]     ; lcd_controller:lcd_ctl0|linha2[2][2] ; clk          ; clk         ; 1.000        ; 0.370      ; 21.053     ;
; -19.682 ; cpu:cpu0|control_unit:cu0|opcode[0]     ; lcd_controller:lcd_ctl0|linha2[2][3] ; clk          ; clk         ; 1.000        ; 0.370      ; 21.050     ;
; -19.669 ; cpu:cpu0|control_unit:cu0|state.EXECUTE ; lcd_controller:lcd_ctl0|linha2[3][3] ; clk          ; clk         ; 1.000        ; 0.368      ; 21.035     ;
; -19.668 ; cpu:cpu0|control_unit:cu0|opcode[0]     ; lcd_controller:lcd_ctl0|linha2[2][2] ; clk          ; clk         ; 1.000        ; 0.370      ; 21.036     ;
; -19.662 ; cpu:cpu0|control_unit:cu0|state.EXECUTE ; lcd_controller:lcd_ctl0|linha2[3][1] ; clk          ; clk         ; 1.000        ; 0.368      ; 21.028     ;
; -19.641 ; cpu:cpu0|control_unit:cu0|opcode[2]     ; lcd_controller:lcd_ctl0|linha2[1][0] ; clk          ; clk         ; 1.000        ; 0.370      ; 21.009     ;
; -19.636 ; cpu:cpu0|control_unit:cu0|opcode[2]     ; lcd_controller:lcd_ctl0|linha2[2][1] ; clk          ; clk         ; 1.000        ; 0.370      ; 21.004     ;
; -19.630 ; cpu:cpu0|control_unit:cu0|state.EXECUTE ; lcd_controller:lcd_ctl0|linha2[2][0] ; clk          ; clk         ; 1.000        ; 0.368      ; 20.996     ;
; -19.624 ; cpu:cpu0|control_unit:cu0|opcode[0]     ; lcd_controller:lcd_ctl0|linha2[1][0] ; clk          ; clk         ; 1.000        ; 0.370      ; 20.992     ;
; -19.619 ; cpu:cpu0|control_unit:cu0|opcode[0]     ; lcd_controller:lcd_ctl0|linha2[2][1] ; clk          ; clk         ; 1.000        ; 0.370      ; 20.987     ;
; -19.617 ; cpu:cpu0|control_unit:cu0|state.EXECUTE ; lcd_controller:lcd_ctl0|linha2[3][2] ; clk          ; clk         ; 1.000        ; 0.368      ; 20.983     ;
; -19.543 ; cpu:cpu0|control_unit:cu0|opcode[1]     ; lcd_controller:lcd_ctl0|linha2[3][3] ; clk          ; clk         ; 1.000        ; 0.368      ; 20.909     ;
; -19.542 ; cpu:cpu0|control_unit:cu0|state.EXECUTE ; lcd_controller:lcd_ctl0|linha2[2][3] ; clk          ; clk         ; 1.000        ; 0.370      ; 20.910     ;
; -19.536 ; cpu:cpu0|control_unit:cu0|opcode[1]     ; lcd_controller:lcd_ctl0|linha2[3][1] ; clk          ; clk         ; 1.000        ; 0.368      ; 20.902     ;
; -19.528 ; cpu:cpu0|control_unit:cu0|state.EXECUTE ; lcd_controller:lcd_ctl0|linha2[2][2] ; clk          ; clk         ; 1.000        ; 0.370      ; 20.896     ;
; -19.504 ; cpu:cpu0|control_unit:cu0|opcode[1]     ; lcd_controller:lcd_ctl0|linha2[2][0] ; clk          ; clk         ; 1.000        ; 0.368      ; 20.870     ;
; -19.491 ; cpu:cpu0|control_unit:cu0|opcode[1]     ; lcd_controller:lcd_ctl0|linha2[3][2] ; clk          ; clk         ; 1.000        ; 0.368      ; 20.857     ;
; -19.485 ; cpu:cpu0|control_unit:cu0|opcode[2]     ; lcd_controller:lcd_ctl0|linha2[4][1] ; clk          ; clk         ; 1.000        ; 0.312      ; 20.795     ;
; -19.484 ; cpu:cpu0|control_unit:cu0|state.EXECUTE ; lcd_controller:lcd_ctl0|linha2[1][0] ; clk          ; clk         ; 1.000        ; 0.370      ; 20.852     ;
; -19.479 ; cpu:cpu0|control_unit:cu0|state.EXECUTE ; lcd_controller:lcd_ctl0|linha2[2][1] ; clk          ; clk         ; 1.000        ; 0.370      ; 20.847     ;
; -19.468 ; cpu:cpu0|control_unit:cu0|opcode[0]     ; lcd_controller:lcd_ctl0|linha2[4][1] ; clk          ; clk         ; 1.000        ; 0.312      ; 20.778     ;
; -19.467 ; cpu:cpu0|control_unit:cu0|opcode[2]     ; lcd_controller:lcd_ctl0|linha2[4][2] ; clk          ; clk         ; 1.000        ; 0.312      ; 20.777     ;
; -19.450 ; cpu:cpu0|control_unit:cu0|opcode[0]     ; lcd_controller:lcd_ctl0|linha2[4][2] ; clk          ; clk         ; 1.000        ; 0.312      ; 20.760     ;
; -19.443 ; cpu:cpu0|control_unit:cu0|opcode[2]     ; lcd_controller:lcd_ctl0|linha2[4][3] ; clk          ; clk         ; 1.000        ; 0.312      ; 20.753     ;
; -19.426 ; cpu:cpu0|control_unit:cu0|opcode[0]     ; lcd_controller:lcd_ctl0|linha2[4][3] ; clk          ; clk         ; 1.000        ; 0.312      ; 20.736     ;
; -19.416 ; cpu:cpu0|control_unit:cu0|opcode[1]     ; lcd_controller:lcd_ctl0|linha2[2][3] ; clk          ; clk         ; 1.000        ; 0.370      ; 20.784     ;
; -19.411 ; cpu:cpu0|control_unit:cu0|opcode[2]     ; lcd_controller:lcd_ctl0|linha2[3][0] ; clk          ; clk         ; 1.000        ; 0.312      ; 20.721     ;
; -19.402 ; cpu:cpu0|control_unit:cu0|opcode[1]     ; lcd_controller:lcd_ctl0|linha2[2][2] ; clk          ; clk         ; 1.000        ; 0.370      ; 20.770     ;
; -19.394 ; cpu:cpu0|control_unit:cu0|opcode[0]     ; lcd_controller:lcd_ctl0|linha2[3][0] ; clk          ; clk         ; 1.000        ; 0.312      ; 20.704     ;
; -19.358 ; cpu:cpu0|control_unit:cu0|opcode[1]     ; lcd_controller:lcd_ctl0|linha2[1][0] ; clk          ; clk         ; 1.000        ; 0.370      ; 20.726     ;
; -19.353 ; cpu:cpu0|control_unit:cu0|opcode[1]     ; lcd_controller:lcd_ctl0|linha2[2][1] ; clk          ; clk         ; 1.000        ; 0.370      ; 20.721     ;
; -19.349 ; cpu:cpu0|control_unit:cu0|imm[10]       ; lcd_controller:lcd_ctl0|linha2[3][3] ; clk          ; clk         ; 1.000        ; 0.368      ; 20.715     ;
; -19.342 ; cpu:cpu0|control_unit:cu0|imm[10]       ; lcd_controller:lcd_ctl0|linha2[3][1] ; clk          ; clk         ; 1.000        ; 0.368      ; 20.708     ;
; -19.339 ; cpu:cpu0|control_unit:cu0|opcode[2]     ; lcd_controller:lcd_ctl0|linha2[1][2] ; clk          ; clk         ; 1.000        ; 0.370      ; 20.707     ;
; -19.338 ; cpu:cpu0|control_unit:cu0|opcode[2]     ; lcd_controller:lcd_ctl0|linha2[1][1] ; clk          ; clk         ; 1.000        ; 0.370      ; 20.706     ;
; -19.329 ; cpu:cpu0|control_unit:cu0|opcode[2]     ; lcd_controller:lcd_ctl0|linha2[1][3] ; clk          ; clk         ; 1.000        ; 0.370      ; 20.697     ;
; -19.328 ; cpu:cpu0|control_unit:cu0|state.EXECUTE ; lcd_controller:lcd_ctl0|linha2[4][1] ; clk          ; clk         ; 1.000        ; 0.312      ; 20.638     ;
; -19.322 ; cpu:cpu0|control_unit:cu0|opcode[0]     ; lcd_controller:lcd_ctl0|linha2[1][2] ; clk          ; clk         ; 1.000        ; 0.370      ; 20.690     ;
; -19.321 ; cpu:cpu0|control_unit:cu0|opcode[0]     ; lcd_controller:lcd_ctl0|linha2[1][1] ; clk          ; clk         ; 1.000        ; 0.370      ; 20.689     ;
; -19.312 ; cpu:cpu0|control_unit:cu0|opcode[0]     ; lcd_controller:lcd_ctl0|linha2[1][3] ; clk          ; clk         ; 1.000        ; 0.370      ; 20.680     ;
; -19.310 ; cpu:cpu0|control_unit:cu0|imm[10]       ; lcd_controller:lcd_ctl0|linha2[2][0] ; clk          ; clk         ; 1.000        ; 0.368      ; 20.676     ;
; -19.310 ; cpu:cpu0|control_unit:cu0|state.EXECUTE ; lcd_controller:lcd_ctl0|linha2[4][2] ; clk          ; clk         ; 1.000        ; 0.312      ; 20.620     ;
; -19.297 ; cpu:cpu0|control_unit:cu0|imm[10]       ; lcd_controller:lcd_ctl0|linha2[3][2] ; clk          ; clk         ; 1.000        ; 0.368      ; 20.663     ;
; -19.286 ; cpu:cpu0|control_unit:cu0|state.EXECUTE ; lcd_controller:lcd_ctl0|linha2[4][3] ; clk          ; clk         ; 1.000        ; 0.312      ; 20.596     ;
; -19.254 ; cpu:cpu0|control_unit:cu0|state.EXECUTE ; lcd_controller:lcd_ctl0|linha2[3][0] ; clk          ; clk         ; 1.000        ; 0.312      ; 20.564     ;
; -19.222 ; cpu:cpu0|control_unit:cu0|imm[10]       ; lcd_controller:lcd_ctl0|linha2[2][3] ; clk          ; clk         ; 1.000        ; 0.370      ; 20.590     ;
; -19.208 ; cpu:cpu0|control_unit:cu0|imm[10]       ; lcd_controller:lcd_ctl0|linha2[2][2] ; clk          ; clk         ; 1.000        ; 0.370      ; 20.576     ;
; -19.202 ; cpu:cpu0|control_unit:cu0|opcode[1]     ; lcd_controller:lcd_ctl0|linha2[4][1] ; clk          ; clk         ; 1.000        ; 0.312      ; 20.512     ;
; -19.184 ; cpu:cpu0|control_unit:cu0|opcode[1]     ; lcd_controller:lcd_ctl0|linha2[4][2] ; clk          ; clk         ; 1.000        ; 0.312      ; 20.494     ;
; -19.182 ; cpu:cpu0|control_unit:cu0|state.EXECUTE ; lcd_controller:lcd_ctl0|linha2[1][2] ; clk          ; clk         ; 1.000        ; 0.370      ; 20.550     ;
; -19.181 ; cpu:cpu0|control_unit:cu0|state.EXECUTE ; lcd_controller:lcd_ctl0|linha2[1][1] ; clk          ; clk         ; 1.000        ; 0.370      ; 20.549     ;
; -19.172 ; cpu:cpu0|control_unit:cu0|state.EXECUTE ; lcd_controller:lcd_ctl0|linha2[1][3] ; clk          ; clk         ; 1.000        ; 0.370      ; 20.540     ;
; -19.164 ; cpu:cpu0|control_unit:cu0|imm[10]       ; lcd_controller:lcd_ctl0|linha2[1][0] ; clk          ; clk         ; 1.000        ; 0.370      ; 20.532     ;
; -19.160 ; cpu:cpu0|control_unit:cu0|opcode[1]     ; lcd_controller:lcd_ctl0|linha2[4][3] ; clk          ; clk         ; 1.000        ; 0.312      ; 20.470     ;
; -19.159 ; cpu:cpu0|control_unit:cu0|imm[10]       ; lcd_controller:lcd_ctl0|linha2[2][1] ; clk          ; clk         ; 1.000        ; 0.370      ; 20.527     ;
; -19.128 ; cpu:cpu0|control_unit:cu0|opcode[1]     ; lcd_controller:lcd_ctl0|linha2[3][0] ; clk          ; clk         ; 1.000        ; 0.312      ; 20.438     ;
; -19.104 ; cpu:cpu0|control_unit:cu0|opcode[2]     ; lcd_controller:lcd_ctl0|linha2[5][1] ; clk          ; clk         ; 1.000        ; 0.339      ; 20.441     ;
; -19.104 ; cpu:cpu0|control_unit:cu0|opcode[2]     ; lcd_controller:lcd_ctl0|linha2[5][2] ; clk          ; clk         ; 1.000        ; 0.339      ; 20.441     ;
; -19.102 ; cpu:cpu0|control_unit:cu0|opcode[2]     ; lcd_controller:lcd_ctl0|linha2[4][0] ; clk          ; clk         ; 1.000        ; 0.339      ; 20.439     ;
; -19.088 ; cpu:cpu0|control_unit:cu0|opcode[2]     ; lcd_controller:lcd_ctl0|linha2[5][3] ; clk          ; clk         ; 1.000        ; 0.339      ; 20.425     ;
; -19.087 ; cpu:cpu0|control_unit:cu0|opcode[0]     ; lcd_controller:lcd_ctl0|linha2[5][1] ; clk          ; clk         ; 1.000        ; 0.339      ; 20.424     ;
; -19.087 ; cpu:cpu0|control_unit:cu0|opcode[0]     ; lcd_controller:lcd_ctl0|linha2[5][2] ; clk          ; clk         ; 1.000        ; 0.339      ; 20.424     ;
; -19.085 ; cpu:cpu0|control_unit:cu0|opcode[0]     ; lcd_controller:lcd_ctl0|linha2[4][0] ; clk          ; clk         ; 1.000        ; 0.339      ; 20.422     ;
; -19.071 ; cpu:cpu0|control_unit:cu0|opcode[0]     ; lcd_controller:lcd_ctl0|linha2[5][3] ; clk          ; clk         ; 1.000        ; 0.339      ; 20.408     ;
; -19.062 ; cpu:cpu0|control_unit:cu0|imm[2]        ; lcd_controller:lcd_ctl0|linha2[3][3] ; clk          ; clk         ; 1.000        ; 0.348      ; 20.408     ;
; -19.061 ; cpu:cpu0|control_unit:cu0|imm[5]        ; lcd_controller:lcd_ctl0|linha2[3][3] ; clk          ; clk         ; 1.000        ; 0.348      ; 20.407     ;
; -19.056 ; cpu:cpu0|control_unit:cu0|opcode[1]     ; lcd_controller:lcd_ctl0|linha2[1][2] ; clk          ; clk         ; 1.000        ; 0.370      ; 20.424     ;
; -19.055 ; cpu:cpu0|control_unit:cu0|imm[2]        ; lcd_controller:lcd_ctl0|linha2[3][1] ; clk          ; clk         ; 1.000        ; 0.348      ; 20.401     ;
; -19.055 ; cpu:cpu0|control_unit:cu0|opcode[1]     ; lcd_controller:lcd_ctl0|linha2[1][1] ; clk          ; clk         ; 1.000        ; 0.370      ; 20.423     ;
; -19.054 ; cpu:cpu0|control_unit:cu0|imm[5]        ; lcd_controller:lcd_ctl0|linha2[3][1] ; clk          ; clk         ; 1.000        ; 0.348      ; 20.400     ;
; -19.048 ; cpu:cpu0|control_unit:cu0|imm[4]        ; lcd_controller:lcd_ctl0|linha2[3][3] ; clk          ; clk         ; 1.000        ; 0.364      ; 20.410     ;
; -19.046 ; cpu:cpu0|control_unit:cu0|opcode[1]     ; lcd_controller:lcd_ctl0|linha2[1][3] ; clk          ; clk         ; 1.000        ; 0.370      ; 20.414     ;
; -19.041 ; cpu:cpu0|control_unit:cu0|imm[4]        ; lcd_controller:lcd_ctl0|linha2[3][1] ; clk          ; clk         ; 1.000        ; 0.364      ; 20.403     ;
; -19.031 ; cpu:cpu0|control_unit:cu0|imm[0]        ; lcd_controller:lcd_ctl0|linha2[3][3] ; clk          ; clk         ; 1.000        ; 0.348      ; 20.377     ;
; -19.024 ; cpu:cpu0|control_unit:cu0|imm[0]        ; lcd_controller:lcd_ctl0|linha2[3][1] ; clk          ; clk         ; 1.000        ; 0.348      ; 20.370     ;
; -19.023 ; cpu:cpu0|control_unit:cu0|imm[2]        ; lcd_controller:lcd_ctl0|linha2[2][0] ; clk          ; clk         ; 1.000        ; 0.348      ; 20.369     ;
; -19.022 ; cpu:cpu0|control_unit:cu0|imm[5]        ; lcd_controller:lcd_ctl0|linha2[2][0] ; clk          ; clk         ; 1.000        ; 0.348      ; 20.368     ;
; -19.010 ; cpu:cpu0|control_unit:cu0|imm[2]        ; lcd_controller:lcd_ctl0|linha2[3][2] ; clk          ; clk         ; 1.000        ; 0.348      ; 20.356     ;
; -19.009 ; cpu:cpu0|control_unit:cu0|imm[5]        ; lcd_controller:lcd_ctl0|linha2[3][2] ; clk          ; clk         ; 1.000        ; 0.348      ; 20.355     ;
; -19.009 ; cpu:cpu0|control_unit:cu0|imm[4]        ; lcd_controller:lcd_ctl0|linha2[2][0] ; clk          ; clk         ; 1.000        ; 0.364      ; 20.371     ;
; -19.008 ; cpu:cpu0|control_unit:cu0|imm[10]       ; lcd_controller:lcd_ctl0|linha2[4][1] ; clk          ; clk         ; 1.000        ; 0.312      ; 20.318     ;
; -18.996 ; cpu:cpu0|control_unit:cu0|imm[4]        ; lcd_controller:lcd_ctl0|linha2[3][2] ; clk          ; clk         ; 1.000        ; 0.364      ; 20.358     ;
; -18.992 ; cpu:cpu0|control_unit:cu0|imm[0]        ; lcd_controller:lcd_ctl0|linha2[2][0] ; clk          ; clk         ; 1.000        ; 0.348      ; 20.338     ;
; -18.990 ; cpu:cpu0|control_unit:cu0|imm[10]       ; lcd_controller:lcd_ctl0|linha2[4][2] ; clk          ; clk         ; 1.000        ; 0.312      ; 20.300     ;
; -18.979 ; cpu:cpu0|control_unit:cu0|imm[0]        ; lcd_controller:lcd_ctl0|linha2[3][2] ; clk          ; clk         ; 1.000        ; 0.348      ; 20.325     ;
; -18.966 ; cpu:cpu0|control_unit:cu0|imm[10]       ; lcd_controller:lcd_ctl0|linha2[4][3] ; clk          ; clk         ; 1.000        ; 0.312      ; 20.276     ;
; -18.962 ; cpu:cpu0|control_unit:cu0|imm[3]        ; lcd_controller:lcd_ctl0|linha2[3][3] ; clk          ; clk         ; 1.000        ; 0.359      ; 20.319     ;
; -18.955 ; cpu:cpu0|control_unit:cu0|imm[3]        ; lcd_controller:lcd_ctl0|linha2[3][1] ; clk          ; clk         ; 1.000        ; 0.359      ; 20.312     ;
; -18.947 ; cpu:cpu0|control_unit:cu0|state.EXECUTE ; lcd_controller:lcd_ctl0|linha2[5][1] ; clk          ; clk         ; 1.000        ; 0.339      ; 20.284     ;
; -18.947 ; cpu:cpu0|control_unit:cu0|state.EXECUTE ; lcd_controller:lcd_ctl0|linha2[5][2] ; clk          ; clk         ; 1.000        ; 0.339      ; 20.284     ;
; -18.945 ; cpu:cpu0|control_unit:cu0|state.EXECUTE ; lcd_controller:lcd_ctl0|linha2[4][0] ; clk          ; clk         ; 1.000        ; 0.339      ; 20.282     ;
+---------+-----------------------------------------+--------------------------------------+--------------+-------------+--------------+------------+------------+


+-----------------------------------------------------------------------------------------------------------------------------------------------------------------------------------------+
; Slow 1200mV 85C Model Hold: 'clk'                                                                                                                                                       ;
+-------+-----------------------------------------------------+-----------------------------------------------------+--------------+-------------+--------------+------------+------------+
; Slack ; From Node                                           ; To Node                                             ; Launch Clock ; Latch Clock ; Relationship ; Clock Skew ; Data Delay ;
+-------+-----------------------------------------------------+-----------------------------------------------------+--------------+-------------+--------------+------------+------------+
; 0.385 ; lcd_controller:lcd_ctl0|estado_atual.EST_INIT_4     ; lcd_controller:lcd_ctl0|estado_atual.EST_INIT_4     ; clk          ; clk         ; 0.000        ; 0.098      ; 0.669      ;
; 0.385 ; lcd_controller:lcd_ctl0|estado_atual.EST_INIT_3     ; lcd_controller:lcd_ctl0|estado_atual.EST_INIT_3     ; clk          ; clk         ; 0.000        ; 0.098      ; 0.669      ;
; 0.385 ; lcd_controller:lcd_ctl0|estado_atual.EST_INIT_2     ; lcd_controller:lcd_ctl0|estado_atual.EST_INIT_2     ; clk          ; clk         ; 0.000        ; 0.098      ; 0.669      ;
; 0.385 ; lcd_controller:lcd_ctl0|estado_atual.EST_INIT_1     ; lcd_controller:lcd_ctl0|estado_atual.EST_INIT_1     ; clk          ; clk         ; 0.000        ; 0.098      ; 0.669      ;
; 0.385 ; lcd_controller:lcd_ctl0|estado_atual.EST_ESPERA_CPU ; lcd_controller:lcd_ctl0|estado_atual.EST_ESPERA_CPU ; clk          ; clk         ; 0.000        ; 0.098      ; 0.669      ;
; 0.385 ; lcd_controller:lcd_ctl0|estado_atual.EST_ESCREVE_L2 ; lcd_controller:lcd_ctl0|estado_atual.EST_ESCREVE_L2 ; clk          ; clk         ; 0.000        ; 0.098      ; 0.669      ;
; 0.385 ; lcd_controller:lcd_ctl0|estado_atual.EST_ESCREVE_L1 ; lcd_controller:lcd_ctl0|estado_atual.EST_ESCREVE_L1 ; clk          ; clk         ; 0.000        ; 0.098      ; 0.669      ;
; 0.385 ; lcd_controller:lcd_ctl0|estado_atual.EST_LINHA2_POS ; lcd_controller:lcd_ctl0|estado_atual.EST_LINHA2_POS ; clk          ; clk         ; 0.000        ; 0.098      ; 0.669      ;
; 0.385 ; lcd_controller:lcd_ctl0|estado_atual.EST_LINHA1_POS ; lcd_controller:lcd_ctl0|estado_atual.EST_LINHA1_POS ; clk          ; clk         ; 0.000        ; 0.098      ; 0.669      ;
; 0.401 ; button_handler:btn1|btn_stable                      ; button_handler:btn1|btn_stable                      ; clk          ; clk         ; 0.000        ; 0.082      ; 0.669      ;
; 0.402 ; lcd_controller:lcd_ctl0|reg_indice[3]               ; lcd_controller:lcd_ctl0|reg_indice[3]               ; clk          ; clk         ; 0.000        ; 0.081      ; 0.669      ;
; 0.402 ; lcd_controller:lcd_ctl0|reg_indice[1]               ; lcd_controller:lcd_ctl0|reg_indice[1]               ; clk          ; clk         ; 0.000        ; 0.081      ; 0.669      ;
; 0.402 ; lcd_controller:lcd_ctl0|reg_indice[2]               ; lcd_controller:lcd_ctl0|reg_indice[2]               ; clk          ; clk         ; 0.000        ; 0.081      ; 0.669      ;
; 0.402 ; cpu:cpu0|control_unit:cu0|state.IDLE                ; cpu:cpu0|control_unit:cu0|state.IDLE                ; clk          ; clk         ; 0.000        ; 0.081      ; 0.669      ;
; 0.402 ; cpu:cpu0|control_unit:cu0|state.OFF                 ; cpu:cpu0|control_unit:cu0|state.OFF                 ; clk          ; clk         ; 0.000        ; 0.081      ; 0.669      ;
; 0.402 ; button_handler:btn0|btn_stable                      ; button_handler:btn0|btn_stable                      ; clk          ; clk         ; 0.000        ; 0.081      ; 0.669      ;
; 0.407 ; lcd_controller:lcd_ctl0|reg_indice[0]               ; lcd_controller:lcd_ctl0|reg_indice[0]               ; clk          ; clk         ; 0.000        ; 0.081      ; 0.674      ;
; 0.418 ; lcd_controller:lcd_ctl0|cnt_espera[16]              ; lcd_controller:lcd_ctl0|cnt_espera[16]              ; clk          ; clk         ; 0.000        ; 0.098      ; 0.702      ;
; 0.420 ; button_handler:btn1|btn_stable_prev                 ; button_handler:btn1|pulse_out                       ; clk          ; clk         ; 0.000        ; 0.082      ; 0.688      ;
; 0.443 ; button_handler:btn0|btn_stable                      ; button_handler:btn0|pulse_out                       ; clk          ; clk         ; 0.000        ; 0.081      ; 0.710      ;
; 0.444 ; button_handler:btn0|btn_stable                      ; button_handler:btn0|btn_stable_prev                 ; clk          ; clk         ; 0.000        ; 0.081      ; 0.711      ;
; 0.491 ; lcd_controller:lcd_ctl0|reg_indice[0]               ; lcd_controller:lcd_ctl0|reg_indice[1]               ; clk          ; clk         ; 0.000        ; 0.081      ; 0.758      ;
; 0.545 ; button_handler:btn0|btn_stable_prev                 ; button_handler:btn0|pulse_out                       ; clk          ; clk         ; 0.000        ; 0.081      ; 0.812      ;
; 0.569 ; button_handler:btn1|btn_stable                      ; button_handler:btn1|pulse_out                       ; clk          ; clk         ; 0.000        ; 0.082      ; 0.837      ;
; 0.588 ; button_handler:btn1|sync_1                          ; button_handler:btn1|btn_stable                      ; clk          ; clk         ; 0.000        ; 0.082      ; 0.856      ;
; 0.613 ; button_handler:btn1|btn_stable                      ; button_handler:btn1|btn_stable_prev                 ; clk          ; clk         ; 0.000        ; 0.082      ; 0.881      ;
; 0.623 ; lcd_controller:lcd_ctl0|cnt_espera[11]              ; lcd_controller:lcd_ctl0|cnt_espera[11]              ; clk          ; clk         ; 0.000        ; 0.098      ; 0.907      ;
; 0.624 ; lcd_controller:lcd_ctl0|cnt_espera[13]              ; lcd_controller:lcd_ctl0|cnt_espera[13]              ; clk          ; clk         ; 0.000        ; 0.098      ; 0.908      ;
; 0.626 ; cpu:cpu0|control_unit:cu0|src0[1]                   ; cpu:cpu0|control_unit:cu0|src0[1]                   ; clk          ; clk         ; 0.000        ; 0.082      ; 0.894      ;
; 0.627 ; cpu:cpu0|control_unit:cu0|src0[2]                   ; cpu:cpu0|control_unit:cu0|src0[2]                   ; clk          ; clk         ; 0.000        ; 0.081      ; 0.894      ;
; 0.627 ; cpu:cpu0|control_unit:cu0|src0[3]                   ; cpu:cpu0|control_unit:cu0|src0[3]                   ; clk          ; clk         ; 0.000        ; 0.081      ; 0.894      ;
; 0.627 ; cpu:cpu0|control_unit:cu0|instruction[12]           ; cpu:cpu0|control_unit:cu0|instruction[12]           ; clk          ; clk         ; 0.000        ; 0.081      ; 0.894      ;
; 0.628 ; lcd_controller:lcd_ctl0|cnt_espera[10]              ; lcd_controller:lcd_ctl0|cnt_espera[10]              ; clk          ; clk         ; 0.000        ; 0.098      ; 0.912      ;
; 0.628 ; cpu:cpu0|control_unit:cu0|instruction[9]            ; cpu:cpu0|control_unit:cu0|instruction[9]            ; clk          ; clk         ; 0.000        ; 0.081      ; 0.895      ;
; 0.628 ; cpu:cpu0|control_unit:cu0|instruction[5]            ; cpu:cpu0|control_unit:cu0|instruction[5]            ; clk          ; clk         ; 0.000        ; 0.082      ; 0.896      ;
; 0.628 ; cpu:cpu0|control_unit:cu0|instruction[15]           ; cpu:cpu0|control_unit:cu0|instruction[15]           ; clk          ; clk         ; 0.000        ; 0.081      ; 0.895      ;
; 0.629 ; lcd_controller:lcd_ctl0|cnt_espera[7]               ; lcd_controller:lcd_ctl0|cnt_espera[7]               ; clk          ; clk         ; 0.000        ; 0.098      ; 0.913      ;
; 0.629 ; lcd_controller:lcd_ctl0|cnt_espera[12]              ; lcd_controller:lcd_ctl0|cnt_espera[12]              ; clk          ; clk         ; 0.000        ; 0.098      ; 0.913      ;
; 0.629 ; cpu:cpu0|control_unit:cu0|instruction[8]            ; cpu:cpu0|control_unit:cu0|instruction[8]            ; clk          ; clk         ; 0.000        ; 0.081      ; 0.896      ;
; 0.630 ; lcd_controller:lcd_ctl0|cnt_espera[5]               ; lcd_controller:lcd_ctl0|cnt_espera[5]               ; clk          ; clk         ; 0.000        ; 0.098      ; 0.914      ;
; 0.632 ; lcd_controller:lcd_ctl0|cnt_espera[9]               ; lcd_controller:lcd_ctl0|cnt_espera[9]               ; clk          ; clk         ; 0.000        ; 0.098      ; 0.916      ;
; 0.634 ; cpu:cpu0|control_unit:cu0|imm[1]                    ; cpu:cpu0|control_unit:cu0|imm[1]                    ; clk          ; clk         ; 0.000        ; 0.081      ; 0.901      ;
; 0.634 ; lcd_controller:lcd_ctl0|cnt_espera[14]              ; lcd_controller:lcd_ctl0|cnt_espera[14]              ; clk          ; clk         ; 0.000        ; 0.098      ; 0.918      ;
; 0.634 ; lcd_controller:lcd_ctl0|cnt_espera[6]               ; lcd_controller:lcd_ctl0|cnt_espera[6]               ; clk          ; clk         ; 0.000        ; 0.098      ; 0.918      ;
; 0.634 ; cpu:cpu0|control_unit:cu0|imm[4]                    ; cpu:cpu0|control_unit:cu0|imm[4]                    ; clk          ; clk         ; 0.000        ; 0.082      ; 0.902      ;
; 0.634 ; cpu:cpu0|control_unit:cu0|instruction[1]            ; cpu:cpu0|control_unit:cu0|instruction[1]            ; clk          ; clk         ; 0.000        ; 0.081      ; 0.901      ;
; 0.636 ; lcd_controller:lcd_ctl0|cnt_espera[15]              ; lcd_controller:lcd_ctl0|cnt_espera[15]              ; clk          ; clk         ; 0.000        ; 0.098      ; 0.920      ;
; 0.636 ; cpu:cpu0|control_unit:cu0|dst[0]                    ; cpu:cpu0|control_unit:cu0|dst[0]                    ; clk          ; clk         ; 0.000        ; 0.081      ; 0.903      ;
; 0.639 ; button_handler:btn0|sync_1                          ; button_handler:btn0|btn_stable                      ; clk          ; clk         ; 0.000        ; 0.081      ; 0.906      ;
; 0.643 ; lcd_controller:lcd_ctl0|cnt_espera[4]               ; lcd_controller:lcd_ctl0|cnt_espera[4]               ; clk          ; clk         ; 0.000        ; 0.098      ; 0.927      ;
; 0.645 ; lcd_controller:lcd_ctl0|cnt_espera[2]               ; lcd_controller:lcd_ctl0|cnt_espera[2]               ; clk          ; clk         ; 0.000        ; 0.098      ; 0.929      ;
; 0.649 ; lcd_controller:lcd_ctl0|cnt_espera[8]               ; lcd_controller:lcd_ctl0|cnt_espera[8]               ; clk          ; clk         ; 0.000        ; 0.098      ; 0.933      ;
; 0.650 ; cpu:cpu0|control_unit:cu0|imm[5]                    ; cpu:cpu0|control_unit:cu0|imm[5]                    ; clk          ; clk         ; 0.000        ; 0.081      ; 0.917      ;
; 0.651 ; cpu:cpu0|control_unit:cu0|src0[0]                   ; cpu:cpu0|control_unit:cu0|src0[0]                   ; clk          ; clk         ; 0.000        ; 0.081      ; 0.918      ;
; 0.651 ; cpu:cpu0|control_unit:cu0|instruction[14]           ; cpu:cpu0|control_unit:cu0|instruction[14]           ; clk          ; clk         ; 0.000        ; 0.081      ; 0.918      ;
; 0.653 ; lcd_controller:lcd_ctl0|cnt_espera[3]               ; lcd_controller:lcd_ctl0|cnt_espera[3]               ; clk          ; clk         ; 0.000        ; 0.098      ; 0.937      ;
; 0.653 ; cpu:cpu0|control_unit:cu0|opcode[2]                 ; lcd_controller:lcd_ctl0|linha1[0][3]                ; clk          ; clk         ; 0.000        ; 0.550      ; 1.389      ;
; 0.654 ; button_handler:btn0|counter[3]                      ; button_handler:btn0|counter[3]                      ; clk          ; clk         ; 0.000        ; 0.081      ; 0.921      ;
; 0.654 ; button_handler:btn0|counter[5]                      ; button_handler:btn0|counter[5]                      ; clk          ; clk         ; 0.000        ; 0.081      ; 0.921      ;
; 0.654 ; button_handler:btn0|counter[13]                     ; button_handler:btn0|counter[13]                     ; clk          ; clk         ; 0.000        ; 0.081      ; 0.921      ;
; 0.654 ; button_handler:btn0|counter[15]                     ; button_handler:btn0|counter[15]                     ; clk          ; clk         ; 0.000        ; 0.081      ; 0.921      ;
; 0.654 ; button_handler:btn1|counter[3]                      ; button_handler:btn1|counter[3]                      ; clk          ; clk         ; 0.000        ; 0.081      ; 0.921      ;
; 0.654 ; button_handler:btn1|counter[5]                      ; button_handler:btn1|counter[5]                      ; clk          ; clk         ; 0.000        ; 0.081      ; 0.921      ;
; 0.654 ; button_handler:btn1|counter[13]                     ; button_handler:btn1|counter[13]                     ; clk          ; clk         ; 0.000        ; 0.081      ; 0.921      ;
; 0.654 ; button_handler:btn1|counter[15]                     ; button_handler:btn1|counter[15]                     ; clk          ; clk         ; 0.000        ; 0.081      ; 0.921      ;
; 0.654 ; button_handler:btn1|counter[19]                     ; button_handler:btn1|counter[19]                     ; clk          ; clk         ; 0.000        ; 0.082      ; 0.922      ;
; 0.654 ; button_handler:btn1|counter[21]                     ; button_handler:btn1|counter[21]                     ; clk          ; clk         ; 0.000        ; 0.082      ; 0.922      ;
; 0.654 ; button_handler:btn1|counter[29]                     ; button_handler:btn1|counter[29]                     ; clk          ; clk         ; 0.000        ; 0.082      ; 0.922      ;
; 0.655 ; cpu:cpu0|control_unit:cu0|opcode[2]                 ; lcd_controller:lcd_ctl0|linha1[3][3]                ; clk          ; clk         ; 0.000        ; 0.550      ; 1.391      ;
; 0.655 ; button_handler:btn0|counter[1]                      ; button_handler:btn0|counter[1]                      ; clk          ; clk         ; 0.000        ; 0.081      ; 0.922      ;
; 0.655 ; button_handler:btn0|counter[11]                     ; button_handler:btn0|counter[11]                     ; clk          ; clk         ; 0.000        ; 0.081      ; 0.922      ;
; 0.655 ; button_handler:btn0|counter[19]                     ; button_handler:btn0|counter[19]                     ; clk          ; clk         ; 0.000        ; 0.081      ; 0.922      ;
; 0.655 ; button_handler:btn0|counter[21]                     ; button_handler:btn0|counter[21]                     ; clk          ; clk         ; 0.000        ; 0.081      ; 0.922      ;
; 0.655 ; button_handler:btn0|counter[29]                     ; button_handler:btn0|counter[29]                     ; clk          ; clk         ; 0.000        ; 0.081      ; 0.922      ;
; 0.655 ; button_handler:btn1|counter[1]                      ; button_handler:btn1|counter[1]                      ; clk          ; clk         ; 0.000        ; 0.081      ; 0.922      ;
; 0.655 ; button_handler:btn1|counter[11]                     ; button_handler:btn1|counter[11]                     ; clk          ; clk         ; 0.000        ; 0.081      ; 0.922      ;
; 0.655 ; button_handler:btn1|counter[17]                     ; button_handler:btn1|counter[17]                     ; clk          ; clk         ; 0.000        ; 0.082      ; 0.923      ;
; 0.655 ; button_handler:btn1|counter[27]                     ; button_handler:btn1|counter[27]                     ; clk          ; clk         ; 0.000        ; 0.082      ; 0.923      ;
; 0.656 ; cpu:cpu0|control_unit:cu0|imm[2]                    ; cpu:cpu0|control_unit:cu0|imm[2]                    ; clk          ; clk         ; 0.000        ; 0.081      ; 0.923      ;
; 0.656 ; cpu:cpu0|control_unit:cu0|opcode[2]                 ; lcd_controller:lcd_ctl0|linha1[1][3]                ; clk          ; clk         ; 0.000        ; 0.550      ; 1.392      ;
; 0.656 ; button_handler:btn0|counter[17]                     ; button_handler:btn0|counter[17]                     ; clk          ; clk         ; 0.000        ; 0.081      ; 0.923      ;
; 0.656 ; button_handler:btn0|counter[27]                     ; button_handler:btn0|counter[27]                     ; clk          ; clk         ; 0.000        ; 0.081      ; 0.923      ;
; 0.656 ; button_handler:btn1|counter[22]                     ; button_handler:btn1|counter[22]                     ; clk          ; clk         ; 0.000        ; 0.082      ; 0.924      ;
; 0.656 ; button_handler:btn1|counter[31]                     ; button_handler:btn1|counter[31]                     ; clk          ; clk         ; 0.000        ; 0.082      ; 0.924      ;
; 0.657 ; cpu:cpu0|control_unit:cu0|dst[3]                    ; cpu:cpu0|control_unit:cu0|dst[3]                    ; clk          ; clk         ; 0.000        ; 0.081      ; 0.924      ;
; 0.657 ; cpu:cpu0|control_unit:cu0|src1[1]                   ; cpu:cpu0|control_unit:cu0|src1[1]                   ; clk          ; clk         ; 0.000        ; 0.081      ; 0.924      ;
; 0.657 ; button_handler:btn0|counter[6]                      ; button_handler:btn0|counter[6]                      ; clk          ; clk         ; 0.000        ; 0.081      ; 0.924      ;
; 0.657 ; button_handler:btn0|counter[7]                      ; button_handler:btn0|counter[7]                      ; clk          ; clk         ; 0.000        ; 0.081      ; 0.924      ;
; 0.657 ; button_handler:btn0|counter[9]                      ; button_handler:btn0|counter[9]                      ; clk          ; clk         ; 0.000        ; 0.081      ; 0.924      ;
; 0.657 ; button_handler:btn0|counter[22]                     ; button_handler:btn0|counter[22]                     ; clk          ; clk         ; 0.000        ; 0.081      ; 0.924      ;
; 0.657 ; button_handler:btn0|counter[31]                     ; button_handler:btn0|counter[31]                     ; clk          ; clk         ; 0.000        ; 0.081      ; 0.924      ;
; 0.657 ; button_handler:btn1|counter[6]                      ; button_handler:btn1|counter[6]                      ; clk          ; clk         ; 0.000        ; 0.081      ; 0.924      ;
; 0.657 ; button_handler:btn1|counter[7]                      ; button_handler:btn1|counter[7]                      ; clk          ; clk         ; 0.000        ; 0.081      ; 0.924      ;
; 0.657 ; button_handler:btn1|counter[9]                      ; button_handler:btn1|counter[9]                      ; clk          ; clk         ; 0.000        ; 0.081      ; 0.924      ;
; 0.657 ; button_handler:btn1|counter[23]                     ; button_handler:btn1|counter[23]                     ; clk          ; clk         ; 0.000        ; 0.082      ; 0.925      ;
; 0.657 ; button_handler:btn1|counter[25]                     ; button_handler:btn1|counter[25]                     ; clk          ; clk         ; 0.000        ; 0.082      ; 0.925      ;
; 0.658 ; cpu:cpu0|control_unit:cu0|imm[0]                    ; cpu:cpu0|control_unit:cu0|imm[0]                    ; clk          ; clk         ; 0.000        ; 0.081      ; 0.925      ;
; 0.658 ; button_handler:btn0|counter[23]                     ; button_handler:btn0|counter[23]                     ; clk          ; clk         ; 0.000        ; 0.081      ; 0.925      ;
; 0.658 ; button_handler:btn0|counter[25]                     ; button_handler:btn0|counter[25]                     ; clk          ; clk         ; 0.000        ; 0.081      ; 0.925      ;
; 0.658 ; button_handler:btn1|counter[16]                     ; button_handler:btn1|counter[16]                     ; clk          ; clk         ; 0.000        ; 0.082      ; 0.926      ;
+-------+-----------------------------------------------------+-----------------------------------------------------+--------------+-------------+--------------+------------+------------+


+--------------------------------------------------------------------------------------------------------------------------------------------------------------------------+
; Slow 1200mV 85C Model Recovery: 'clk'                                                                                                                                    ;
+--------+-------------------------------------+-----------------------------------------------------+--------------+-------------+--------------+------------+------------+
; Slack  ; From Node                           ; To Node                                             ; Launch Clock ; Latch Clock ; Relationship ; Clock Skew ; Data Delay ;
+--------+-------------------------------------+-----------------------------------------------------+--------------+-------------+--------------+------------+------------+
; -1.130 ; cpu:cpu0|control_unit:cu0|state.OFF ; lcd_controller:lcd_ctl0|linha2[0][1]                ; clk          ; clk         ; 1.000        ; -0.119     ; 2.009      ;
; -1.130 ; cpu:cpu0|control_unit:cu0|state.OFF ; lcd_controller:lcd_ctl0|linha2[0][2]                ; clk          ; clk         ; 1.000        ; -0.119     ; 2.009      ;
; -1.130 ; cpu:cpu0|control_unit:cu0|state.OFF ; lcd_controller:lcd_ctl0|reg_indice[3]               ; clk          ; clk         ; 1.000        ; -0.119     ; 2.009      ;
; -1.130 ; cpu:cpu0|control_unit:cu0|state.OFF ; lcd_controller:lcd_ctl0|reg_indice[2]               ; clk          ; clk         ; 1.000        ; -0.119     ; 2.009      ;
; -1.130 ; cpu:cpu0|control_unit:cu0|state.OFF ; lcd_controller:lcd_ctl0|reg_indice[1]               ; clk          ; clk         ; 1.000        ; -0.119     ; 2.009      ;
; -1.130 ; cpu:cpu0|control_unit:cu0|state.OFF ; lcd_controller:lcd_ctl0|reg_indice[0]               ; clk          ; clk         ; 1.000        ; -0.119     ; 2.009      ;
; -0.935 ; cpu:cpu0|control_unit:cu0|state.OFF ; lcd_controller:lcd_ctl0|linha2[3][0]                ; clk          ; clk         ; 1.000        ; 0.307      ; 2.240      ;
; -0.935 ; cpu:cpu0|control_unit:cu0|state.OFF ; lcd_controller:lcd_ctl0|linha2[4][1]                ; clk          ; clk         ; 1.000        ; 0.307      ; 2.240      ;
; -0.935 ; cpu:cpu0|control_unit:cu0|state.OFF ; lcd_controller:lcd_ctl0|linha2[4][2]                ; clk          ; clk         ; 1.000        ; 0.307      ; 2.240      ;
; -0.935 ; cpu:cpu0|control_unit:cu0|state.OFF ; lcd_controller:lcd_ctl0|linha2[4][3]                ; clk          ; clk         ; 1.000        ; 0.307      ; 2.240      ;
; -0.935 ; cpu:cpu0|control_unit:cu0|state.OFF ; lcd_controller:lcd_ctl0|linha1[7][0]                ; clk          ; clk         ; 1.000        ; 0.307      ; 2.240      ;
; -0.935 ; cpu:cpu0|control_unit:cu0|state.OFF ; lcd_controller:lcd_ctl0|linha1[2][3]                ; clk          ; clk         ; 1.000        ; 0.307      ; 2.240      ;
; -0.935 ; cpu:cpu0|control_unit:cu0|state.OFF ; lcd_controller:lcd_ctl0|linha1[9][4]                ; clk          ; clk         ; 1.000        ; 0.307      ; 2.240      ;
; -0.925 ; cpu:cpu0|control_unit:cu0|state.OFF ; lcd_controller:lcd_ctl0|linha2[5][0]                ; clk          ; clk         ; 1.000        ; 0.306      ; 2.229      ;
; -0.822 ; cpu:cpu0|control_unit:cu0|state.OFF ; lcd_controller:lcd_ctl0|linha2[4][0]                ; clk          ; clk         ; 1.000        ; 0.334      ; 2.154      ;
; -0.822 ; cpu:cpu0|control_unit:cu0|state.OFF ; lcd_controller:lcd_ctl0|linha2[5][1]                ; clk          ; clk         ; 1.000        ; 0.334      ; 2.154      ;
; -0.822 ; cpu:cpu0|control_unit:cu0|state.OFF ; lcd_controller:lcd_ctl0|linha2[5][2]                ; clk          ; clk         ; 1.000        ; 0.334      ; 2.154      ;
; -0.822 ; cpu:cpu0|control_unit:cu0|state.OFF ; lcd_controller:lcd_ctl0|linha2[5][3]                ; clk          ; clk         ; 1.000        ; 0.334      ; 2.154      ;
; -0.757 ; cpu:cpu0|control_unit:cu0|state.OFF ; lcd_controller:lcd_ctl0|cnt_espera[7]               ; clk          ; clk         ; 1.000        ; 0.293      ; 2.048      ;
; -0.757 ; cpu:cpu0|control_unit:cu0|state.OFF ; lcd_controller:lcd_ctl0|cnt_espera[6]               ; clk          ; clk         ; 1.000        ; 0.293      ; 2.048      ;
; -0.757 ; cpu:cpu0|control_unit:cu0|state.OFF ; lcd_controller:lcd_ctl0|cnt_espera[5]               ; clk          ; clk         ; 1.000        ; 0.293      ; 2.048      ;
; -0.757 ; cpu:cpu0|control_unit:cu0|state.OFF ; lcd_controller:lcd_ctl0|cnt_espera[4]               ; clk          ; clk         ; 1.000        ; 0.293      ; 2.048      ;
; -0.757 ; cpu:cpu0|control_unit:cu0|state.OFF ; lcd_controller:lcd_ctl0|cnt_espera[3]               ; clk          ; clk         ; 1.000        ; 0.293      ; 2.048      ;
; -0.757 ; cpu:cpu0|control_unit:cu0|state.OFF ; lcd_controller:lcd_ctl0|cnt_espera[2]               ; clk          ; clk         ; 1.000        ; 0.293      ; 2.048      ;
; -0.757 ; cpu:cpu0|control_unit:cu0|state.OFF ; lcd_controller:lcd_ctl0|cnt_espera[1]               ; clk          ; clk         ; 1.000        ; 0.293      ; 2.048      ;
; -0.757 ; cpu:cpu0|control_unit:cu0|state.OFF ; lcd_controller:lcd_ctl0|cnt_espera[0]               ; clk          ; clk         ; 1.000        ; 0.293      ; 2.048      ;
; -0.751 ; cpu:cpu0|control_unit:cu0|state.OFF ; lcd_controller:lcd_ctl0|estado_atual.EST_INIT_3     ; clk          ; clk         ; 1.000        ; 0.295      ; 2.044      ;
; -0.751 ; cpu:cpu0|control_unit:cu0|state.OFF ; lcd_controller:lcd_ctl0|estado_atual.EST_ESCREVE_L2 ; clk          ; clk         ; 1.000        ; 0.295      ; 2.044      ;
; -0.751 ; cpu:cpu0|control_unit:cu0|state.OFF ; lcd_controller:lcd_ctl0|estado_atual.EST_LINHA2_POS ; clk          ; clk         ; 1.000        ; 0.295      ; 2.044      ;
; -0.728 ; cpu:cpu0|control_unit:cu0|state.OFF ; lcd_controller:lcd_ctl0|cnt_espera[10]              ; clk          ; clk         ; 1.000        ; 0.294      ; 2.020      ;
; -0.728 ; cpu:cpu0|control_unit:cu0|state.OFF ; lcd_controller:lcd_ctl0|cnt_espera[16]              ; clk          ; clk         ; 1.000        ; 0.294      ; 2.020      ;
; -0.728 ; cpu:cpu0|control_unit:cu0|state.OFF ; lcd_controller:lcd_ctl0|cnt_espera[15]              ; clk          ; clk         ; 1.000        ; 0.294      ; 2.020      ;
; -0.728 ; cpu:cpu0|control_unit:cu0|state.OFF ; lcd_controller:lcd_ctl0|cnt_espera[14]              ; clk          ; clk         ; 1.000        ; 0.294      ; 2.020      ;
; -0.728 ; cpu:cpu0|control_unit:cu0|state.OFF ; lcd_controller:lcd_ctl0|cnt_espera[13]              ; clk          ; clk         ; 1.000        ; 0.294      ; 2.020      ;
; -0.728 ; cpu:cpu0|control_unit:cu0|state.OFF ; lcd_controller:lcd_ctl0|cnt_espera[12]              ; clk          ; clk         ; 1.000        ; 0.294      ; 2.020      ;
; -0.728 ; cpu:cpu0|control_unit:cu0|state.OFF ; lcd_controller:lcd_ctl0|cnt_espera[11]              ; clk          ; clk         ; 1.000        ; 0.294      ; 2.020      ;
; -0.728 ; cpu:cpu0|control_unit:cu0|state.OFF ; lcd_controller:lcd_ctl0|cnt_espera[9]               ; clk          ; clk         ; 1.000        ; 0.294      ; 2.020      ;
; -0.728 ; cpu:cpu0|control_unit:cu0|state.OFF ; lcd_controller:lcd_ctl0|cnt_espera[8]               ; clk          ; clk         ; 1.000        ; 0.294      ; 2.020      ;
; -0.724 ; cpu:cpu0|control_unit:cu0|state.OFF ; lcd_controller:lcd_ctl0|estado_atual.EST_OCIOSO     ; clk          ; clk         ; 1.000        ; 0.296      ; 2.018      ;
; -0.724 ; cpu:cpu0|control_unit:cu0|state.OFF ; lcd_controller:lcd_ctl0|estado_atual.EST_INIT_4     ; clk          ; clk         ; 1.000        ; 0.296      ; 2.018      ;
; -0.724 ; cpu:cpu0|control_unit:cu0|state.OFF ; lcd_controller:lcd_ctl0|estado_atual.EST_INIT_2     ; clk          ; clk         ; 1.000        ; 0.296      ; 2.018      ;
; -0.724 ; cpu:cpu0|control_unit:cu0|state.OFF ; lcd_controller:lcd_ctl0|estado_atual.EST_INIT_1     ; clk          ; clk         ; 1.000        ; 0.296      ; 2.018      ;
; -0.724 ; cpu:cpu0|control_unit:cu0|state.OFF ; lcd_controller:lcd_ctl0|estado_atual.EST_ESCREVE_L1 ; clk          ; clk         ; 1.000        ; 0.296      ; 2.018      ;
; -0.724 ; cpu:cpu0|control_unit:cu0|state.OFF ; lcd_controller:lcd_ctl0|estado_atual.EST_LINHA1_POS ; clk          ; clk         ; 1.000        ; 0.296      ; 2.018      ;
; -0.724 ; cpu:cpu0|control_unit:cu0|state.OFF ; lcd_controller:lcd_ctl0|estado_atual.EST_ESPERA_CPU ; clk          ; clk         ; 1.000        ; 0.296      ; 2.018      ;
; -0.706 ; cpu:cpu0|control_unit:cu0|state.OFF ; lcd_controller:lcd_ctl0|linha1[9][0]                ; clk          ; clk         ; 1.000        ; -0.082     ; 1.622      ;
; -0.706 ; cpu:cpu0|control_unit:cu0|state.OFF ; lcd_controller:lcd_ctl0|linha1[8][0]                ; clk          ; clk         ; 1.000        ; -0.082     ; 1.622      ;
; -0.706 ; cpu:cpu0|control_unit:cu0|state.OFF ; lcd_controller:lcd_ctl0|linha1[3][6]                ; clk          ; clk         ; 1.000        ; -0.082     ; 1.622      ;
; -0.706 ; cpu:cpu0|control_unit:cu0|state.OFF ; lcd_controller:lcd_ctl0|linha1[0][2]                ; clk          ; clk         ; 1.000        ; -0.082     ; 1.622      ;
; -0.706 ; cpu:cpu0|control_unit:cu0|state.OFF ; lcd_controller:lcd_ctl0|linha1[2][2]                ; clk          ; clk         ; 1.000        ; -0.082     ; 1.622      ;
; -0.706 ; cpu:cpu0|control_unit:cu0|state.OFF ; lcd_controller:lcd_ctl0|linha1[0][1]                ; clk          ; clk         ; 1.000        ; -0.082     ; 1.622      ;
; -0.706 ; cpu:cpu0|control_unit:cu0|state.OFF ; lcd_controller:lcd_ctl0|linha1[0][0]                ; clk          ; clk         ; 1.000        ; -0.082     ; 1.622      ;
; -0.706 ; cpu:cpu0|control_unit:cu0|state.OFF ; lcd_controller:lcd_ctl0|linha1[1][0]                ; clk          ; clk         ; 1.000        ; -0.082     ; 1.622      ;
; -0.706 ; cpu:cpu0|control_unit:cu0|state.OFF ; lcd_controller:lcd_ctl0|linha1[1][1]                ; clk          ; clk         ; 1.000        ; -0.082     ; 1.622      ;
; -0.706 ; cpu:cpu0|control_unit:cu0|state.OFF ; lcd_controller:lcd_ctl0|linha1[0][4]                ; clk          ; clk         ; 1.000        ; -0.082     ; 1.622      ;
; -0.706 ; cpu:cpu0|control_unit:cu0|state.OFF ; lcd_controller:lcd_ctl0|linha1[1][2]                ; clk          ; clk         ; 1.000        ; -0.082     ; 1.622      ;
; -0.706 ; cpu:cpu0|control_unit:cu0|state.OFF ; lcd_controller:lcd_ctl0|linha1[2][4]                ; clk          ; clk         ; 1.000        ; -0.082     ; 1.622      ;
; -0.705 ; cpu:cpu0|control_unit:cu0|state.OFF ; lcd_controller:lcd_ctl0|linha1[10][0]               ; clk          ; clk         ; 1.000        ; 0.308      ; 2.011      ;
; -0.526 ; cpu:cpu0|control_unit:cu0|state.OFF ; lcd_controller:lcd_ctl0|linha2[1][0]                ; clk          ; clk         ; 1.000        ; 0.365      ; 1.889      ;
; -0.526 ; cpu:cpu0|control_unit:cu0|state.OFF ; lcd_controller:lcd_ctl0|linha2[2][1]                ; clk          ; clk         ; 1.000        ; 0.365      ; 1.889      ;
; -0.526 ; cpu:cpu0|control_unit:cu0|state.OFF ; lcd_controller:lcd_ctl0|linha2[2][2]                ; clk          ; clk         ; 1.000        ; 0.365      ; 1.889      ;
; -0.526 ; cpu:cpu0|control_unit:cu0|state.OFF ; lcd_controller:lcd_ctl0|linha2[2][3]                ; clk          ; clk         ; 1.000        ; 0.365      ; 1.889      ;
; -0.526 ; cpu:cpu0|control_unit:cu0|state.OFF ; lcd_controller:lcd_ctl0|linha2[1][1]                ; clk          ; clk         ; 1.000        ; 0.365      ; 1.889      ;
; -0.526 ; cpu:cpu0|control_unit:cu0|state.OFF ; lcd_controller:lcd_ctl0|linha2[1][2]                ; clk          ; clk         ; 1.000        ; 0.365      ; 1.889      ;
; -0.526 ; cpu:cpu0|control_unit:cu0|state.OFF ; lcd_controller:lcd_ctl0|linha2[1][3]                ; clk          ; clk         ; 1.000        ; 0.365      ; 1.889      ;
; -0.318 ; cpu:cpu0|control_unit:cu0|state.OFF ; lcd_controller:lcd_ctl0|linha2[2][0]                ; clk          ; clk         ; 1.000        ; 0.363      ; 1.679      ;
; -0.318 ; cpu:cpu0|control_unit:cu0|state.OFF ; lcd_controller:lcd_ctl0|linha2[3][1]                ; clk          ; clk         ; 1.000        ; 0.363      ; 1.679      ;
; -0.318 ; cpu:cpu0|control_unit:cu0|state.OFF ; lcd_controller:lcd_ctl0|linha2[3][2]                ; clk          ; clk         ; 1.000        ; 0.363      ; 1.679      ;
; -0.318 ; cpu:cpu0|control_unit:cu0|state.OFF ; lcd_controller:lcd_ctl0|linha2[3][3]                ; clk          ; clk         ; 1.000        ; 0.363      ; 1.679      ;
; -0.318 ; cpu:cpu0|control_unit:cu0|state.OFF ; lcd_controller:lcd_ctl0|linha1[1][4]                ; clk          ; clk         ; 1.000        ; 0.363      ; 1.679      ;
; -0.318 ; cpu:cpu0|control_unit:cu0|state.OFF ; lcd_controller:lcd_ctl0|linha1[0][3]                ; clk          ; clk         ; 1.000        ; 0.363      ; 1.679      ;
; -0.318 ; cpu:cpu0|control_unit:cu0|state.OFF ; lcd_controller:lcd_ctl0|linha1[1][3]                ; clk          ; clk         ; 1.000        ; 0.363      ; 1.679      ;
; -0.318 ; cpu:cpu0|control_unit:cu0|state.OFF ; lcd_controller:lcd_ctl0|linha1[3][3]                ; clk          ; clk         ; 1.000        ; 0.363      ; 1.679      ;
+--------+-------------------------------------+-----------------------------------------------------+--------------+-------------+--------------+------------+------------+


+-------------------------------------------------------------------------------------------------------------------------------------------------------------------------+
; Slow 1200mV 85C Model Removal: 'clk'                                                                                                                                    ;
+-------+-------------------------------------+-----------------------------------------------------+--------------+-------------+--------------+------------+------------+
; Slack ; From Node                           ; To Node                                             ; Launch Clock ; Latch Clock ; Relationship ; Clock Skew ; Data Delay ;
+-------+-------------------------------------+-----------------------------------------------------+--------------+-------------+--------------+------------+------------+
; 0.797 ; cpu:cpu0|control_unit:cu0|state.OFF ; lcd_controller:lcd_ctl0|linha2[2][0]                ; clk          ; clk         ; 0.000        ; 0.544      ; 1.527      ;
; 0.797 ; cpu:cpu0|control_unit:cu0|state.OFF ; lcd_controller:lcd_ctl0|linha2[3][1]                ; clk          ; clk         ; 0.000        ; 0.544      ; 1.527      ;
; 0.797 ; cpu:cpu0|control_unit:cu0|state.OFF ; lcd_controller:lcd_ctl0|linha2[3][2]                ; clk          ; clk         ; 0.000        ; 0.544      ; 1.527      ;
; 0.797 ; cpu:cpu0|control_unit:cu0|state.OFF ; lcd_controller:lcd_ctl0|linha2[3][3]                ; clk          ; clk         ; 0.000        ; 0.544      ; 1.527      ;
; 0.797 ; cpu:cpu0|control_unit:cu0|state.OFF ; lcd_controller:lcd_ctl0|linha1[1][4]                ; clk          ; clk         ; 0.000        ; 0.544      ; 1.527      ;
; 0.797 ; cpu:cpu0|control_unit:cu0|state.OFF ; lcd_controller:lcd_ctl0|linha1[0][3]                ; clk          ; clk         ; 0.000        ; 0.544      ; 1.527      ;
; 0.797 ; cpu:cpu0|control_unit:cu0|state.OFF ; lcd_controller:lcd_ctl0|linha1[1][3]                ; clk          ; clk         ; 0.000        ; 0.544      ; 1.527      ;
; 0.797 ; cpu:cpu0|control_unit:cu0|state.OFF ; lcd_controller:lcd_ctl0|linha1[3][3]                ; clk          ; clk         ; 0.000        ; 0.544      ; 1.527      ;
; 1.031 ; cpu:cpu0|control_unit:cu0|state.OFF ; lcd_controller:lcd_ctl0|linha2[1][0]                ; clk          ; clk         ; 0.000        ; 0.546      ; 1.763      ;
; 1.031 ; cpu:cpu0|control_unit:cu0|state.OFF ; lcd_controller:lcd_ctl0|linha2[2][1]                ; clk          ; clk         ; 0.000        ; 0.546      ; 1.763      ;
; 1.031 ; cpu:cpu0|control_unit:cu0|state.OFF ; lcd_controller:lcd_ctl0|linha2[2][2]                ; clk          ; clk         ; 0.000        ; 0.546      ; 1.763      ;
; 1.031 ; cpu:cpu0|control_unit:cu0|state.OFF ; lcd_controller:lcd_ctl0|linha2[2][3]                ; clk          ; clk         ; 0.000        ; 0.546      ; 1.763      ;
; 1.031 ; cpu:cpu0|control_unit:cu0|state.OFF ; lcd_controller:lcd_ctl0|linha2[1][1]                ; clk          ; clk         ; 0.000        ; 0.546      ; 1.763      ;
; 1.031 ; cpu:cpu0|control_unit:cu0|state.OFF ; lcd_controller:lcd_ctl0|linha2[1][2]                ; clk          ; clk         ; 0.000        ; 0.546      ; 1.763      ;
; 1.031 ; cpu:cpu0|control_unit:cu0|state.OFF ; lcd_controller:lcd_ctl0|linha2[1][3]                ; clk          ; clk         ; 0.000        ; 0.546      ; 1.763      ;
; 1.140 ; cpu:cpu0|control_unit:cu0|state.OFF ; lcd_controller:lcd_ctl0|linha1[10][0]               ; clk          ; clk         ; 0.000        ; 0.536      ; 1.862      ;
; 1.140 ; cpu:cpu0|control_unit:cu0|state.OFF ; lcd_controller:lcd_ctl0|estado_atual.EST_OCIOSO     ; clk          ; clk         ; 0.000        ; 0.523      ; 1.849      ;
; 1.140 ; cpu:cpu0|control_unit:cu0|state.OFF ; lcd_controller:lcd_ctl0|estado_atual.EST_INIT_4     ; clk          ; clk         ; 0.000        ; 0.523      ; 1.849      ;
; 1.140 ; cpu:cpu0|control_unit:cu0|state.OFF ; lcd_controller:lcd_ctl0|estado_atual.EST_INIT_2     ; clk          ; clk         ; 0.000        ; 0.523      ; 1.849      ;
; 1.140 ; cpu:cpu0|control_unit:cu0|state.OFF ; lcd_controller:lcd_ctl0|estado_atual.EST_INIT_1     ; clk          ; clk         ; 0.000        ; 0.523      ; 1.849      ;
; 1.140 ; cpu:cpu0|control_unit:cu0|state.OFF ; lcd_controller:lcd_ctl0|estado_atual.EST_ESCREVE_L1 ; clk          ; clk         ; 0.000        ; 0.523      ; 1.849      ;
; 1.140 ; cpu:cpu0|control_unit:cu0|state.OFF ; lcd_controller:lcd_ctl0|estado_atual.EST_LINHA1_POS ; clk          ; clk         ; 0.000        ; 0.523      ; 1.849      ;
; 1.140 ; cpu:cpu0|control_unit:cu0|state.OFF ; lcd_controller:lcd_ctl0|estado_atual.EST_ESPERA_CPU ; clk          ; clk         ; 0.000        ; 0.523      ; 1.849      ;
; 1.142 ; cpu:cpu0|control_unit:cu0|state.OFF ; lcd_controller:lcd_ctl0|cnt_espera[10]              ; clk          ; clk         ; 0.000        ; 0.521      ; 1.849      ;
; 1.142 ; cpu:cpu0|control_unit:cu0|state.OFF ; lcd_controller:lcd_ctl0|cnt_espera[16]              ; clk          ; clk         ; 0.000        ; 0.521      ; 1.849      ;
; 1.142 ; cpu:cpu0|control_unit:cu0|state.OFF ; lcd_controller:lcd_ctl0|cnt_espera[15]              ; clk          ; clk         ; 0.000        ; 0.521      ; 1.849      ;
; 1.142 ; cpu:cpu0|control_unit:cu0|state.OFF ; lcd_controller:lcd_ctl0|cnt_espera[14]              ; clk          ; clk         ; 0.000        ; 0.521      ; 1.849      ;
; 1.142 ; cpu:cpu0|control_unit:cu0|state.OFF ; lcd_controller:lcd_ctl0|cnt_espera[13]              ; clk          ; clk         ; 0.000        ; 0.521      ; 1.849      ;
; 1.142 ; cpu:cpu0|control_unit:cu0|state.OFF ; lcd_controller:lcd_ctl0|cnt_espera[12]              ; clk          ; clk         ; 0.000        ; 0.521      ; 1.849      ;
; 1.142 ; cpu:cpu0|control_unit:cu0|state.OFF ; lcd_controller:lcd_ctl0|cnt_espera[11]              ; clk          ; clk         ; 0.000        ; 0.521      ; 1.849      ;
; 1.142 ; cpu:cpu0|control_unit:cu0|state.OFF ; lcd_controller:lcd_ctl0|cnt_espera[9]               ; clk          ; clk         ; 0.000        ; 0.521      ; 1.849      ;
; 1.142 ; cpu:cpu0|control_unit:cu0|state.OFF ; lcd_controller:lcd_ctl0|cnt_espera[8]               ; clk          ; clk         ; 0.000        ; 0.521      ; 1.849      ;
; 1.162 ; cpu:cpu0|control_unit:cu0|state.OFF ; lcd_controller:lcd_ctl0|estado_atual.EST_INIT_3     ; clk          ; clk         ; 0.000        ; 0.522      ; 1.870      ;
; 1.162 ; cpu:cpu0|control_unit:cu0|state.OFF ; lcd_controller:lcd_ctl0|estado_atual.EST_ESCREVE_L2 ; clk          ; clk         ; 0.000        ; 0.522      ; 1.870      ;
; 1.162 ; cpu:cpu0|control_unit:cu0|state.OFF ; lcd_controller:lcd_ctl0|estado_atual.EST_LINHA2_POS ; clk          ; clk         ; 0.000        ; 0.522      ; 1.870      ;
; 1.169 ; cpu:cpu0|control_unit:cu0|state.OFF ; lcd_controller:lcd_ctl0|cnt_espera[7]               ; clk          ; clk         ; 0.000        ; 0.520      ; 1.875      ;
; 1.169 ; cpu:cpu0|control_unit:cu0|state.OFF ; lcd_controller:lcd_ctl0|cnt_espera[6]               ; clk          ; clk         ; 0.000        ; 0.520      ; 1.875      ;
; 1.169 ; cpu:cpu0|control_unit:cu0|state.OFF ; lcd_controller:lcd_ctl0|cnt_espera[5]               ; clk          ; clk         ; 0.000        ; 0.520      ; 1.875      ;
; 1.169 ; cpu:cpu0|control_unit:cu0|state.OFF ; lcd_controller:lcd_ctl0|cnt_espera[4]               ; clk          ; clk         ; 0.000        ; 0.520      ; 1.875      ;
; 1.169 ; cpu:cpu0|control_unit:cu0|state.OFF ; lcd_controller:lcd_ctl0|cnt_espera[3]               ; clk          ; clk         ; 0.000        ; 0.520      ; 1.875      ;
; 1.169 ; cpu:cpu0|control_unit:cu0|state.OFF ; lcd_controller:lcd_ctl0|cnt_espera[2]               ; clk          ; clk         ; 0.000        ; 0.520      ; 1.875      ;
; 1.169 ; cpu:cpu0|control_unit:cu0|state.OFF ; lcd_controller:lcd_ctl0|cnt_espera[1]               ; clk          ; clk         ; 0.000        ; 0.520      ; 1.875      ;
; 1.169 ; cpu:cpu0|control_unit:cu0|state.OFF ; lcd_controller:lcd_ctl0|cnt_espera[0]               ; clk          ; clk         ; 0.000        ; 0.520      ; 1.875      ;
; 1.217 ; cpu:cpu0|control_unit:cu0|state.OFF ; lcd_controller:lcd_ctl0|linha1[9][0]                ; clk          ; clk         ; 0.000        ; 0.080      ; 1.483      ;
; 1.217 ; cpu:cpu0|control_unit:cu0|state.OFF ; lcd_controller:lcd_ctl0|linha1[8][0]                ; clk          ; clk         ; 0.000        ; 0.080      ; 1.483      ;
; 1.217 ; cpu:cpu0|control_unit:cu0|state.OFF ; lcd_controller:lcd_ctl0|linha1[3][6]                ; clk          ; clk         ; 0.000        ; 0.080      ; 1.483      ;
; 1.217 ; cpu:cpu0|control_unit:cu0|state.OFF ; lcd_controller:lcd_ctl0|linha1[0][2]                ; clk          ; clk         ; 0.000        ; 0.080      ; 1.483      ;
; 1.217 ; cpu:cpu0|control_unit:cu0|state.OFF ; lcd_controller:lcd_ctl0|linha1[2][2]                ; clk          ; clk         ; 0.000        ; 0.080      ; 1.483      ;
; 1.217 ; cpu:cpu0|control_unit:cu0|state.OFF ; lcd_controller:lcd_ctl0|linha1[0][1]                ; clk          ; clk         ; 0.000        ; 0.080      ; 1.483      ;
; 1.217 ; cpu:cpu0|control_unit:cu0|state.OFF ; lcd_controller:lcd_ctl0|linha1[0][0]                ; clk          ; clk         ; 0.000        ; 0.080      ; 1.483      ;
; 1.217 ; cpu:cpu0|control_unit:cu0|state.OFF ; lcd_controller:lcd_ctl0|linha1[1][0]                ; clk          ; clk         ; 0.000        ; 0.080      ; 1.483      ;
; 1.217 ; cpu:cpu0|control_unit:cu0|state.OFF ; lcd_controller:lcd_ctl0|linha1[1][1]                ; clk          ; clk         ; 0.000        ; 0.080      ; 1.483      ;
; 1.217 ; cpu:cpu0|control_unit:cu0|state.OFF ; lcd_controller:lcd_ctl0|linha1[0][4]                ; clk          ; clk         ; 0.000        ; 0.080      ; 1.483      ;
; 1.217 ; cpu:cpu0|control_unit:cu0|state.OFF ; lcd_controller:lcd_ctl0|linha1[1][2]                ; clk          ; clk         ; 0.000        ; 0.080      ; 1.483      ;
; 1.217 ; cpu:cpu0|control_unit:cu0|state.OFF ; lcd_controller:lcd_ctl0|linha1[2][4]                ; clk          ; clk         ; 0.000        ; 0.080      ; 1.483      ;
; 1.272 ; cpu:cpu0|control_unit:cu0|state.OFF ; lcd_controller:lcd_ctl0|linha2[4][0]                ; clk          ; clk         ; 0.000        ; 0.563      ; 2.021      ;
; 1.272 ; cpu:cpu0|control_unit:cu0|state.OFF ; lcd_controller:lcd_ctl0|linha2[5][1]                ; clk          ; clk         ; 0.000        ; 0.563      ; 2.021      ;
; 1.272 ; cpu:cpu0|control_unit:cu0|state.OFF ; lcd_controller:lcd_ctl0|linha2[5][2]                ; clk          ; clk         ; 0.000        ; 0.563      ; 2.021      ;
; 1.272 ; cpu:cpu0|control_unit:cu0|state.OFF ; lcd_controller:lcd_ctl0|linha2[5][3]                ; clk          ; clk         ; 0.000        ; 0.563      ; 2.021      ;
; 1.363 ; cpu:cpu0|control_unit:cu0|state.OFF ; lcd_controller:lcd_ctl0|linha2[5][0]                ; clk          ; clk         ; 0.000        ; 0.533      ; 2.082      ;
; 1.377 ; cpu:cpu0|control_unit:cu0|state.OFF ; lcd_controller:lcd_ctl0|linha2[3][0]                ; clk          ; clk         ; 0.000        ; 0.534      ; 2.097      ;
; 1.377 ; cpu:cpu0|control_unit:cu0|state.OFF ; lcd_controller:lcd_ctl0|linha2[4][1]                ; clk          ; clk         ; 0.000        ; 0.534      ; 2.097      ;
; 1.377 ; cpu:cpu0|control_unit:cu0|state.OFF ; lcd_controller:lcd_ctl0|linha2[4][2]                ; clk          ; clk         ; 0.000        ; 0.534      ; 2.097      ;
; 1.377 ; cpu:cpu0|control_unit:cu0|state.OFF ; lcd_controller:lcd_ctl0|linha2[4][3]                ; clk          ; clk         ; 0.000        ; 0.534      ; 2.097      ;
; 1.377 ; cpu:cpu0|control_unit:cu0|state.OFF ; lcd_controller:lcd_ctl0|linha1[7][0]                ; clk          ; clk         ; 0.000        ; 0.534      ; 2.097      ;
; 1.377 ; cpu:cpu0|control_unit:cu0|state.OFF ; lcd_controller:lcd_ctl0|linha1[2][3]                ; clk          ; clk         ; 0.000        ; 0.534      ; 2.097      ;
; 1.377 ; cpu:cpu0|control_unit:cu0|state.OFF ; lcd_controller:lcd_ctl0|linha1[9][4]                ; clk          ; clk         ; 0.000        ; 0.534      ; 2.097      ;
; 1.562 ; cpu:cpu0|control_unit:cu0|state.OFF ; lcd_controller:lcd_ctl0|linha2[0][1]                ; clk          ; clk         ; 0.000        ; 0.091      ; 1.839      ;
; 1.562 ; cpu:cpu0|control_unit:cu0|state.OFF ; lcd_controller:lcd_ctl0|linha2[0][2]                ; clk          ; clk         ; 0.000        ; 0.091      ; 1.839      ;
; 1.562 ; cpu:cpu0|control_unit:cu0|state.OFF ; lcd_controller:lcd_ctl0|reg_indice[3]               ; clk          ; clk         ; 0.000        ; 0.091      ; 1.839      ;
; 1.562 ; cpu:cpu0|control_unit:cu0|state.OFF ; lcd_controller:lcd_ctl0|reg_indice[2]               ; clk          ; clk         ; 0.000        ; 0.091      ; 1.839      ;
; 1.562 ; cpu:cpu0|control_unit:cu0|state.OFF ; lcd_controller:lcd_ctl0|reg_indice[1]               ; clk          ; clk         ; 0.000        ; 0.091      ; 1.839      ;
; 1.562 ; cpu:cpu0|control_unit:cu0|state.OFF ; lcd_controller:lcd_ctl0|reg_indice[0]               ; clk          ; clk         ; 0.000        ; 0.091      ; 1.839      ;
+-------+-------------------------------------+-----------------------------------------------------+--------------+-------------+--------------+------------+------------+


-----------------------------------------------
; Slow 1200mV 85C Model Metastability Summary ;
-----------------------------------------------
Design MTBF is not calculated because the design doesn't meet its timing requirements.



+-------------------------------------------------+
; Slow 1200mV 0C Model Fmax Summary               ;
+-----------+-----------------+------------+------+
; Fmax      ; Restricted Fmax ; Clock Name ; Note ;
+-----------+-----------------+------------+------+
; 52.81 MHz ; 52.81 MHz       ; clk        ;      ;
+-----------+-----------------+------------+------+
This panel reports FMAX for every clock in the design, regardless of the user-specified clock periods.  FMAX is only computed for paths where the source and destination registers or ports are driven by the same clock.  Paths of different clocks, including generated clocks, are ignored.  For paths between a clock and its inversion, FMAX is computed as if the rising and falling edges are scaled along with FMAX, such that the duty cycle (in terms of a percentage) is maintained. Altera recommends that you always use clock constraints and other slack reports for sign-off analysis.


+------------------------------------+
; Slow 1200mV 0C Model Setup Summary ;
+-------+---------+------------------+
; Clock ; Slack   ; End Point TNS    ;
+-------+---------+------------------+
; clk   ; -17.937 ; -3057.345        ;
+-------+---------+------------------+


+-----------------------------------+
; Slow 1200mV 0C Model Hold Summary ;
+-------+-------+-------------------+
; Clock ; Slack ; End Point TNS     ;
+-------+-------+-------------------+
; clk   ; 0.338 ; 0.000             ;
+-------+-------+-------------------+


+---------------------------------------+
; Slow 1200mV 0C Model Recovery Summary ;
+-------+--------+----------------------+
; Clock ; Slack  ; End Point TNS        ;
+-------+--------+----------------------+
; clk   ; -0.912 ; -40.388              ;
+-------+--------+----------------------+


+--------------------------------------+
; Slow 1200mV 0C Model Removal Summary ;
+-------+-------+----------------------+
; Clock ; Slack ; End Point TNS        ;
+-------+-------+----------------------+
; clk   ; 0.733 ; 0.000                ;
+-------+-------+----------------------+


+--------------------------------------------------+
; Slow 1200mV 0C Model Minimum Pulse Width Summary ;
+-------+--------+---------------------------------+
; Clock ; Slack  ; End Point TNS                   ;
+-------+--------+---------------------------------+
; clk   ; -3.000 ; -671.943                        ;
+-------+--------+---------------------------------+


+----------------------------------------------------------------------------------------------------------------------------------------------------------------+
; Slow 1200mV 0C Model Setup: 'clk'                                                                                                                              ;
+---------+-----------------------------------------+--------------------------------------+--------------+-------------+--------------+------------+------------+
; Slack   ; From Node                               ; To Node                              ; Launch Clock ; Latch Clock ; Relationship ; Clock Skew ; Data Delay ;
+---------+-----------------------------------------+--------------------------------------+--------------+-------------+--------------+------------+------------+
; -17.937 ; cpu:cpu0|control_unit:cu0|opcode[0]     ; lcd_controller:lcd_ctl0|linha2[3][3] ; clk          ; clk         ; 1.000        ; 0.343      ; 19.279     ;
; -17.936 ; cpu:cpu0|control_unit:cu0|opcode[0]     ; lcd_controller:lcd_ctl0|linha2[3][1] ; clk          ; clk         ; 1.000        ; 0.343      ; 19.278     ;
; -17.911 ; cpu:cpu0|control_unit:cu0|opcode[2]     ; lcd_controller:lcd_ctl0|linha2[3][3] ; clk          ; clk         ; 1.000        ; 0.343      ; 19.253     ;
; -17.910 ; cpu:cpu0|control_unit:cu0|opcode[0]     ; lcd_controller:lcd_ctl0|linha2[2][0] ; clk          ; clk         ; 1.000        ; 0.343      ; 19.252     ;
; -17.910 ; cpu:cpu0|control_unit:cu0|opcode[2]     ; lcd_controller:lcd_ctl0|linha2[3][1] ; clk          ; clk         ; 1.000        ; 0.343      ; 19.252     ;
; -17.893 ; cpu:cpu0|control_unit:cu0|opcode[0]     ; lcd_controller:lcd_ctl0|linha2[3][2] ; clk          ; clk         ; 1.000        ; 0.343      ; 19.235     ;
; -17.884 ; cpu:cpu0|control_unit:cu0|opcode[2]     ; lcd_controller:lcd_ctl0|linha2[2][0] ; clk          ; clk         ; 1.000        ; 0.343      ; 19.226     ;
; -17.867 ; cpu:cpu0|control_unit:cu0|opcode[2]     ; lcd_controller:lcd_ctl0|linha2[3][2] ; clk          ; clk         ; 1.000        ; 0.343      ; 19.209     ;
; -17.818 ; cpu:cpu0|control_unit:cu0|opcode[0]     ; lcd_controller:lcd_ctl0|linha2[2][3] ; clk          ; clk         ; 1.000        ; 0.344      ; 19.161     ;
; -17.813 ; cpu:cpu0|control_unit:cu0|opcode[0]     ; lcd_controller:lcd_ctl0|linha2[2][2] ; clk          ; clk         ; 1.000        ; 0.344      ; 19.156     ;
; -17.809 ; cpu:cpu0|control_unit:cu0|opcode[0]     ; lcd_controller:lcd_ctl0|linha2[1][0] ; clk          ; clk         ; 1.000        ; 0.344      ; 19.152     ;
; -17.805 ; cpu:cpu0|control_unit:cu0|opcode[0]     ; lcd_controller:lcd_ctl0|linha2[2][1] ; clk          ; clk         ; 1.000        ; 0.344      ; 19.148     ;
; -17.792 ; cpu:cpu0|control_unit:cu0|opcode[2]     ; lcd_controller:lcd_ctl0|linha2[2][3] ; clk          ; clk         ; 1.000        ; 0.344      ; 19.135     ;
; -17.787 ; cpu:cpu0|control_unit:cu0|opcode[2]     ; lcd_controller:lcd_ctl0|linha2[2][2] ; clk          ; clk         ; 1.000        ; 0.344      ; 19.130     ;
; -17.783 ; cpu:cpu0|control_unit:cu0|opcode[2]     ; lcd_controller:lcd_ctl0|linha2[1][0] ; clk          ; clk         ; 1.000        ; 0.344      ; 19.126     ;
; -17.779 ; cpu:cpu0|control_unit:cu0|opcode[2]     ; lcd_controller:lcd_ctl0|linha2[2][1] ; clk          ; clk         ; 1.000        ; 0.344      ; 19.122     ;
; -17.775 ; cpu:cpu0|control_unit:cu0|state.EXECUTE ; lcd_controller:lcd_ctl0|linha2[3][3] ; clk          ; clk         ; 1.000        ; 0.343      ; 19.117     ;
; -17.774 ; cpu:cpu0|control_unit:cu0|state.EXECUTE ; lcd_controller:lcd_ctl0|linha2[3][1] ; clk          ; clk         ; 1.000        ; 0.343      ; 19.116     ;
; -17.748 ; cpu:cpu0|control_unit:cu0|state.EXECUTE ; lcd_controller:lcd_ctl0|linha2[2][0] ; clk          ; clk         ; 1.000        ; 0.343      ; 19.090     ;
; -17.731 ; cpu:cpu0|control_unit:cu0|state.EXECUTE ; lcd_controller:lcd_ctl0|linha2[3][2] ; clk          ; clk         ; 1.000        ; 0.343      ; 19.073     ;
; -17.702 ; cpu:cpu0|control_unit:cu0|opcode[1]     ; lcd_controller:lcd_ctl0|linha2[3][3] ; clk          ; clk         ; 1.000        ; 0.343      ; 19.044     ;
; -17.701 ; cpu:cpu0|control_unit:cu0|opcode[1]     ; lcd_controller:lcd_ctl0|linha2[3][1] ; clk          ; clk         ; 1.000        ; 0.343      ; 19.043     ;
; -17.675 ; cpu:cpu0|control_unit:cu0|opcode[1]     ; lcd_controller:lcd_ctl0|linha2[2][0] ; clk          ; clk         ; 1.000        ; 0.343      ; 19.017     ;
; -17.658 ; cpu:cpu0|control_unit:cu0|opcode[1]     ; lcd_controller:lcd_ctl0|linha2[3][2] ; clk          ; clk         ; 1.000        ; 0.343      ; 19.000     ;
; -17.656 ; cpu:cpu0|control_unit:cu0|state.EXECUTE ; lcd_controller:lcd_ctl0|linha2[2][3] ; clk          ; clk         ; 1.000        ; 0.344      ; 18.999     ;
; -17.651 ; cpu:cpu0|control_unit:cu0|state.EXECUTE ; lcd_controller:lcd_ctl0|linha2[2][2] ; clk          ; clk         ; 1.000        ; 0.344      ; 18.994     ;
; -17.647 ; cpu:cpu0|control_unit:cu0|state.EXECUTE ; lcd_controller:lcd_ctl0|linha2[1][0] ; clk          ; clk         ; 1.000        ; 0.344      ; 18.990     ;
; -17.643 ; cpu:cpu0|control_unit:cu0|state.EXECUTE ; lcd_controller:lcd_ctl0|linha2[2][1] ; clk          ; clk         ; 1.000        ; 0.344      ; 18.986     ;
; -17.630 ; cpu:cpu0|control_unit:cu0|opcode[0]     ; lcd_controller:lcd_ctl0|linha2[4][1] ; clk          ; clk         ; 1.000        ; 0.289      ; 18.918     ;
; -17.604 ; cpu:cpu0|control_unit:cu0|opcode[2]     ; lcd_controller:lcd_ctl0|linha2[4][1] ; clk          ; clk         ; 1.000        ; 0.289      ; 18.892     ;
; -17.601 ; cpu:cpu0|control_unit:cu0|opcode[0]     ; lcd_controller:lcd_ctl0|linha2[4][3] ; clk          ; clk         ; 1.000        ; 0.289      ; 18.889     ;
; -17.594 ; cpu:cpu0|control_unit:cu0|opcode[0]     ; lcd_controller:lcd_ctl0|linha2[4][2] ; clk          ; clk         ; 1.000        ; 0.289      ; 18.882     ;
; -17.583 ; cpu:cpu0|control_unit:cu0|opcode[1]     ; lcd_controller:lcd_ctl0|linha2[2][3] ; clk          ; clk         ; 1.000        ; 0.344      ; 18.926     ;
; -17.578 ; cpu:cpu0|control_unit:cu0|opcode[1]     ; lcd_controller:lcd_ctl0|linha2[2][2] ; clk          ; clk         ; 1.000        ; 0.344      ; 18.921     ;
; -17.575 ; cpu:cpu0|control_unit:cu0|opcode[2]     ; lcd_controller:lcd_ctl0|linha2[4][3] ; clk          ; clk         ; 1.000        ; 0.289      ; 18.863     ;
; -17.574 ; cpu:cpu0|control_unit:cu0|opcode[1]     ; lcd_controller:lcd_ctl0|linha2[1][0] ; clk          ; clk         ; 1.000        ; 0.344      ; 18.917     ;
; -17.570 ; cpu:cpu0|control_unit:cu0|opcode[1]     ; lcd_controller:lcd_ctl0|linha2[2][1] ; clk          ; clk         ; 1.000        ; 0.344      ; 18.913     ;
; -17.569 ; cpu:cpu0|control_unit:cu0|opcode[0]     ; lcd_controller:lcd_ctl0|linha2[3][0] ; clk          ; clk         ; 1.000        ; 0.289      ; 18.857     ;
; -17.568 ; cpu:cpu0|control_unit:cu0|opcode[2]     ; lcd_controller:lcd_ctl0|linha2[4][2] ; clk          ; clk         ; 1.000        ; 0.289      ; 18.856     ;
; -17.543 ; cpu:cpu0|control_unit:cu0|opcode[2]     ; lcd_controller:lcd_ctl0|linha2[3][0] ; clk          ; clk         ; 1.000        ; 0.289      ; 18.831     ;
; -17.510 ; cpu:cpu0|control_unit:cu0|opcode[0]     ; lcd_controller:lcd_ctl0|linha2[1][2] ; clk          ; clk         ; 1.000        ; 0.344      ; 18.853     ;
; -17.509 ; cpu:cpu0|control_unit:cu0|opcode[0]     ; lcd_controller:lcd_ctl0|linha2[1][1] ; clk          ; clk         ; 1.000        ; 0.344      ; 18.852     ;
; -17.499 ; cpu:cpu0|control_unit:cu0|imm[10]       ; lcd_controller:lcd_ctl0|linha2[3][3] ; clk          ; clk         ; 1.000        ; 0.343      ; 18.841     ;
; -17.498 ; cpu:cpu0|control_unit:cu0|imm[10]       ; lcd_controller:lcd_ctl0|linha2[3][1] ; clk          ; clk         ; 1.000        ; 0.343      ; 18.840     ;
; -17.494 ; cpu:cpu0|control_unit:cu0|opcode[0]     ; lcd_controller:lcd_ctl0|linha2[1][3] ; clk          ; clk         ; 1.000        ; 0.344      ; 18.837     ;
; -17.484 ; cpu:cpu0|control_unit:cu0|opcode[2]     ; lcd_controller:lcd_ctl0|linha2[1][2] ; clk          ; clk         ; 1.000        ; 0.344      ; 18.827     ;
; -17.483 ; cpu:cpu0|control_unit:cu0|opcode[2]     ; lcd_controller:lcd_ctl0|linha2[1][1] ; clk          ; clk         ; 1.000        ; 0.344      ; 18.826     ;
; -17.472 ; cpu:cpu0|control_unit:cu0|imm[10]       ; lcd_controller:lcd_ctl0|linha2[2][0] ; clk          ; clk         ; 1.000        ; 0.343      ; 18.814     ;
; -17.468 ; cpu:cpu0|control_unit:cu0|state.EXECUTE ; lcd_controller:lcd_ctl0|linha2[4][1] ; clk          ; clk         ; 1.000        ; 0.289      ; 18.756     ;
; -17.468 ; cpu:cpu0|control_unit:cu0|opcode[2]     ; lcd_controller:lcd_ctl0|linha2[1][3] ; clk          ; clk         ; 1.000        ; 0.344      ; 18.811     ;
; -17.455 ; cpu:cpu0|control_unit:cu0|imm[10]       ; lcd_controller:lcd_ctl0|linha2[3][2] ; clk          ; clk         ; 1.000        ; 0.343      ; 18.797     ;
; -17.439 ; cpu:cpu0|control_unit:cu0|state.EXECUTE ; lcd_controller:lcd_ctl0|linha2[4][3] ; clk          ; clk         ; 1.000        ; 0.289      ; 18.727     ;
; -17.432 ; cpu:cpu0|control_unit:cu0|state.EXECUTE ; lcd_controller:lcd_ctl0|linha2[4][2] ; clk          ; clk         ; 1.000        ; 0.289      ; 18.720     ;
; -17.407 ; cpu:cpu0|control_unit:cu0|state.EXECUTE ; lcd_controller:lcd_ctl0|linha2[3][0] ; clk          ; clk         ; 1.000        ; 0.289      ; 18.695     ;
; -17.395 ; cpu:cpu0|control_unit:cu0|opcode[1]     ; lcd_controller:lcd_ctl0|linha2[4][1] ; clk          ; clk         ; 1.000        ; 0.289      ; 18.683     ;
; -17.380 ; cpu:cpu0|control_unit:cu0|imm[10]       ; lcd_controller:lcd_ctl0|linha2[2][3] ; clk          ; clk         ; 1.000        ; 0.344      ; 18.723     ;
; -17.375 ; cpu:cpu0|control_unit:cu0|imm[10]       ; lcd_controller:lcd_ctl0|linha2[2][2] ; clk          ; clk         ; 1.000        ; 0.344      ; 18.718     ;
; -17.371 ; cpu:cpu0|control_unit:cu0|imm[10]       ; lcd_controller:lcd_ctl0|linha2[1][0] ; clk          ; clk         ; 1.000        ; 0.344      ; 18.714     ;
; -17.367 ; cpu:cpu0|control_unit:cu0|imm[10]       ; lcd_controller:lcd_ctl0|linha2[2][1] ; clk          ; clk         ; 1.000        ; 0.344      ; 18.710     ;
; -17.366 ; cpu:cpu0|control_unit:cu0|opcode[1]     ; lcd_controller:lcd_ctl0|linha2[4][3] ; clk          ; clk         ; 1.000        ; 0.289      ; 18.654     ;
; -17.359 ; cpu:cpu0|control_unit:cu0|opcode[1]     ; lcd_controller:lcd_ctl0|linha2[4][2] ; clk          ; clk         ; 1.000        ; 0.289      ; 18.647     ;
; -17.348 ; cpu:cpu0|control_unit:cu0|state.EXECUTE ; lcd_controller:lcd_ctl0|linha2[1][2] ; clk          ; clk         ; 1.000        ; 0.344      ; 18.691     ;
; -17.347 ; cpu:cpu0|control_unit:cu0|state.EXECUTE ; lcd_controller:lcd_ctl0|linha2[1][1] ; clk          ; clk         ; 1.000        ; 0.344      ; 18.690     ;
; -17.334 ; cpu:cpu0|control_unit:cu0|opcode[1]     ; lcd_controller:lcd_ctl0|linha2[3][0] ; clk          ; clk         ; 1.000        ; 0.289      ; 18.622     ;
; -17.332 ; cpu:cpu0|control_unit:cu0|state.EXECUTE ; lcd_controller:lcd_ctl0|linha2[1][3] ; clk          ; clk         ; 1.000        ; 0.344      ; 18.675     ;
; -17.275 ; cpu:cpu0|control_unit:cu0|opcode[1]     ; lcd_controller:lcd_ctl0|linha2[1][2] ; clk          ; clk         ; 1.000        ; 0.344      ; 18.618     ;
; -17.274 ; cpu:cpu0|control_unit:cu0|opcode[1]     ; lcd_controller:lcd_ctl0|linha2[1][1] ; clk          ; clk         ; 1.000        ; 0.344      ; 18.617     ;
; -17.259 ; cpu:cpu0|control_unit:cu0|opcode[1]     ; lcd_controller:lcd_ctl0|linha2[1][3] ; clk          ; clk         ; 1.000        ; 0.344      ; 18.602     ;
; -17.245 ; cpu:cpu0|control_unit:cu0|opcode[0]     ; lcd_controller:lcd_ctl0|linha2[5][1] ; clk          ; clk         ; 1.000        ; 0.316      ; 18.560     ;
; -17.245 ; cpu:cpu0|control_unit:cu0|opcode[0]     ; lcd_controller:lcd_ctl0|linha2[5][2] ; clk          ; clk         ; 1.000        ; 0.316      ; 18.560     ;
; -17.243 ; cpu:cpu0|control_unit:cu0|opcode[0]     ; lcd_controller:lcd_ctl0|linha2[4][0] ; clk          ; clk         ; 1.000        ; 0.316      ; 18.558     ;
; -17.233 ; cpu:cpu0|control_unit:cu0|imm[2]        ; lcd_controller:lcd_ctl0|linha2[3][3] ; clk          ; clk         ; 1.000        ; 0.324      ; 18.556     ;
; -17.232 ; cpu:cpu0|control_unit:cu0|imm[2]        ; lcd_controller:lcd_ctl0|linha2[3][1] ; clk          ; clk         ; 1.000        ; 0.324      ; 18.555     ;
; -17.231 ; cpu:cpu0|control_unit:cu0|opcode[0]     ; lcd_controller:lcd_ctl0|linha2[5][3] ; clk          ; clk         ; 1.000        ; 0.316      ; 18.546     ;
; -17.230 ; cpu:cpu0|control_unit:cu0|imm[5]        ; lcd_controller:lcd_ctl0|linha2[3][3] ; clk          ; clk         ; 1.000        ; 0.324      ; 18.553     ;
; -17.229 ; cpu:cpu0|control_unit:cu0|imm[5]        ; lcd_controller:lcd_ctl0|linha2[3][1] ; clk          ; clk         ; 1.000        ; 0.324      ; 18.552     ;
; -17.219 ; cpu:cpu0|control_unit:cu0|opcode[2]     ; lcd_controller:lcd_ctl0|linha2[5][1] ; clk          ; clk         ; 1.000        ; 0.316      ; 18.534     ;
; -17.219 ; cpu:cpu0|control_unit:cu0|opcode[2]     ; lcd_controller:lcd_ctl0|linha2[5][2] ; clk          ; clk         ; 1.000        ; 0.316      ; 18.534     ;
; -17.217 ; cpu:cpu0|control_unit:cu0|opcode[2]     ; lcd_controller:lcd_ctl0|linha2[4][0] ; clk          ; clk         ; 1.000        ; 0.316      ; 18.532     ;
; -17.206 ; cpu:cpu0|control_unit:cu0|imm[2]        ; lcd_controller:lcd_ctl0|linha2[2][0] ; clk          ; clk         ; 1.000        ; 0.324      ; 18.529     ;
; -17.205 ; cpu:cpu0|control_unit:cu0|imm[0]        ; lcd_controller:lcd_ctl0|linha2[3][3] ; clk          ; clk         ; 1.000        ; 0.324      ; 18.528     ;
; -17.205 ; cpu:cpu0|control_unit:cu0|opcode[2]     ; lcd_controller:lcd_ctl0|linha2[5][3] ; clk          ; clk         ; 1.000        ; 0.316      ; 18.520     ;
; -17.204 ; cpu:cpu0|control_unit:cu0|imm[0]        ; lcd_controller:lcd_ctl0|linha2[3][1] ; clk          ; clk         ; 1.000        ; 0.324      ; 18.527     ;
; -17.203 ; cpu:cpu0|control_unit:cu0|imm[5]        ; lcd_controller:lcd_ctl0|linha2[2][0] ; clk          ; clk         ; 1.000        ; 0.324      ; 18.526     ;
; -17.195 ; cpu:cpu0|control_unit:cu0|imm[4]        ; lcd_controller:lcd_ctl0|linha2[3][3] ; clk          ; clk         ; 1.000        ; 0.339      ; 18.533     ;
; -17.194 ; cpu:cpu0|control_unit:cu0|imm[4]        ; lcd_controller:lcd_ctl0|linha2[3][1] ; clk          ; clk         ; 1.000        ; 0.339      ; 18.532     ;
; -17.192 ; cpu:cpu0|control_unit:cu0|imm[10]       ; lcd_controller:lcd_ctl0|linha2[4][1] ; clk          ; clk         ; 1.000        ; 0.289      ; 18.480     ;
; -17.189 ; cpu:cpu0|control_unit:cu0|imm[2]        ; lcd_controller:lcd_ctl0|linha2[3][2] ; clk          ; clk         ; 1.000        ; 0.324      ; 18.512     ;
; -17.186 ; cpu:cpu0|control_unit:cu0|imm[5]        ; lcd_controller:lcd_ctl0|linha2[3][2] ; clk          ; clk         ; 1.000        ; 0.324      ; 18.509     ;
; -17.178 ; cpu:cpu0|control_unit:cu0|imm[0]        ; lcd_controller:lcd_ctl0|linha2[2][0] ; clk          ; clk         ; 1.000        ; 0.324      ; 18.501     ;
; -17.168 ; cpu:cpu0|control_unit:cu0|imm[4]        ; lcd_controller:lcd_ctl0|linha2[2][0] ; clk          ; clk         ; 1.000        ; 0.339      ; 18.506     ;
; -17.163 ; cpu:cpu0|control_unit:cu0|imm[10]       ; lcd_controller:lcd_ctl0|linha2[4][3] ; clk          ; clk         ; 1.000        ; 0.289      ; 18.451     ;
; -17.161 ; cpu:cpu0|control_unit:cu0|imm[0]        ; lcd_controller:lcd_ctl0|linha2[3][2] ; clk          ; clk         ; 1.000        ; 0.324      ; 18.484     ;
; -17.156 ; cpu:cpu0|control_unit:cu0|imm[3]        ; lcd_controller:lcd_ctl0|linha2[3][3] ; clk          ; clk         ; 1.000        ; 0.336      ; 18.491     ;
; -17.156 ; cpu:cpu0|control_unit:cu0|imm[10]       ; lcd_controller:lcd_ctl0|linha2[4][2] ; clk          ; clk         ; 1.000        ; 0.289      ; 18.444     ;
; -17.155 ; cpu:cpu0|control_unit:cu0|imm[3]        ; lcd_controller:lcd_ctl0|linha2[3][1] ; clk          ; clk         ; 1.000        ; 0.336      ; 18.490     ;
; -17.151 ; cpu:cpu0|control_unit:cu0|imm[4]        ; lcd_controller:lcd_ctl0|linha2[3][2] ; clk          ; clk         ; 1.000        ; 0.339      ; 18.489     ;
; -17.131 ; cpu:cpu0|control_unit:cu0|imm[10]       ; lcd_controller:lcd_ctl0|linha2[3][0] ; clk          ; clk         ; 1.000        ; 0.289      ; 18.419     ;
; -17.129 ; cpu:cpu0|control_unit:cu0|imm[3]        ; lcd_controller:lcd_ctl0|linha2[2][0] ; clk          ; clk         ; 1.000        ; 0.336      ; 18.464     ;
; -17.128 ; cpu:cpu0|control_unit:cu0|imm[1]        ; lcd_controller:lcd_ctl0|linha2[3][3] ; clk          ; clk         ; 1.000        ; 0.336      ; 18.463     ;
+---------+-----------------------------------------+--------------------------------------+--------------+-------------+--------------+------------+------------+


+-----------------------------------------------------------------------------------------------------------------------------------------------------------------------------------------+
; Slow 1200mV 0C Model Hold: 'clk'                                                                                                                                                        ;
+-------+-----------------------------------------------------+-----------------------------------------------------+--------------+-------------+--------------+------------+------------+
; Slack ; From Node                                           ; To Node                                             ; Launch Clock ; Latch Clock ; Relationship ; Clock Skew ; Data Delay ;
+-------+-----------------------------------------------------+-----------------------------------------------------+--------------+-------------+--------------+------------+------------+
; 0.338 ; lcd_controller:lcd_ctl0|estado_atual.EST_INIT_4     ; lcd_controller:lcd_ctl0|estado_atual.EST_INIT_4     ; clk          ; clk         ; 0.000        ; 0.088      ; 0.597      ;
; 0.338 ; lcd_controller:lcd_ctl0|estado_atual.EST_INIT_3     ; lcd_controller:lcd_ctl0|estado_atual.EST_INIT_3     ; clk          ; clk         ; 0.000        ; 0.088      ; 0.597      ;
; 0.338 ; lcd_controller:lcd_ctl0|estado_atual.EST_INIT_2     ; lcd_controller:lcd_ctl0|estado_atual.EST_INIT_2     ; clk          ; clk         ; 0.000        ; 0.088      ; 0.597      ;
; 0.338 ; lcd_controller:lcd_ctl0|estado_atual.EST_INIT_1     ; lcd_controller:lcd_ctl0|estado_atual.EST_INIT_1     ; clk          ; clk         ; 0.000        ; 0.088      ; 0.597      ;
; 0.338 ; lcd_controller:lcd_ctl0|estado_atual.EST_ESPERA_CPU ; lcd_controller:lcd_ctl0|estado_atual.EST_ESPERA_CPU ; clk          ; clk         ; 0.000        ; 0.088      ; 0.597      ;
; 0.338 ; lcd_controller:lcd_ctl0|estado_atual.EST_ESCREVE_L2 ; lcd_controller:lcd_ctl0|estado_atual.EST_ESCREVE_L2 ; clk          ; clk         ; 0.000        ; 0.088      ; 0.597      ;
; 0.338 ; lcd_controller:lcd_ctl0|estado_atual.EST_ESCREVE_L1 ; lcd_controller:lcd_ctl0|estado_atual.EST_ESCREVE_L1 ; clk          ; clk         ; 0.000        ; 0.088      ; 0.597      ;
; 0.338 ; lcd_controller:lcd_ctl0|estado_atual.EST_LINHA2_POS ; lcd_controller:lcd_ctl0|estado_atual.EST_LINHA2_POS ; clk          ; clk         ; 0.000        ; 0.088      ; 0.597      ;
; 0.338 ; lcd_controller:lcd_ctl0|estado_atual.EST_LINHA1_POS ; lcd_controller:lcd_ctl0|estado_atual.EST_LINHA1_POS ; clk          ; clk         ; 0.000        ; 0.088      ; 0.597      ;
; 0.353 ; cpu:cpu0|control_unit:cu0|state.IDLE                ; cpu:cpu0|control_unit:cu0|state.IDLE                ; clk          ; clk         ; 0.000        ; 0.073      ; 0.597      ;
; 0.353 ; cpu:cpu0|control_unit:cu0|state.OFF                 ; cpu:cpu0|control_unit:cu0|state.OFF                 ; clk          ; clk         ; 0.000        ; 0.073      ; 0.597      ;
; 0.353 ; button_handler:btn0|btn_stable                      ; button_handler:btn0|btn_stable                      ; clk          ; clk         ; 0.000        ; 0.073      ; 0.597      ;
; 0.353 ; button_handler:btn1|btn_stable                      ; button_handler:btn1|btn_stable                      ; clk          ; clk         ; 0.000        ; 0.073      ; 0.597      ;
; 0.354 ; lcd_controller:lcd_ctl0|reg_indice[3]               ; lcd_controller:lcd_ctl0|reg_indice[3]               ; clk          ; clk         ; 0.000        ; 0.072      ; 0.597      ;
; 0.354 ; lcd_controller:lcd_ctl0|reg_indice[1]               ; lcd_controller:lcd_ctl0|reg_indice[1]               ; clk          ; clk         ; 0.000        ; 0.072      ; 0.597      ;
; 0.354 ; lcd_controller:lcd_ctl0|reg_indice[2]               ; lcd_controller:lcd_ctl0|reg_indice[2]               ; clk          ; clk         ; 0.000        ; 0.072      ; 0.597      ;
; 0.365 ; lcd_controller:lcd_ctl0|reg_indice[0]               ; lcd_controller:lcd_ctl0|reg_indice[0]               ; clk          ; clk         ; 0.000        ; 0.072      ; 0.608      ;
; 0.378 ; lcd_controller:lcd_ctl0|cnt_espera[16]              ; lcd_controller:lcd_ctl0|cnt_espera[16]              ; clk          ; clk         ; 0.000        ; 0.088      ; 0.637      ;
; 0.380 ; button_handler:btn1|btn_stable_prev                 ; button_handler:btn1|pulse_out                       ; clk          ; clk         ; 0.000        ; 0.073      ; 0.624      ;
; 0.408 ; button_handler:btn0|btn_stable                      ; button_handler:btn0|pulse_out                       ; clk          ; clk         ; 0.000        ; 0.073      ; 0.652      ;
; 0.408 ; button_handler:btn0|btn_stable                      ; button_handler:btn0|btn_stable_prev                 ; clk          ; clk         ; 0.000        ; 0.073      ; 0.652      ;
; 0.443 ; lcd_controller:lcd_ctl0|reg_indice[0]               ; lcd_controller:lcd_ctl0|reg_indice[1]               ; clk          ; clk         ; 0.000        ; 0.072      ; 0.686      ;
; 0.493 ; button_handler:btn0|btn_stable_prev                 ; button_handler:btn0|pulse_out                       ; clk          ; clk         ; 0.000        ; 0.073      ; 0.737      ;
; 0.523 ; button_handler:btn1|btn_stable                      ; button_handler:btn1|pulse_out                       ; clk          ; clk         ; 0.000        ; 0.073      ; 0.767      ;
; 0.544 ; button_handler:btn1|sync_1                          ; button_handler:btn1|btn_stable                      ; clk          ; clk         ; 0.000        ; 0.073      ; 0.788      ;
; 0.561 ; button_handler:btn1|btn_stable                      ; button_handler:btn1|btn_stable_prev                 ; clk          ; clk         ; 0.000        ; 0.073      ; 0.805      ;
; 0.569 ; lcd_controller:lcd_ctl0|cnt_espera[11]              ; lcd_controller:lcd_ctl0|cnt_espera[11]              ; clk          ; clk         ; 0.000        ; 0.088      ; 0.828      ;
; 0.571 ; lcd_controller:lcd_ctl0|cnt_espera[13]              ; lcd_controller:lcd_ctl0|cnt_espera[13]              ; clk          ; clk         ; 0.000        ; 0.088      ; 0.830      ;
; 0.572 ; cpu:cpu0|control_unit:cu0|src0[1]                   ; cpu:cpu0|control_unit:cu0|src0[1]                   ; clk          ; clk         ; 0.000        ; 0.073      ; 0.816      ;
; 0.572 ; cpu:cpu0|control_unit:cu0|src0[3]                   ; cpu:cpu0|control_unit:cu0|src0[3]                   ; clk          ; clk         ; 0.000        ; 0.073      ; 0.816      ;
; 0.573 ; cpu:cpu0|control_unit:cu0|src0[2]                   ; cpu:cpu0|control_unit:cu0|src0[2]                   ; clk          ; clk         ; 0.000        ; 0.072      ; 0.816      ;
; 0.573 ; cpu:cpu0|control_unit:cu0|instruction[5]            ; cpu:cpu0|control_unit:cu0|instruction[5]            ; clk          ; clk         ; 0.000        ; 0.073      ; 0.817      ;
; 0.574 ; lcd_controller:lcd_ctl0|cnt_espera[10]              ; lcd_controller:lcd_ctl0|cnt_espera[10]              ; clk          ; clk         ; 0.000        ; 0.088      ; 0.833      ;
; 0.574 ; lcd_controller:lcd_ctl0|cnt_espera[5]               ; lcd_controller:lcd_ctl0|cnt_espera[5]               ; clk          ; clk         ; 0.000        ; 0.088      ; 0.833      ;
; 0.574 ; cpu:cpu0|control_unit:cu0|instruction[9]            ; cpu:cpu0|control_unit:cu0|instruction[9]            ; clk          ; clk         ; 0.000        ; 0.072      ; 0.817      ;
; 0.574 ; cpu:cpu0|control_unit:cu0|instruction[15]           ; cpu:cpu0|control_unit:cu0|instruction[15]           ; clk          ; clk         ; 0.000        ; 0.072      ; 0.817      ;
; 0.574 ; cpu:cpu0|control_unit:cu0|instruction[12]           ; cpu:cpu0|control_unit:cu0|instruction[12]           ; clk          ; clk         ; 0.000        ; 0.072      ; 0.817      ;
; 0.575 ; lcd_controller:lcd_ctl0|cnt_espera[7]               ; lcd_controller:lcd_ctl0|cnt_espera[7]               ; clk          ; clk         ; 0.000        ; 0.088      ; 0.834      ;
; 0.575 ; lcd_controller:lcd_ctl0|cnt_espera[12]              ; lcd_controller:lcd_ctl0|cnt_espera[12]              ; clk          ; clk         ; 0.000        ; 0.088      ; 0.834      ;
; 0.575 ; cpu:cpu0|control_unit:cu0|instruction[8]            ; cpu:cpu0|control_unit:cu0|instruction[8]            ; clk          ; clk         ; 0.000        ; 0.072      ; 0.818      ;
; 0.578 ; lcd_controller:lcd_ctl0|cnt_espera[9]               ; lcd_controller:lcd_ctl0|cnt_espera[9]               ; clk          ; clk         ; 0.000        ; 0.088      ; 0.837      ;
; 0.579 ; cpu:cpu0|control_unit:cu0|imm[1]                    ; cpu:cpu0|control_unit:cu0|imm[1]                    ; clk          ; clk         ; 0.000        ; 0.072      ; 0.822      ;
; 0.579 ; lcd_controller:lcd_ctl0|cnt_espera[14]              ; lcd_controller:lcd_ctl0|cnt_espera[14]              ; clk          ; clk         ; 0.000        ; 0.088      ; 0.838      ;
; 0.579 ; lcd_controller:lcd_ctl0|cnt_espera[6]               ; lcd_controller:lcd_ctl0|cnt_espera[6]               ; clk          ; clk         ; 0.000        ; 0.088      ; 0.838      ;
; 0.579 ; cpu:cpu0|control_unit:cu0|imm[4]                    ; cpu:cpu0|control_unit:cu0|imm[4]                    ; clk          ; clk         ; 0.000        ; 0.073      ; 0.823      ;
; 0.580 ; cpu:cpu0|control_unit:cu0|dst[0]                    ; cpu:cpu0|control_unit:cu0|dst[0]                    ; clk          ; clk         ; 0.000        ; 0.073      ; 0.824      ;
; 0.580 ; cpu:cpu0|control_unit:cu0|instruction[1]            ; cpu:cpu0|control_unit:cu0|instruction[1]            ; clk          ; clk         ; 0.000        ; 0.073      ; 0.824      ;
; 0.582 ; lcd_controller:lcd_ctl0|cnt_espera[15]              ; lcd_controller:lcd_ctl0|cnt_espera[15]              ; clk          ; clk         ; 0.000        ; 0.088      ; 0.841      ;
; 0.585 ; button_handler:btn0|sync_1                          ; button_handler:btn0|btn_stable                      ; clk          ; clk         ; 0.000        ; 0.073      ; 0.829      ;
; 0.586 ; cpu:cpu0|control_unit:cu0|opcode[2]                 ; lcd_controller:lcd_ctl0|linha1[0][3]                ; clk          ; clk         ; 0.000        ; 0.506      ; 1.263      ;
; 0.587 ; lcd_controller:lcd_ctl0|cnt_espera[4]               ; lcd_controller:lcd_ctl0|cnt_espera[4]               ; clk          ; clk         ; 0.000        ; 0.088      ; 0.846      ;
; 0.588 ; lcd_controller:lcd_ctl0|cnt_espera[2]               ; lcd_controller:lcd_ctl0|cnt_espera[2]               ; clk          ; clk         ; 0.000        ; 0.088      ; 0.847      ;
; 0.589 ; cpu:cpu0|control_unit:cu0|opcode[2]                 ; lcd_controller:lcd_ctl0|linha1[3][3]                ; clk          ; clk         ; 0.000        ; 0.506      ; 1.266      ;
; 0.590 ; cpu:cpu0|control_unit:cu0|opcode[2]                 ; lcd_controller:lcd_ctl0|linha1[1][4]                ; clk          ; clk         ; 0.000        ; 0.506      ; 1.267      ;
; 0.590 ; cpu:cpu0|control_unit:cu0|opcode[2]                 ; lcd_controller:lcd_ctl0|linha1[1][3]                ; clk          ; clk         ; 0.000        ; 0.506      ; 1.267      ;
; 0.592 ; cpu:cpu0|control_unit:cu0|imm[5]                    ; cpu:cpu0|control_unit:cu0|imm[5]                    ; clk          ; clk         ; 0.000        ; 0.073      ; 0.836      ;
; 0.592 ; cpu:cpu0|control_unit:cu0|src0[0]                   ; cpu:cpu0|control_unit:cu0|src0[0]                   ; clk          ; clk         ; 0.000        ; 0.073      ; 0.836      ;
; 0.593 ; lcd_controller:lcd_ctl0|cnt_espera[8]               ; lcd_controller:lcd_ctl0|cnt_espera[8]               ; clk          ; clk         ; 0.000        ; 0.088      ; 0.852      ;
; 0.593 ; cpu:cpu0|control_unit:cu0|instruction[14]           ; cpu:cpu0|control_unit:cu0|instruction[14]           ; clk          ; clk         ; 0.000        ; 0.072      ; 0.836      ;
; 0.596 ; lcd_controller:lcd_ctl0|cnt_espera[3]               ; lcd_controller:lcd_ctl0|cnt_espera[3]               ; clk          ; clk         ; 0.000        ; 0.088      ; 0.855      ;
; 0.597 ; cpu:cpu0|control_unit:cu0|dst[3]                    ; cpu:cpu0|control_unit:cu0|dst[3]                    ; clk          ; clk         ; 0.000        ; 0.073      ; 0.841      ;
; 0.597 ; button_handler:btn0|counter[3]                      ; button_handler:btn0|counter[3]                      ; clk          ; clk         ; 0.000        ; 0.073      ; 0.841      ;
; 0.597 ; button_handler:btn0|counter[13]                     ; button_handler:btn0|counter[13]                     ; clk          ; clk         ; 0.000        ; 0.073      ; 0.841      ;
; 0.597 ; button_handler:btn0|counter[15]                     ; button_handler:btn0|counter[15]                     ; clk          ; clk         ; 0.000        ; 0.073      ; 0.841      ;
; 0.597 ; button_handler:btn1|counter[3]                      ; button_handler:btn1|counter[3]                      ; clk          ; clk         ; 0.000        ; 0.073      ; 0.841      ;
; 0.597 ; button_handler:btn1|counter[13]                     ; button_handler:btn1|counter[13]                     ; clk          ; clk         ; 0.000        ; 0.073      ; 0.841      ;
; 0.597 ; button_handler:btn1|counter[15]                     ; button_handler:btn1|counter[15]                     ; clk          ; clk         ; 0.000        ; 0.073      ; 0.841      ;
; 0.598 ; cpu:cpu0|control_unit:cu0|imm[0]                    ; cpu:cpu0|control_unit:cu0|imm[0]                    ; clk          ; clk         ; 0.000        ; 0.073      ; 0.842      ;
; 0.598 ; cpu:cpu0|control_unit:cu0|src1[1]                   ; cpu:cpu0|control_unit:cu0|src1[1]                   ; clk          ; clk         ; 0.000        ; 0.073      ; 0.842      ;
; 0.598 ; button_handler:btn0|counter[5]                      ; button_handler:btn0|counter[5]                      ; clk          ; clk         ; 0.000        ; 0.073      ; 0.842      ;
; 0.598 ; button_handler:btn0|counter[11]                     ; button_handler:btn0|counter[11]                     ; clk          ; clk         ; 0.000        ; 0.073      ; 0.842      ;
; 0.598 ; button_handler:btn1|counter[5]                      ; button_handler:btn1|counter[5]                      ; clk          ; clk         ; 0.000        ; 0.073      ; 0.842      ;
; 0.598 ; button_handler:btn1|counter[11]                     ; button_handler:btn1|counter[11]                     ; clk          ; clk         ; 0.000        ; 0.073      ; 0.842      ;
; 0.598 ; button_handler:btn1|counter[19]                     ; button_handler:btn1|counter[19]                     ; clk          ; clk         ; 0.000        ; 0.073      ; 0.842      ;
; 0.598 ; button_handler:btn1|counter[21]                     ; button_handler:btn1|counter[21]                     ; clk          ; clk         ; 0.000        ; 0.073      ; 0.842      ;
; 0.598 ; button_handler:btn1|counter[29]                     ; button_handler:btn1|counter[29]                     ; clk          ; clk         ; 0.000        ; 0.073      ; 0.842      ;
; 0.599 ; cpu:cpu0|control_unit:cu0|imm[2]                    ; cpu:cpu0|control_unit:cu0|imm[2]                    ; clk          ; clk         ; 0.000        ; 0.073      ; 0.843      ;
; 0.599 ; button_handler:btn0|counter[6]                      ; button_handler:btn0|counter[6]                      ; clk          ; clk         ; 0.000        ; 0.073      ; 0.843      ;
; 0.599 ; button_handler:btn0|counter[19]                     ; button_handler:btn0|counter[19]                     ; clk          ; clk         ; 0.000        ; 0.072      ; 0.842      ;
; 0.599 ; button_handler:btn0|counter[21]                     ; button_handler:btn0|counter[21]                     ; clk          ; clk         ; 0.000        ; 0.072      ; 0.842      ;
; 0.599 ; button_handler:btn0|counter[29]                     ; button_handler:btn0|counter[29]                     ; clk          ; clk         ; 0.000        ; 0.072      ; 0.842      ;
; 0.599 ; button_handler:btn1|counter[6]                      ; button_handler:btn1|counter[6]                      ; clk          ; clk         ; 0.000        ; 0.073      ; 0.843      ;
; 0.599 ; button_handler:btn1|counter[27]                     ; button_handler:btn1|counter[27]                     ; clk          ; clk         ; 0.000        ; 0.073      ; 0.843      ;
; 0.599 ; button_handler:btn1|counter[31]                     ; button_handler:btn1|counter[31]                     ; clk          ; clk         ; 0.000        ; 0.073      ; 0.843      ;
; 0.600 ; button_handler:btn0|counter[1]                      ; button_handler:btn0|counter[1]                      ; clk          ; clk         ; 0.000        ; 0.073      ; 0.844      ;
; 0.600 ; button_handler:btn0|counter[27]                     ; button_handler:btn0|counter[27]                     ; clk          ; clk         ; 0.000        ; 0.072      ; 0.843      ;
; 0.600 ; button_handler:btn0|counter[31]                     ; button_handler:btn0|counter[31]                     ; clk          ; clk         ; 0.000        ; 0.072      ; 0.843      ;
; 0.600 ; button_handler:btn1|counter[1]                      ; button_handler:btn1|counter[1]                      ; clk          ; clk         ; 0.000        ; 0.073      ; 0.844      ;
; 0.600 ; button_handler:btn1|counter[17]                     ; button_handler:btn1|counter[17]                     ; clk          ; clk         ; 0.000        ; 0.073      ; 0.844      ;
; 0.600 ; button_handler:btn1|counter[22]                     ; button_handler:btn1|counter[22]                     ; clk          ; clk         ; 0.000        ; 0.073      ; 0.844      ;
; 0.601 ; button_handler:btn0|counter[7]                      ; button_handler:btn0|counter[7]                      ; clk          ; clk         ; 0.000        ; 0.073      ; 0.845      ;
; 0.601 ; button_handler:btn0|counter[9]                      ; button_handler:btn0|counter[9]                      ; clk          ; clk         ; 0.000        ; 0.073      ; 0.845      ;
; 0.601 ; button_handler:btn0|counter[17]                     ; button_handler:btn0|counter[17]                     ; clk          ; clk         ; 0.000        ; 0.072      ; 0.844      ;
; 0.601 ; button_handler:btn0|counter[22]                     ; button_handler:btn0|counter[22]                     ; clk          ; clk         ; 0.000        ; 0.072      ; 0.844      ;
; 0.601 ; button_handler:btn1|counter[7]                      ; button_handler:btn1|counter[7]                      ; clk          ; clk         ; 0.000        ; 0.073      ; 0.845      ;
; 0.601 ; button_handler:btn1|counter[9]                      ; button_handler:btn1|counter[9]                      ; clk          ; clk         ; 0.000        ; 0.073      ; 0.845      ;
; 0.602 ; button_handler:btn0|counter[2]                      ; button_handler:btn0|counter[2]                      ; clk          ; clk         ; 0.000        ; 0.073      ; 0.846      ;
; 0.602 ; button_handler:btn0|counter[14]                     ; button_handler:btn0|counter[14]                     ; clk          ; clk         ; 0.000        ; 0.073      ; 0.846      ;
; 0.602 ; button_handler:btn1|counter[2]                      ; button_handler:btn1|counter[2]                      ; clk          ; clk         ; 0.000        ; 0.073      ; 0.846      ;
; 0.602 ; button_handler:btn1|counter[14]                     ; button_handler:btn1|counter[14]                     ; clk          ; clk         ; 0.000        ; 0.073      ; 0.846      ;
+-------+-----------------------------------------------------+-----------------------------------------------------+--------------+-------------+--------------+------------+------------+


+--------------------------------------------------------------------------------------------------------------------------------------------------------------------------+
; Slow 1200mV 0C Model Recovery: 'clk'                                                                                                                                     ;
+--------+-------------------------------------+-----------------------------------------------------+--------------+-------------+--------------+------------+------------+
; Slack  ; From Node                           ; To Node                                             ; Launch Clock ; Latch Clock ; Relationship ; Clock Skew ; Data Delay ;
+--------+-------------------------------------+-----------------------------------------------------+--------------+-------------+--------------+------------+------------+
; -0.912 ; cpu:cpu0|control_unit:cu0|state.OFF ; lcd_controller:lcd_ctl0|linha2[0][1]                ; clk          ; clk         ; 1.000        ; -0.107     ; 1.804      ;
; -0.912 ; cpu:cpu0|control_unit:cu0|state.OFF ; lcd_controller:lcd_ctl0|linha2[0][2]                ; clk          ; clk         ; 1.000        ; -0.107     ; 1.804      ;
; -0.912 ; cpu:cpu0|control_unit:cu0|state.OFF ; lcd_controller:lcd_ctl0|reg_indice[3]               ; clk          ; clk         ; 1.000        ; -0.107     ; 1.804      ;
; -0.912 ; cpu:cpu0|control_unit:cu0|state.OFF ; lcd_controller:lcd_ctl0|reg_indice[2]               ; clk          ; clk         ; 1.000        ; -0.107     ; 1.804      ;
; -0.912 ; cpu:cpu0|control_unit:cu0|state.OFF ; lcd_controller:lcd_ctl0|reg_indice[1]               ; clk          ; clk         ; 1.000        ; -0.107     ; 1.804      ;
; -0.912 ; cpu:cpu0|control_unit:cu0|state.OFF ; lcd_controller:lcd_ctl0|reg_indice[0]               ; clk          ; clk         ; 1.000        ; -0.107     ; 1.804      ;
; -0.771 ; cpu:cpu0|control_unit:cu0|state.OFF ; lcd_controller:lcd_ctl0|linha2[3][0]                ; clk          ; clk         ; 1.000        ; 0.283      ; 2.053      ;
; -0.771 ; cpu:cpu0|control_unit:cu0|state.OFF ; lcd_controller:lcd_ctl0|linha2[4][1]                ; clk          ; clk         ; 1.000        ; 0.283      ; 2.053      ;
; -0.771 ; cpu:cpu0|control_unit:cu0|state.OFF ; lcd_controller:lcd_ctl0|linha2[4][2]                ; clk          ; clk         ; 1.000        ; 0.283      ; 2.053      ;
; -0.771 ; cpu:cpu0|control_unit:cu0|state.OFF ; lcd_controller:lcd_ctl0|linha2[4][3]                ; clk          ; clk         ; 1.000        ; 0.283      ; 2.053      ;
; -0.771 ; cpu:cpu0|control_unit:cu0|state.OFF ; lcd_controller:lcd_ctl0|linha1[7][0]                ; clk          ; clk         ; 1.000        ; 0.283      ; 2.053      ;
; -0.771 ; cpu:cpu0|control_unit:cu0|state.OFF ; lcd_controller:lcd_ctl0|linha1[2][3]                ; clk          ; clk         ; 1.000        ; 0.283      ; 2.053      ;
; -0.771 ; cpu:cpu0|control_unit:cu0|state.OFF ; lcd_controller:lcd_ctl0|linha1[9][4]                ; clk          ; clk         ; 1.000        ; 0.283      ; 2.053      ;
; -0.761 ; cpu:cpu0|control_unit:cu0|state.OFF ; lcd_controller:lcd_ctl0|linha2[5][0]                ; clk          ; clk         ; 1.000        ; 0.283      ; 2.043      ;
; -0.675 ; cpu:cpu0|control_unit:cu0|state.OFF ; lcd_controller:lcd_ctl0|linha2[4][0]                ; clk          ; clk         ; 1.000        ; 0.310      ; 1.984      ;
; -0.675 ; cpu:cpu0|control_unit:cu0|state.OFF ; lcd_controller:lcd_ctl0|linha2[5][1]                ; clk          ; clk         ; 1.000        ; 0.310      ; 1.984      ;
; -0.675 ; cpu:cpu0|control_unit:cu0|state.OFF ; lcd_controller:lcd_ctl0|linha2[5][2]                ; clk          ; clk         ; 1.000        ; 0.310      ; 1.984      ;
; -0.675 ; cpu:cpu0|control_unit:cu0|state.OFF ; lcd_controller:lcd_ctl0|linha2[5][3]                ; clk          ; clk         ; 1.000        ; 0.310      ; 1.984      ;
; -0.573 ; cpu:cpu0|control_unit:cu0|state.OFF ; lcd_controller:lcd_ctl0|cnt_espera[7]               ; clk          ; clk         ; 1.000        ; 0.269      ; 1.841      ;
; -0.573 ; cpu:cpu0|control_unit:cu0|state.OFF ; lcd_controller:lcd_ctl0|cnt_espera[6]               ; clk          ; clk         ; 1.000        ; 0.269      ; 1.841      ;
; -0.573 ; cpu:cpu0|control_unit:cu0|state.OFF ; lcd_controller:lcd_ctl0|cnt_espera[5]               ; clk          ; clk         ; 1.000        ; 0.269      ; 1.841      ;
; -0.573 ; cpu:cpu0|control_unit:cu0|state.OFF ; lcd_controller:lcd_ctl0|cnt_espera[4]               ; clk          ; clk         ; 1.000        ; 0.269      ; 1.841      ;
; -0.573 ; cpu:cpu0|control_unit:cu0|state.OFF ; lcd_controller:lcd_ctl0|cnt_espera[3]               ; clk          ; clk         ; 1.000        ; 0.269      ; 1.841      ;
; -0.573 ; cpu:cpu0|control_unit:cu0|state.OFF ; lcd_controller:lcd_ctl0|cnt_espera[2]               ; clk          ; clk         ; 1.000        ; 0.269      ; 1.841      ;
; -0.573 ; cpu:cpu0|control_unit:cu0|state.OFF ; lcd_controller:lcd_ctl0|cnt_espera[1]               ; clk          ; clk         ; 1.000        ; 0.269      ; 1.841      ;
; -0.573 ; cpu:cpu0|control_unit:cu0|state.OFF ; lcd_controller:lcd_ctl0|cnt_espera[0]               ; clk          ; clk         ; 1.000        ; 0.269      ; 1.841      ;
; -0.563 ; cpu:cpu0|control_unit:cu0|state.OFF ; lcd_controller:lcd_ctl0|estado_atual.EST_INIT_3     ; clk          ; clk         ; 1.000        ; 0.271      ; 1.833      ;
; -0.563 ; cpu:cpu0|control_unit:cu0|state.OFF ; lcd_controller:lcd_ctl0|estado_atual.EST_ESCREVE_L2 ; clk          ; clk         ; 1.000        ; 0.271      ; 1.833      ;
; -0.563 ; cpu:cpu0|control_unit:cu0|state.OFF ; lcd_controller:lcd_ctl0|estado_atual.EST_LINHA2_POS ; clk          ; clk         ; 1.000        ; 0.271      ; 1.833      ;
; -0.549 ; cpu:cpu0|control_unit:cu0|state.OFF ; lcd_controller:lcd_ctl0|cnt_espera[10]              ; clk          ; clk         ; 1.000        ; 0.270      ; 1.818      ;
; -0.549 ; cpu:cpu0|control_unit:cu0|state.OFF ; lcd_controller:lcd_ctl0|cnt_espera[16]              ; clk          ; clk         ; 1.000        ; 0.270      ; 1.818      ;
; -0.549 ; cpu:cpu0|control_unit:cu0|state.OFF ; lcd_controller:lcd_ctl0|cnt_espera[15]              ; clk          ; clk         ; 1.000        ; 0.270      ; 1.818      ;
; -0.549 ; cpu:cpu0|control_unit:cu0|state.OFF ; lcd_controller:lcd_ctl0|cnt_espera[14]              ; clk          ; clk         ; 1.000        ; 0.270      ; 1.818      ;
; -0.549 ; cpu:cpu0|control_unit:cu0|state.OFF ; lcd_controller:lcd_ctl0|cnt_espera[13]              ; clk          ; clk         ; 1.000        ; 0.270      ; 1.818      ;
; -0.549 ; cpu:cpu0|control_unit:cu0|state.OFF ; lcd_controller:lcd_ctl0|cnt_espera[12]              ; clk          ; clk         ; 1.000        ; 0.270      ; 1.818      ;
; -0.549 ; cpu:cpu0|control_unit:cu0|state.OFF ; lcd_controller:lcd_ctl0|cnt_espera[11]              ; clk          ; clk         ; 1.000        ; 0.270      ; 1.818      ;
; -0.549 ; cpu:cpu0|control_unit:cu0|state.OFF ; lcd_controller:lcd_ctl0|cnt_espera[9]               ; clk          ; clk         ; 1.000        ; 0.270      ; 1.818      ;
; -0.549 ; cpu:cpu0|control_unit:cu0|state.OFF ; lcd_controller:lcd_ctl0|cnt_espera[8]               ; clk          ; clk         ; 1.000        ; 0.270      ; 1.818      ;
; -0.548 ; cpu:cpu0|control_unit:cu0|state.OFF ; lcd_controller:lcd_ctl0|estado_atual.EST_OCIOSO     ; clk          ; clk         ; 1.000        ; 0.272      ; 1.819      ;
; -0.548 ; cpu:cpu0|control_unit:cu0|state.OFF ; lcd_controller:lcd_ctl0|estado_atual.EST_INIT_4     ; clk          ; clk         ; 1.000        ; 0.272      ; 1.819      ;
; -0.548 ; cpu:cpu0|control_unit:cu0|state.OFF ; lcd_controller:lcd_ctl0|estado_atual.EST_INIT_2     ; clk          ; clk         ; 1.000        ; 0.272      ; 1.819      ;
; -0.548 ; cpu:cpu0|control_unit:cu0|state.OFF ; lcd_controller:lcd_ctl0|estado_atual.EST_INIT_1     ; clk          ; clk         ; 1.000        ; 0.272      ; 1.819      ;
; -0.548 ; cpu:cpu0|control_unit:cu0|state.OFF ; lcd_controller:lcd_ctl0|estado_atual.EST_ESCREVE_L1 ; clk          ; clk         ; 1.000        ; 0.272      ; 1.819      ;
; -0.548 ; cpu:cpu0|control_unit:cu0|state.OFF ; lcd_controller:lcd_ctl0|estado_atual.EST_LINHA1_POS ; clk          ; clk         ; 1.000        ; 0.272      ; 1.819      ;
; -0.548 ; cpu:cpu0|control_unit:cu0|state.OFF ; lcd_controller:lcd_ctl0|estado_atual.EST_ESPERA_CPU ; clk          ; clk         ; 1.000        ; 0.272      ; 1.819      ;
; -0.538 ; cpu:cpu0|control_unit:cu0|state.OFF ; lcd_controller:lcd_ctl0|linha1[10][0]               ; clk          ; clk         ; 1.000        ; 0.286      ; 1.823      ;
; -0.532 ; cpu:cpu0|control_unit:cu0|state.OFF ; lcd_controller:lcd_ctl0|linha1[9][0]                ; clk          ; clk         ; 1.000        ; -0.074     ; 1.457      ;
; -0.532 ; cpu:cpu0|control_unit:cu0|state.OFF ; lcd_controller:lcd_ctl0|linha1[8][0]                ; clk          ; clk         ; 1.000        ; -0.074     ; 1.457      ;
; -0.532 ; cpu:cpu0|control_unit:cu0|state.OFF ; lcd_controller:lcd_ctl0|linha1[3][6]                ; clk          ; clk         ; 1.000        ; -0.074     ; 1.457      ;
; -0.532 ; cpu:cpu0|control_unit:cu0|state.OFF ; lcd_controller:lcd_ctl0|linha1[0][2]                ; clk          ; clk         ; 1.000        ; -0.074     ; 1.457      ;
; -0.532 ; cpu:cpu0|control_unit:cu0|state.OFF ; lcd_controller:lcd_ctl0|linha1[2][2]                ; clk          ; clk         ; 1.000        ; -0.074     ; 1.457      ;
; -0.532 ; cpu:cpu0|control_unit:cu0|state.OFF ; lcd_controller:lcd_ctl0|linha1[0][1]                ; clk          ; clk         ; 1.000        ; -0.074     ; 1.457      ;
; -0.532 ; cpu:cpu0|control_unit:cu0|state.OFF ; lcd_controller:lcd_ctl0|linha1[0][0]                ; clk          ; clk         ; 1.000        ; -0.074     ; 1.457      ;
; -0.532 ; cpu:cpu0|control_unit:cu0|state.OFF ; lcd_controller:lcd_ctl0|linha1[1][0]                ; clk          ; clk         ; 1.000        ; -0.074     ; 1.457      ;
; -0.532 ; cpu:cpu0|control_unit:cu0|state.OFF ; lcd_controller:lcd_ctl0|linha1[1][1]                ; clk          ; clk         ; 1.000        ; -0.074     ; 1.457      ;
; -0.532 ; cpu:cpu0|control_unit:cu0|state.OFF ; lcd_controller:lcd_ctl0|linha1[0][4]                ; clk          ; clk         ; 1.000        ; -0.074     ; 1.457      ;
; -0.532 ; cpu:cpu0|control_unit:cu0|state.OFF ; lcd_controller:lcd_ctl0|linha1[1][2]                ; clk          ; clk         ; 1.000        ; -0.074     ; 1.457      ;
; -0.532 ; cpu:cpu0|control_unit:cu0|state.OFF ; lcd_controller:lcd_ctl0|linha1[2][4]                ; clk          ; clk         ; 1.000        ; -0.074     ; 1.457      ;
; -0.394 ; cpu:cpu0|control_unit:cu0|state.OFF ; lcd_controller:lcd_ctl0|linha2[1][0]                ; clk          ; clk         ; 1.000        ; 0.338      ; 1.731      ;
; -0.394 ; cpu:cpu0|control_unit:cu0|state.OFF ; lcd_controller:lcd_ctl0|linha2[2][1]                ; clk          ; clk         ; 1.000        ; 0.338      ; 1.731      ;
; -0.394 ; cpu:cpu0|control_unit:cu0|state.OFF ; lcd_controller:lcd_ctl0|linha2[2][2]                ; clk          ; clk         ; 1.000        ; 0.338      ; 1.731      ;
; -0.394 ; cpu:cpu0|control_unit:cu0|state.OFF ; lcd_controller:lcd_ctl0|linha2[2][3]                ; clk          ; clk         ; 1.000        ; 0.338      ; 1.731      ;
; -0.394 ; cpu:cpu0|control_unit:cu0|state.OFF ; lcd_controller:lcd_ctl0|linha2[1][1]                ; clk          ; clk         ; 1.000        ; 0.338      ; 1.731      ;
; -0.394 ; cpu:cpu0|control_unit:cu0|state.OFF ; lcd_controller:lcd_ctl0|linha2[1][2]                ; clk          ; clk         ; 1.000        ; 0.338      ; 1.731      ;
; -0.394 ; cpu:cpu0|control_unit:cu0|state.OFF ; lcd_controller:lcd_ctl0|linha2[1][3]                ; clk          ; clk         ; 1.000        ; 0.338      ; 1.731      ;
; -0.166 ; cpu:cpu0|control_unit:cu0|state.OFF ; lcd_controller:lcd_ctl0|linha2[2][0]                ; clk          ; clk         ; 1.000        ; 0.337      ; 1.502      ;
; -0.166 ; cpu:cpu0|control_unit:cu0|state.OFF ; lcd_controller:lcd_ctl0|linha2[3][1]                ; clk          ; clk         ; 1.000        ; 0.337      ; 1.502      ;
; -0.166 ; cpu:cpu0|control_unit:cu0|state.OFF ; lcd_controller:lcd_ctl0|linha2[3][2]                ; clk          ; clk         ; 1.000        ; 0.337      ; 1.502      ;
; -0.166 ; cpu:cpu0|control_unit:cu0|state.OFF ; lcd_controller:lcd_ctl0|linha2[3][3]                ; clk          ; clk         ; 1.000        ; 0.337      ; 1.502      ;
; -0.166 ; cpu:cpu0|control_unit:cu0|state.OFF ; lcd_controller:lcd_ctl0|linha1[1][4]                ; clk          ; clk         ; 1.000        ; 0.337      ; 1.502      ;
; -0.166 ; cpu:cpu0|control_unit:cu0|state.OFF ; lcd_controller:lcd_ctl0|linha1[0][3]                ; clk          ; clk         ; 1.000        ; 0.337      ; 1.502      ;
; -0.166 ; cpu:cpu0|control_unit:cu0|state.OFF ; lcd_controller:lcd_ctl0|linha1[1][3]                ; clk          ; clk         ; 1.000        ; 0.337      ; 1.502      ;
; -0.166 ; cpu:cpu0|control_unit:cu0|state.OFF ; lcd_controller:lcd_ctl0|linha1[3][3]                ; clk          ; clk         ; 1.000        ; 0.337      ; 1.502      ;
+--------+-------------------------------------+-----------------------------------------------------+--------------+-------------+--------------+------------+------------+


+-------------------------------------------------------------------------------------------------------------------------------------------------------------------------+
; Slow 1200mV 0C Model Removal: 'clk'                                                                                                                                     ;
+-------+-------------------------------------+-----------------------------------------------------+--------------+-------------+--------------+------------+------------+
; Slack ; From Node                           ; To Node                                             ; Launch Clock ; Latch Clock ; Relationship ; Clock Skew ; Data Delay ;
+-------+-------------------------------------+-----------------------------------------------------+--------------+-------------+--------------+------------+------------+
; 0.733 ; cpu:cpu0|control_unit:cu0|state.OFF ; lcd_controller:lcd_ctl0|linha2[2][0]                ; clk          ; clk         ; 0.000        ; 0.500      ; 1.404      ;
; 0.733 ; cpu:cpu0|control_unit:cu0|state.OFF ; lcd_controller:lcd_ctl0|linha2[3][1]                ; clk          ; clk         ; 0.000        ; 0.500      ; 1.404      ;
; 0.733 ; cpu:cpu0|control_unit:cu0|state.OFF ; lcd_controller:lcd_ctl0|linha2[3][2]                ; clk          ; clk         ; 0.000        ; 0.500      ; 1.404      ;
; 0.733 ; cpu:cpu0|control_unit:cu0|state.OFF ; lcd_controller:lcd_ctl0|linha2[3][3]                ; clk          ; clk         ; 0.000        ; 0.500      ; 1.404      ;
; 0.733 ; cpu:cpu0|control_unit:cu0|state.OFF ; lcd_controller:lcd_ctl0|linha1[1][4]                ; clk          ; clk         ; 0.000        ; 0.500      ; 1.404      ;
; 0.733 ; cpu:cpu0|control_unit:cu0|state.OFF ; lcd_controller:lcd_ctl0|linha1[0][3]                ; clk          ; clk         ; 0.000        ; 0.500      ; 1.404      ;
; 0.733 ; cpu:cpu0|control_unit:cu0|state.OFF ; lcd_controller:lcd_ctl0|linha1[1][3]                ; clk          ; clk         ; 0.000        ; 0.500      ; 1.404      ;
; 0.733 ; cpu:cpu0|control_unit:cu0|state.OFF ; lcd_controller:lcd_ctl0|linha1[3][3]                ; clk          ; clk         ; 0.000        ; 0.500      ; 1.404      ;
; 0.919 ; cpu:cpu0|control_unit:cu0|state.OFF ; lcd_controller:lcd_ctl0|linha2[1][0]                ; clk          ; clk         ; 0.000        ; 0.501      ; 1.591      ;
; 0.919 ; cpu:cpu0|control_unit:cu0|state.OFF ; lcd_controller:lcd_ctl0|linha2[2][1]                ; clk          ; clk         ; 0.000        ; 0.501      ; 1.591      ;
; 0.919 ; cpu:cpu0|control_unit:cu0|state.OFF ; lcd_controller:lcd_ctl0|linha2[2][2]                ; clk          ; clk         ; 0.000        ; 0.501      ; 1.591      ;
; 0.919 ; cpu:cpu0|control_unit:cu0|state.OFF ; lcd_controller:lcd_ctl0|linha2[2][3]                ; clk          ; clk         ; 0.000        ; 0.501      ; 1.591      ;
; 0.919 ; cpu:cpu0|control_unit:cu0|state.OFF ; lcd_controller:lcd_ctl0|linha2[1][1]                ; clk          ; clk         ; 0.000        ; 0.501      ; 1.591      ;
; 0.919 ; cpu:cpu0|control_unit:cu0|state.OFF ; lcd_controller:lcd_ctl0|linha2[1][2]                ; clk          ; clk         ; 0.000        ; 0.501      ; 1.591      ;
; 0.919 ; cpu:cpu0|control_unit:cu0|state.OFF ; lcd_controller:lcd_ctl0|linha2[1][3]                ; clk          ; clk         ; 0.000        ; 0.501      ; 1.591      ;
; 1.040 ; cpu:cpu0|control_unit:cu0|state.OFF ; lcd_controller:lcd_ctl0|linha1[10][0]               ; clk          ; clk         ; 0.000        ; 0.489      ; 1.700      ;
; 1.061 ; cpu:cpu0|control_unit:cu0|state.OFF ; lcd_controller:lcd_ctl0|estado_atual.EST_OCIOSO     ; clk          ; clk         ; 0.000        ; 0.475      ; 1.707      ;
; 1.061 ; cpu:cpu0|control_unit:cu0|state.OFF ; lcd_controller:lcd_ctl0|estado_atual.EST_INIT_4     ; clk          ; clk         ; 0.000        ; 0.475      ; 1.707      ;
; 1.061 ; cpu:cpu0|control_unit:cu0|state.OFF ; lcd_controller:lcd_ctl0|estado_atual.EST_INIT_2     ; clk          ; clk         ; 0.000        ; 0.475      ; 1.707      ;
; 1.061 ; cpu:cpu0|control_unit:cu0|state.OFF ; lcd_controller:lcd_ctl0|estado_atual.EST_INIT_1     ; clk          ; clk         ; 0.000        ; 0.475      ; 1.707      ;
; 1.061 ; cpu:cpu0|control_unit:cu0|state.OFF ; lcd_controller:lcd_ctl0|estado_atual.EST_ESCREVE_L1 ; clk          ; clk         ; 0.000        ; 0.475      ; 1.707      ;
; 1.061 ; cpu:cpu0|control_unit:cu0|state.OFF ; lcd_controller:lcd_ctl0|estado_atual.EST_LINHA1_POS ; clk          ; clk         ; 0.000        ; 0.475      ; 1.707      ;
; 1.061 ; cpu:cpu0|control_unit:cu0|state.OFF ; lcd_controller:lcd_ctl0|estado_atual.EST_ESPERA_CPU ; clk          ; clk         ; 0.000        ; 0.475      ; 1.707      ;
; 1.063 ; cpu:cpu0|control_unit:cu0|state.OFF ; lcd_controller:lcd_ctl0|cnt_espera[10]              ; clk          ; clk         ; 0.000        ; 0.473      ; 1.707      ;
; 1.063 ; cpu:cpu0|control_unit:cu0|state.OFF ; lcd_controller:lcd_ctl0|cnt_espera[16]              ; clk          ; clk         ; 0.000        ; 0.473      ; 1.707      ;
; 1.063 ; cpu:cpu0|control_unit:cu0|state.OFF ; lcd_controller:lcd_ctl0|cnt_espera[15]              ; clk          ; clk         ; 0.000        ; 0.473      ; 1.707      ;
; 1.063 ; cpu:cpu0|control_unit:cu0|state.OFF ; lcd_controller:lcd_ctl0|cnt_espera[14]              ; clk          ; clk         ; 0.000        ; 0.473      ; 1.707      ;
; 1.063 ; cpu:cpu0|control_unit:cu0|state.OFF ; lcd_controller:lcd_ctl0|cnt_espera[13]              ; clk          ; clk         ; 0.000        ; 0.473      ; 1.707      ;
; 1.063 ; cpu:cpu0|control_unit:cu0|state.OFF ; lcd_controller:lcd_ctl0|cnt_espera[12]              ; clk          ; clk         ; 0.000        ; 0.473      ; 1.707      ;
; 1.063 ; cpu:cpu0|control_unit:cu0|state.OFF ; lcd_controller:lcd_ctl0|cnt_espera[11]              ; clk          ; clk         ; 0.000        ; 0.473      ; 1.707      ;
; 1.063 ; cpu:cpu0|control_unit:cu0|state.OFF ; lcd_controller:lcd_ctl0|cnt_espera[9]               ; clk          ; clk         ; 0.000        ; 0.473      ; 1.707      ;
; 1.063 ; cpu:cpu0|control_unit:cu0|state.OFF ; lcd_controller:lcd_ctl0|cnt_espera[8]               ; clk          ; clk         ; 0.000        ; 0.473      ; 1.707      ;
; 1.076 ; cpu:cpu0|control_unit:cu0|state.OFF ; lcd_controller:lcd_ctl0|estado_atual.EST_INIT_3     ; clk          ; clk         ; 0.000        ; 0.474      ; 1.721      ;
; 1.076 ; cpu:cpu0|control_unit:cu0|state.OFF ; lcd_controller:lcd_ctl0|estado_atual.EST_ESCREVE_L2 ; clk          ; clk         ; 0.000        ; 0.474      ; 1.721      ;
; 1.076 ; cpu:cpu0|control_unit:cu0|state.OFF ; lcd_controller:lcd_ctl0|estado_atual.EST_LINHA2_POS ; clk          ; clk         ; 0.000        ; 0.474      ; 1.721      ;
; 1.086 ; cpu:cpu0|control_unit:cu0|state.OFF ; lcd_controller:lcd_ctl0|cnt_espera[7]               ; clk          ; clk         ; 0.000        ; 0.472      ; 1.729      ;
; 1.086 ; cpu:cpu0|control_unit:cu0|state.OFF ; lcd_controller:lcd_ctl0|cnt_espera[6]               ; clk          ; clk         ; 0.000        ; 0.472      ; 1.729      ;
; 1.086 ; cpu:cpu0|control_unit:cu0|state.OFF ; lcd_controller:lcd_ctl0|cnt_espera[5]               ; clk          ; clk         ; 0.000        ; 0.472      ; 1.729      ;
; 1.086 ; cpu:cpu0|control_unit:cu0|state.OFF ; lcd_controller:lcd_ctl0|cnt_espera[4]               ; clk          ; clk         ; 0.000        ; 0.472      ; 1.729      ;
; 1.086 ; cpu:cpu0|control_unit:cu0|state.OFF ; lcd_controller:lcd_ctl0|cnt_espera[3]               ; clk          ; clk         ; 0.000        ; 0.472      ; 1.729      ;
; 1.086 ; cpu:cpu0|control_unit:cu0|state.OFF ; lcd_controller:lcd_ctl0|cnt_espera[2]               ; clk          ; clk         ; 0.000        ; 0.472      ; 1.729      ;
; 1.086 ; cpu:cpu0|control_unit:cu0|state.OFF ; lcd_controller:lcd_ctl0|cnt_espera[1]               ; clk          ; clk         ; 0.000        ; 0.472      ; 1.729      ;
; 1.086 ; cpu:cpu0|control_unit:cu0|state.OFF ; lcd_controller:lcd_ctl0|cnt_espera[0]               ; clk          ; clk         ; 0.000        ; 0.472      ; 1.729      ;
; 1.117 ; cpu:cpu0|control_unit:cu0|state.OFF ; lcd_controller:lcd_ctl0|linha1[9][0]                ; clk          ; clk         ; 0.000        ; 0.072      ; 1.360      ;
; 1.117 ; cpu:cpu0|control_unit:cu0|state.OFF ; lcd_controller:lcd_ctl0|linha1[8][0]                ; clk          ; clk         ; 0.000        ; 0.072      ; 1.360      ;
; 1.117 ; cpu:cpu0|control_unit:cu0|state.OFF ; lcd_controller:lcd_ctl0|linha1[3][6]                ; clk          ; clk         ; 0.000        ; 0.072      ; 1.360      ;
; 1.117 ; cpu:cpu0|control_unit:cu0|state.OFF ; lcd_controller:lcd_ctl0|linha1[0][2]                ; clk          ; clk         ; 0.000        ; 0.072      ; 1.360      ;
; 1.117 ; cpu:cpu0|control_unit:cu0|state.OFF ; lcd_controller:lcd_ctl0|linha1[2][2]                ; clk          ; clk         ; 0.000        ; 0.072      ; 1.360      ;
; 1.117 ; cpu:cpu0|control_unit:cu0|state.OFF ; lcd_controller:lcd_ctl0|linha1[0][1]                ; clk          ; clk         ; 0.000        ; 0.072      ; 1.360      ;
; 1.117 ; cpu:cpu0|control_unit:cu0|state.OFF ; lcd_controller:lcd_ctl0|linha1[0][0]                ; clk          ; clk         ; 0.000        ; 0.072      ; 1.360      ;
; 1.117 ; cpu:cpu0|control_unit:cu0|state.OFF ; lcd_controller:lcd_ctl0|linha1[1][0]                ; clk          ; clk         ; 0.000        ; 0.072      ; 1.360      ;
; 1.117 ; cpu:cpu0|control_unit:cu0|state.OFF ; lcd_controller:lcd_ctl0|linha1[1][1]                ; clk          ; clk         ; 0.000        ; 0.072      ; 1.360      ;
; 1.117 ; cpu:cpu0|control_unit:cu0|state.OFF ; lcd_controller:lcd_ctl0|linha1[0][4]                ; clk          ; clk         ; 0.000        ; 0.072      ; 1.360      ;
; 1.117 ; cpu:cpu0|control_unit:cu0|state.OFF ; lcd_controller:lcd_ctl0|linha1[1][2]                ; clk          ; clk         ; 0.000        ; 0.072      ; 1.360      ;
; 1.117 ; cpu:cpu0|control_unit:cu0|state.OFF ; lcd_controller:lcd_ctl0|linha1[2][4]                ; clk          ; clk         ; 0.000        ; 0.072      ; 1.360      ;
; 1.130 ; cpu:cpu0|control_unit:cu0|state.OFF ; lcd_controller:lcd_ctl0|linha2[4][0]                ; clk          ; clk         ; 0.000        ; 0.514      ; 1.815      ;
; 1.130 ; cpu:cpu0|control_unit:cu0|state.OFF ; lcd_controller:lcd_ctl0|linha2[5][1]                ; clk          ; clk         ; 0.000        ; 0.514      ; 1.815      ;
; 1.130 ; cpu:cpu0|control_unit:cu0|state.OFF ; lcd_controller:lcd_ctl0|linha2[5][2]                ; clk          ; clk         ; 0.000        ; 0.514      ; 1.815      ;
; 1.130 ; cpu:cpu0|control_unit:cu0|state.OFF ; lcd_controller:lcd_ctl0|linha2[5][3]                ; clk          ; clk         ; 0.000        ; 0.514      ; 1.815      ;
; 1.231 ; cpu:cpu0|control_unit:cu0|state.OFF ; lcd_controller:lcd_ctl0|linha2[5][0]                ; clk          ; clk         ; 0.000        ; 0.487      ; 1.889      ;
; 1.238 ; cpu:cpu0|control_unit:cu0|state.OFF ; lcd_controller:lcd_ctl0|linha2[3][0]                ; clk          ; clk         ; 0.000        ; 0.487      ; 1.896      ;
; 1.238 ; cpu:cpu0|control_unit:cu0|state.OFF ; lcd_controller:lcd_ctl0|linha2[4][1]                ; clk          ; clk         ; 0.000        ; 0.487      ; 1.896      ;
; 1.238 ; cpu:cpu0|control_unit:cu0|state.OFF ; lcd_controller:lcd_ctl0|linha2[4][2]                ; clk          ; clk         ; 0.000        ; 0.487      ; 1.896      ;
; 1.238 ; cpu:cpu0|control_unit:cu0|state.OFF ; lcd_controller:lcd_ctl0|linha2[4][3]                ; clk          ; clk         ; 0.000        ; 0.487      ; 1.896      ;
; 1.238 ; cpu:cpu0|control_unit:cu0|state.OFF ; lcd_controller:lcd_ctl0|linha1[7][0]                ; clk          ; clk         ; 0.000        ; 0.487      ; 1.896      ;
; 1.238 ; cpu:cpu0|control_unit:cu0|state.OFF ; lcd_controller:lcd_ctl0|linha1[2][3]                ; clk          ; clk         ; 0.000        ; 0.487      ; 1.896      ;
; 1.238 ; cpu:cpu0|control_unit:cu0|state.OFF ; lcd_controller:lcd_ctl0|linha1[9][4]                ; clk          ; clk         ; 0.000        ; 0.487      ; 1.896      ;
; 1.443 ; cpu:cpu0|control_unit:cu0|state.OFF ; lcd_controller:lcd_ctl0|linha2[0][1]                ; clk          ; clk         ; 0.000        ; 0.080      ; 1.694      ;
; 1.443 ; cpu:cpu0|control_unit:cu0|state.OFF ; lcd_controller:lcd_ctl0|linha2[0][2]                ; clk          ; clk         ; 0.000        ; 0.080      ; 1.694      ;
; 1.443 ; cpu:cpu0|control_unit:cu0|state.OFF ; lcd_controller:lcd_ctl0|reg_indice[3]               ; clk          ; clk         ; 0.000        ; 0.080      ; 1.694      ;
; 1.443 ; cpu:cpu0|control_unit:cu0|state.OFF ; lcd_controller:lcd_ctl0|reg_indice[2]               ; clk          ; clk         ; 0.000        ; 0.080      ; 1.694      ;
; 1.443 ; cpu:cpu0|control_unit:cu0|state.OFF ; lcd_controller:lcd_ctl0|reg_indice[1]               ; clk          ; clk         ; 0.000        ; 0.080      ; 1.694      ;
; 1.443 ; cpu:cpu0|control_unit:cu0|state.OFF ; lcd_controller:lcd_ctl0|reg_indice[0]               ; clk          ; clk         ; 0.000        ; 0.080      ; 1.694      ;
+-------+-------------------------------------+-----------------------------------------------------+--------------+-------------+--------------+------------+------------+


----------------------------------------------
; Slow 1200mV 0C Model Metastability Summary ;
----------------------------------------------
Design MTBF is not calculated because the design doesn't meet its timing requirements.



+------------------------------------+
; Fast 1200mV 0C Model Setup Summary ;
+-------+--------+-------------------+
; Clock ; Slack  ; End Point TNS     ;
+-------+--------+-------------------+
; clk   ; -9.238 ; -1441.708         ;
+-------+--------+-------------------+


+-----------------------------------+
; Fast 1200mV 0C Model Hold Summary ;
+-------+-------+-------------------+
; Clock ; Slack ; End Point TNS     ;
+-------+-------+-------------------+
; clk   ; 0.173 ; 0.000             ;
+-------+-------+-------------------+


+---------------------------------------+
; Fast 1200mV 0C Model Recovery Summary ;
+-------+--------+----------------------+
; Clock ; Slack  ; End Point TNS        ;
+-------+--------+----------------------+
; clk   ; -0.117 ; -0.939               ;
+-------+--------+----------------------+


+--------------------------------------+
; Fast 1200mV 0C Model Removal Summary ;
+-------+-------+----------------------+
; Clock ; Slack ; End Point TNS        ;
+-------+-------+----------------------+
; clk   ; 0.372 ; 0.000                ;
+-------+-------+----------------------+


+--------------------------------------------------+
; Fast 1200mV 0C Model Minimum Pulse Width Summary ;
+-------+--------+---------------------------------+
; Clock ; Slack  ; End Point TNS                   ;
+-------+--------+---------------------------------+
; clk   ; -3.000 ; -647.421                        ;
+-------+--------+---------------------------------+


+---------------------------------------------------------------------------------------------------------------------------------------------------------------+
; Fast 1200mV 0C Model Setup: 'clk'                                                                                                                             ;
+--------+-----------------------------------------+--------------------------------------+--------------+-------------+--------------+------------+------------+
; Slack  ; From Node                               ; To Node                              ; Launch Clock ; Latch Clock ; Relationship ; Clock Skew ; Data Delay ;
+--------+-----------------------------------------+--------------------------------------+--------------+-------------+--------------+------------+------------+
; -9.238 ; cpu:cpu0|control_unit:cu0|opcode[2]     ; lcd_controller:lcd_ctl0|linha2[3][2] ; clk          ; clk         ; 1.000        ; 0.173      ; 10.398     ;
; -9.236 ; cpu:cpu0|control_unit:cu0|opcode[2]     ; lcd_controller:lcd_ctl0|linha2[3][1] ; clk          ; clk         ; 1.000        ; 0.173      ; 10.396     ;
; -9.232 ; cpu:cpu0|control_unit:cu0|opcode[2]     ; lcd_controller:lcd_ctl0|linha2[3][3] ; clk          ; clk         ; 1.000        ; 0.173      ; 10.392     ;
; -9.226 ; cpu:cpu0|control_unit:cu0|opcode[2]     ; lcd_controller:lcd_ctl0|linha2[2][0] ; clk          ; clk         ; 1.000        ; 0.173      ; 10.386     ;
; -9.196 ; cpu:cpu0|control_unit:cu0|opcode[2]     ; lcd_controller:lcd_ctl0|linha2[1][0] ; clk          ; clk         ; 1.000        ; 0.174      ; 10.357     ;
; -9.195 ; cpu:cpu0|control_unit:cu0|opcode[2]     ; lcd_controller:lcd_ctl0|linha2[2][2] ; clk          ; clk         ; 1.000        ; 0.174      ; 10.356     ;
; -9.193 ; cpu:cpu0|control_unit:cu0|opcode[2]     ; lcd_controller:lcd_ctl0|linha2[2][3] ; clk          ; clk         ; 1.000        ; 0.174      ; 10.354     ;
; -9.191 ; cpu:cpu0|control_unit:cu0|opcode[2]     ; lcd_controller:lcd_ctl0|linha2[2][1] ; clk          ; clk         ; 1.000        ; 0.174      ; 10.352     ;
; -9.181 ; cpu:cpu0|control_unit:cu0|opcode[0]     ; lcd_controller:lcd_ctl0|linha2[3][2] ; clk          ; clk         ; 1.000        ; 0.173      ; 10.341     ;
; -9.179 ; cpu:cpu0|control_unit:cu0|opcode[0]     ; lcd_controller:lcd_ctl0|linha2[3][1] ; clk          ; clk         ; 1.000        ; 0.173      ; 10.339     ;
; -9.175 ; cpu:cpu0|control_unit:cu0|opcode[0]     ; lcd_controller:lcd_ctl0|linha2[3][3] ; clk          ; clk         ; 1.000        ; 0.173      ; 10.335     ;
; -9.169 ; cpu:cpu0|control_unit:cu0|opcode[0]     ; lcd_controller:lcd_ctl0|linha2[2][0] ; clk          ; clk         ; 1.000        ; 0.173      ; 10.329     ;
; -9.152 ; cpu:cpu0|control_unit:cu0|state.EXECUTE ; lcd_controller:lcd_ctl0|linha2[3][2] ; clk          ; clk         ; 1.000        ; 0.173      ; 10.312     ;
; -9.150 ; cpu:cpu0|control_unit:cu0|state.EXECUTE ; lcd_controller:lcd_ctl0|linha2[3][1] ; clk          ; clk         ; 1.000        ; 0.173      ; 10.310     ;
; -9.146 ; cpu:cpu0|control_unit:cu0|state.EXECUTE ; lcd_controller:lcd_ctl0|linha2[3][3] ; clk          ; clk         ; 1.000        ; 0.173      ; 10.306     ;
; -9.140 ; cpu:cpu0|control_unit:cu0|state.EXECUTE ; lcd_controller:lcd_ctl0|linha2[2][0] ; clk          ; clk         ; 1.000        ; 0.173      ; 10.300     ;
; -9.139 ; cpu:cpu0|control_unit:cu0|opcode[0]     ; lcd_controller:lcd_ctl0|linha2[1][0] ; clk          ; clk         ; 1.000        ; 0.174      ; 10.300     ;
; -9.138 ; cpu:cpu0|control_unit:cu0|opcode[0]     ; lcd_controller:lcd_ctl0|linha2[2][2] ; clk          ; clk         ; 1.000        ; 0.174      ; 10.299     ;
; -9.136 ; cpu:cpu0|control_unit:cu0|opcode[0]     ; lcd_controller:lcd_ctl0|linha2[2][3] ; clk          ; clk         ; 1.000        ; 0.174      ; 10.297     ;
; -9.134 ; cpu:cpu0|control_unit:cu0|opcode[0]     ; lcd_controller:lcd_ctl0|linha2[2][1] ; clk          ; clk         ; 1.000        ; 0.174      ; 10.295     ;
; -9.110 ; cpu:cpu0|control_unit:cu0|state.EXECUTE ; lcd_controller:lcd_ctl0|linha2[1][0] ; clk          ; clk         ; 1.000        ; 0.174      ; 10.271     ;
; -9.109 ; cpu:cpu0|control_unit:cu0|state.EXECUTE ; lcd_controller:lcd_ctl0|linha2[2][2] ; clk          ; clk         ; 1.000        ; 0.174      ; 10.270     ;
; -9.107 ; cpu:cpu0|control_unit:cu0|state.EXECUTE ; lcd_controller:lcd_ctl0|linha2[2][3] ; clk          ; clk         ; 1.000        ; 0.174      ; 10.268     ;
; -9.105 ; cpu:cpu0|control_unit:cu0|state.EXECUTE ; lcd_controller:lcd_ctl0|linha2[2][1] ; clk          ; clk         ; 1.000        ; 0.174      ; 10.266     ;
; -9.091 ; cpu:cpu0|control_unit:cu0|opcode[1]     ; lcd_controller:lcd_ctl0|linha2[3][2] ; clk          ; clk         ; 1.000        ; 0.173      ; 10.251     ;
; -9.089 ; cpu:cpu0|control_unit:cu0|opcode[1]     ; lcd_controller:lcd_ctl0|linha2[3][1] ; clk          ; clk         ; 1.000        ; 0.173      ; 10.249     ;
; -9.085 ; cpu:cpu0|control_unit:cu0|opcode[1]     ; lcd_controller:lcd_ctl0|linha2[3][3] ; clk          ; clk         ; 1.000        ; 0.173      ; 10.245     ;
; -9.079 ; cpu:cpu0|control_unit:cu0|opcode[1]     ; lcd_controller:lcd_ctl0|linha2[2][0] ; clk          ; clk         ; 1.000        ; 0.173      ; 10.239     ;
; -9.076 ; cpu:cpu0|control_unit:cu0|opcode[2]     ; lcd_controller:lcd_ctl0|linha2[4][1] ; clk          ; clk         ; 1.000        ; 0.145      ; 10.208     ;
; -9.070 ; cpu:cpu0|control_unit:cu0|opcode[2]     ; lcd_controller:lcd_ctl0|linha2[4][2] ; clk          ; clk         ; 1.000        ; 0.145      ; 10.202     ;
; -9.055 ; cpu:cpu0|control_unit:cu0|opcode[2]     ; lcd_controller:lcd_ctl0|linha2[4][3] ; clk          ; clk         ; 1.000        ; 0.145      ; 10.187     ;
; -9.049 ; cpu:cpu0|control_unit:cu0|opcode[1]     ; lcd_controller:lcd_ctl0|linha2[1][0] ; clk          ; clk         ; 1.000        ; 0.174      ; 10.210     ;
; -9.048 ; cpu:cpu0|control_unit:cu0|opcode[1]     ; lcd_controller:lcd_ctl0|linha2[2][2] ; clk          ; clk         ; 1.000        ; 0.174      ; 10.209     ;
; -9.046 ; cpu:cpu0|control_unit:cu0|opcode[1]     ; lcd_controller:lcd_ctl0|linha2[2][3] ; clk          ; clk         ; 1.000        ; 0.174      ; 10.207     ;
; -9.044 ; cpu:cpu0|control_unit:cu0|opcode[1]     ; lcd_controller:lcd_ctl0|linha2[2][1] ; clk          ; clk         ; 1.000        ; 0.174      ; 10.205     ;
; -9.036 ; cpu:cpu0|control_unit:cu0|opcode[2]     ; lcd_controller:lcd_ctl0|linha2[3][0] ; clk          ; clk         ; 1.000        ; 0.145      ; 10.168     ;
; -9.019 ; cpu:cpu0|control_unit:cu0|opcode[0]     ; lcd_controller:lcd_ctl0|linha2[4][1] ; clk          ; clk         ; 1.000        ; 0.145      ; 10.151     ;
; -9.018 ; cpu:cpu0|control_unit:cu0|imm[10]       ; lcd_controller:lcd_ctl0|linha2[3][2] ; clk          ; clk         ; 1.000        ; 0.173      ; 10.178     ;
; -9.016 ; cpu:cpu0|control_unit:cu0|imm[10]       ; lcd_controller:lcd_ctl0|linha2[3][1] ; clk          ; clk         ; 1.000        ; 0.173      ; 10.176     ;
; -9.013 ; cpu:cpu0|control_unit:cu0|opcode[0]     ; lcd_controller:lcd_ctl0|linha2[4][2] ; clk          ; clk         ; 1.000        ; 0.145      ; 10.145     ;
; -9.012 ; cpu:cpu0|control_unit:cu0|imm[10]       ; lcd_controller:lcd_ctl0|linha2[3][3] ; clk          ; clk         ; 1.000        ; 0.173      ; 10.172     ;
; -9.010 ; cpu:cpu0|control_unit:cu0|opcode[2]     ; lcd_controller:lcd_ctl0|linha2[1][1] ; clk          ; clk         ; 1.000        ; 0.174      ; 10.171     ;
; -9.010 ; cpu:cpu0|control_unit:cu0|opcode[2]     ; lcd_controller:lcd_ctl0|linha2[1][3] ; clk          ; clk         ; 1.000        ; 0.174      ; 10.171     ;
; -9.007 ; cpu:cpu0|control_unit:cu0|opcode[2]     ; lcd_controller:lcd_ctl0|linha2[1][2] ; clk          ; clk         ; 1.000        ; 0.174      ; 10.168     ;
; -9.006 ; cpu:cpu0|control_unit:cu0|imm[10]       ; lcd_controller:lcd_ctl0|linha2[2][0] ; clk          ; clk         ; 1.000        ; 0.173      ; 10.166     ;
; -8.998 ; cpu:cpu0|control_unit:cu0|opcode[0]     ; lcd_controller:lcd_ctl0|linha2[4][3] ; clk          ; clk         ; 1.000        ; 0.145      ; 10.130     ;
; -8.990 ; cpu:cpu0|control_unit:cu0|state.EXECUTE ; lcd_controller:lcd_ctl0|linha2[4][1] ; clk          ; clk         ; 1.000        ; 0.145      ; 10.122     ;
; -8.984 ; cpu:cpu0|control_unit:cu0|state.EXECUTE ; lcd_controller:lcd_ctl0|linha2[4][2] ; clk          ; clk         ; 1.000        ; 0.145      ; 10.116     ;
; -8.979 ; cpu:cpu0|control_unit:cu0|opcode[0]     ; lcd_controller:lcd_ctl0|linha2[3][0] ; clk          ; clk         ; 1.000        ; 0.145      ; 10.111     ;
; -8.976 ; cpu:cpu0|control_unit:cu0|imm[10]       ; lcd_controller:lcd_ctl0|linha2[1][0] ; clk          ; clk         ; 1.000        ; 0.174      ; 10.137     ;
; -8.975 ; cpu:cpu0|control_unit:cu0|imm[10]       ; lcd_controller:lcd_ctl0|linha2[2][2] ; clk          ; clk         ; 1.000        ; 0.174      ; 10.136     ;
; -8.973 ; cpu:cpu0|control_unit:cu0|imm[10]       ; lcd_controller:lcd_ctl0|linha2[2][3] ; clk          ; clk         ; 1.000        ; 0.174      ; 10.134     ;
; -8.971 ; cpu:cpu0|control_unit:cu0|imm[10]       ; lcd_controller:lcd_ctl0|linha2[2][1] ; clk          ; clk         ; 1.000        ; 0.174      ; 10.132     ;
; -8.969 ; cpu:cpu0|control_unit:cu0|state.EXECUTE ; lcd_controller:lcd_ctl0|linha2[4][3] ; clk          ; clk         ; 1.000        ; 0.145      ; 10.101     ;
; -8.953 ; cpu:cpu0|control_unit:cu0|opcode[0]     ; lcd_controller:lcd_ctl0|linha2[1][1] ; clk          ; clk         ; 1.000        ; 0.174      ; 10.114     ;
; -8.953 ; cpu:cpu0|control_unit:cu0|opcode[0]     ; lcd_controller:lcd_ctl0|linha2[1][3] ; clk          ; clk         ; 1.000        ; 0.174      ; 10.114     ;
; -8.950 ; cpu:cpu0|control_unit:cu0|state.EXECUTE ; lcd_controller:lcd_ctl0|linha2[3][0] ; clk          ; clk         ; 1.000        ; 0.145      ; 10.082     ;
; -8.950 ; cpu:cpu0|control_unit:cu0|opcode[0]     ; lcd_controller:lcd_ctl0|linha2[1][2] ; clk          ; clk         ; 1.000        ; 0.174      ; 10.111     ;
; -8.929 ; cpu:cpu0|control_unit:cu0|opcode[1]     ; lcd_controller:lcd_ctl0|linha2[4][1] ; clk          ; clk         ; 1.000        ; 0.145      ; 10.061     ;
; -8.924 ; cpu:cpu0|control_unit:cu0|state.EXECUTE ; lcd_controller:lcd_ctl0|linha2[1][1] ; clk          ; clk         ; 1.000        ; 0.174      ; 10.085     ;
; -8.924 ; cpu:cpu0|control_unit:cu0|state.EXECUTE ; lcd_controller:lcd_ctl0|linha2[1][3] ; clk          ; clk         ; 1.000        ; 0.174      ; 10.085     ;
; -8.923 ; cpu:cpu0|control_unit:cu0|opcode[1]     ; lcd_controller:lcd_ctl0|linha2[4][2] ; clk          ; clk         ; 1.000        ; 0.145      ; 10.055     ;
; -8.921 ; cpu:cpu0|control_unit:cu0|state.EXECUTE ; lcd_controller:lcd_ctl0|linha2[1][2] ; clk          ; clk         ; 1.000        ; 0.174      ; 10.082     ;
; -8.908 ; cpu:cpu0|control_unit:cu0|opcode[1]     ; lcd_controller:lcd_ctl0|linha2[4][3] ; clk          ; clk         ; 1.000        ; 0.145      ; 10.040     ;
; -8.889 ; cpu:cpu0|control_unit:cu0|opcode[1]     ; lcd_controller:lcd_ctl0|linha2[3][0] ; clk          ; clk         ; 1.000        ; 0.145      ; 10.021     ;
; -8.883 ; cpu:cpu0|control_unit:cu0|opcode[2]     ; lcd_controller:lcd_ctl0|linha2[5][2] ; clk          ; clk         ; 1.000        ; 0.153      ; 10.023     ;
; -8.882 ; cpu:cpu0|control_unit:cu0|opcode[2]     ; lcd_controller:lcd_ctl0|linha2[5][1] ; clk          ; clk         ; 1.000        ; 0.153      ; 10.022     ;
; -8.881 ; cpu:cpu0|control_unit:cu0|opcode[2]     ; lcd_controller:lcd_ctl0|linha2[4][0] ; clk          ; clk         ; 1.000        ; 0.153      ; 10.021     ;
; -8.872 ; cpu:cpu0|control_unit:cu0|opcode[2]     ; lcd_controller:lcd_ctl0|linha2[5][3] ; clk          ; clk         ; 1.000        ; 0.153      ; 10.012     ;
; -8.863 ; cpu:cpu0|control_unit:cu0|opcode[1]     ; lcd_controller:lcd_ctl0|linha2[1][1] ; clk          ; clk         ; 1.000        ; 0.174      ; 10.024     ;
; -8.863 ; cpu:cpu0|control_unit:cu0|opcode[1]     ; lcd_controller:lcd_ctl0|linha2[1][3] ; clk          ; clk         ; 1.000        ; 0.174      ; 10.024     ;
; -8.860 ; cpu:cpu0|control_unit:cu0|opcode[1]     ; lcd_controller:lcd_ctl0|linha2[1][2] ; clk          ; clk         ; 1.000        ; 0.174      ; 10.021     ;
; -8.856 ; cpu:cpu0|control_unit:cu0|imm[10]       ; lcd_controller:lcd_ctl0|linha2[4][1] ; clk          ; clk         ; 1.000        ; 0.145      ; 9.988      ;
; -8.853 ; cpu:cpu0|control_unit:cu0|imm[2]        ; lcd_controller:lcd_ctl0|linha2[3][2] ; clk          ; clk         ; 1.000        ; 0.161      ; 10.001     ;
; -8.851 ; cpu:cpu0|control_unit:cu0|imm[2]        ; lcd_controller:lcd_ctl0|linha2[3][1] ; clk          ; clk         ; 1.000        ; 0.161      ; 9.999      ;
; -8.851 ; cpu:cpu0|control_unit:cu0|imm[5]        ; lcd_controller:lcd_ctl0|linha2[3][2] ; clk          ; clk         ; 1.000        ; 0.161      ; 9.999      ;
; -8.850 ; cpu:cpu0|control_unit:cu0|imm[4]        ; lcd_controller:lcd_ctl0|linha2[3][2] ; clk          ; clk         ; 1.000        ; 0.167      ; 10.004     ;
; -8.850 ; cpu:cpu0|control_unit:cu0|imm[10]       ; lcd_controller:lcd_ctl0|linha2[4][2] ; clk          ; clk         ; 1.000        ; 0.145      ; 9.982      ;
; -8.849 ; cpu:cpu0|control_unit:cu0|imm[5]        ; lcd_controller:lcd_ctl0|linha2[3][1] ; clk          ; clk         ; 1.000        ; 0.161      ; 9.997      ;
; -8.848 ; cpu:cpu0|control_unit:cu0|imm[4]        ; lcd_controller:lcd_ctl0|linha2[3][1] ; clk          ; clk         ; 1.000        ; 0.167      ; 10.002     ;
; -8.847 ; cpu:cpu0|control_unit:cu0|imm[2]        ; lcd_controller:lcd_ctl0|linha2[3][3] ; clk          ; clk         ; 1.000        ; 0.161      ; 9.995      ;
; -8.845 ; cpu:cpu0|control_unit:cu0|imm[5]        ; lcd_controller:lcd_ctl0|linha2[3][3] ; clk          ; clk         ; 1.000        ; 0.161      ; 9.993      ;
; -8.844 ; cpu:cpu0|control_unit:cu0|imm[4]        ; lcd_controller:lcd_ctl0|linha2[3][3] ; clk          ; clk         ; 1.000        ; 0.167      ; 9.998      ;
; -8.841 ; cpu:cpu0|control_unit:cu0|imm[2]        ; lcd_controller:lcd_ctl0|linha2[2][0] ; clk          ; clk         ; 1.000        ; 0.161      ; 9.989      ;
; -8.839 ; cpu:cpu0|control_unit:cu0|imm[5]        ; lcd_controller:lcd_ctl0|linha2[2][0] ; clk          ; clk         ; 1.000        ; 0.161      ; 9.987      ;
; -8.838 ; cpu:cpu0|control_unit:cu0|imm[4]        ; lcd_controller:lcd_ctl0|linha2[2][0] ; clk          ; clk         ; 1.000        ; 0.167      ; 9.992      ;
; -8.835 ; cpu:cpu0|control_unit:cu0|imm[10]       ; lcd_controller:lcd_ctl0|linha2[4][3] ; clk          ; clk         ; 1.000        ; 0.145      ; 9.967      ;
; -8.832 ; cpu:cpu0|control_unit:cu0|imm[0]        ; lcd_controller:lcd_ctl0|linha2[3][2] ; clk          ; clk         ; 1.000        ; 0.161      ; 9.980      ;
; -8.830 ; cpu:cpu0|control_unit:cu0|imm[0]        ; lcd_controller:lcd_ctl0|linha2[3][1] ; clk          ; clk         ; 1.000        ; 0.161      ; 9.978      ;
; -8.826 ; cpu:cpu0|control_unit:cu0|imm[0]        ; lcd_controller:lcd_ctl0|linha2[3][3] ; clk          ; clk         ; 1.000        ; 0.161      ; 9.974      ;
; -8.826 ; cpu:cpu0|control_unit:cu0|opcode[0]     ; lcd_controller:lcd_ctl0|linha2[5][2] ; clk          ; clk         ; 1.000        ; 0.153      ; 9.966      ;
; -8.825 ; cpu:cpu0|control_unit:cu0|opcode[0]     ; lcd_controller:lcd_ctl0|linha2[5][1] ; clk          ; clk         ; 1.000        ; 0.153      ; 9.965      ;
; -8.824 ; cpu:cpu0|control_unit:cu0|opcode[0]     ; lcd_controller:lcd_ctl0|linha2[4][0] ; clk          ; clk         ; 1.000        ; 0.153      ; 9.964      ;
; -8.820 ; cpu:cpu0|control_unit:cu0|imm[0]        ; lcd_controller:lcd_ctl0|linha2[2][0] ; clk          ; clk         ; 1.000        ; 0.161      ; 9.968      ;
; -8.816 ; cpu:cpu0|control_unit:cu0|imm[10]       ; lcd_controller:lcd_ctl0|linha2[3][0] ; clk          ; clk         ; 1.000        ; 0.145      ; 9.948      ;
; -8.815 ; cpu:cpu0|control_unit:cu0|opcode[0]     ; lcd_controller:lcd_ctl0|linha2[5][3] ; clk          ; clk         ; 1.000        ; 0.153      ; 9.955      ;
; -8.811 ; cpu:cpu0|control_unit:cu0|imm[2]        ; lcd_controller:lcd_ctl0|linha2[1][0] ; clk          ; clk         ; 1.000        ; 0.162      ; 9.960      ;
; -8.810 ; cpu:cpu0|control_unit:cu0|imm[2]        ; lcd_controller:lcd_ctl0|linha2[2][2] ; clk          ; clk         ; 1.000        ; 0.162      ; 9.959      ;
; -8.809 ; cpu:cpu0|control_unit:cu0|imm[5]        ; lcd_controller:lcd_ctl0|linha2[1][0] ; clk          ; clk         ; 1.000        ; 0.162      ; 9.958      ;
; -8.808 ; cpu:cpu0|control_unit:cu0|imm[2]        ; lcd_controller:lcd_ctl0|linha2[2][3] ; clk          ; clk         ; 1.000        ; 0.162      ; 9.957      ;
+--------+-----------------------------------------+--------------------------------------+--------------+-------------+--------------+------------+------------+


+-----------------------------------------------------------------------------------------------------------------------------------------------------------------------------------------+
; Fast 1200mV 0C Model Hold: 'clk'                                                                                                                                                        ;
+-------+-----------------------------------------------------+-----------------------------------------------------+--------------+-------------+--------------+------------+------------+
; Slack ; From Node                                           ; To Node                                             ; Launch Clock ; Latch Clock ; Relationship ; Clock Skew ; Data Delay ;
+-------+-----------------------------------------------------+-----------------------------------------------------+--------------+-------------+--------------+------------+------------+
; 0.173 ; lcd_controller:lcd_ctl0|estado_atual.EST_INIT_3     ; lcd_controller:lcd_ctl0|estado_atual.EST_INIT_3     ; clk          ; clk         ; 0.000        ; 0.050      ; 0.307      ;
; 0.173 ; lcd_controller:lcd_ctl0|estado_atual.EST_ESCREVE_L2 ; lcd_controller:lcd_ctl0|estado_atual.EST_ESCREVE_L2 ; clk          ; clk         ; 0.000        ; 0.050      ; 0.307      ;
; 0.173 ; lcd_controller:lcd_ctl0|estado_atual.EST_LINHA2_POS ; lcd_controller:lcd_ctl0|estado_atual.EST_LINHA2_POS ; clk          ; clk         ; 0.000        ; 0.050      ; 0.307      ;
; 0.174 ; lcd_controller:lcd_ctl0|estado_atual.EST_INIT_4     ; lcd_controller:lcd_ctl0|estado_atual.EST_INIT_4     ; clk          ; clk         ; 0.000        ; 0.049      ; 0.307      ;
; 0.174 ; lcd_controller:lcd_ctl0|estado_atual.EST_INIT_2     ; lcd_controller:lcd_ctl0|estado_atual.EST_INIT_2     ; clk          ; clk         ; 0.000        ; 0.049      ; 0.307      ;
; 0.174 ; lcd_controller:lcd_ctl0|estado_atual.EST_INIT_1     ; lcd_controller:lcd_ctl0|estado_atual.EST_INIT_1     ; clk          ; clk         ; 0.000        ; 0.049      ; 0.307      ;
; 0.174 ; lcd_controller:lcd_ctl0|estado_atual.EST_ESPERA_CPU ; lcd_controller:lcd_ctl0|estado_atual.EST_ESPERA_CPU ; clk          ; clk         ; 0.000        ; 0.049      ; 0.307      ;
; 0.174 ; lcd_controller:lcd_ctl0|estado_atual.EST_ESCREVE_L1 ; lcd_controller:lcd_ctl0|estado_atual.EST_ESCREVE_L1 ; clk          ; clk         ; 0.000        ; 0.049      ; 0.307      ;
; 0.174 ; lcd_controller:lcd_ctl0|estado_atual.EST_LINHA1_POS ; lcd_controller:lcd_ctl0|estado_atual.EST_LINHA1_POS ; clk          ; clk         ; 0.000        ; 0.049      ; 0.307      ;
; 0.181 ; lcd_controller:lcd_ctl0|reg_indice[3]               ; lcd_controller:lcd_ctl0|reg_indice[3]               ; clk          ; clk         ; 0.000        ; 0.042      ; 0.307      ;
; 0.181 ; lcd_controller:lcd_ctl0|reg_indice[1]               ; lcd_controller:lcd_ctl0|reg_indice[1]               ; clk          ; clk         ; 0.000        ; 0.042      ; 0.307      ;
; 0.181 ; lcd_controller:lcd_ctl0|reg_indice[2]               ; lcd_controller:lcd_ctl0|reg_indice[2]               ; clk          ; clk         ; 0.000        ; 0.042      ; 0.307      ;
; 0.181 ; cpu:cpu0|control_unit:cu0|state.IDLE                ; cpu:cpu0|control_unit:cu0|state.IDLE                ; clk          ; clk         ; 0.000        ; 0.042      ; 0.307      ;
; 0.181 ; cpu:cpu0|control_unit:cu0|state.OFF                 ; cpu:cpu0|control_unit:cu0|state.OFF                 ; clk          ; clk         ; 0.000        ; 0.042      ; 0.307      ;
; 0.181 ; button_handler:btn0|btn_stable                      ; button_handler:btn0|btn_stable                      ; clk          ; clk         ; 0.000        ; 0.042      ; 0.307      ;
; 0.182 ; button_handler:btn1|btn_stable                      ; button_handler:btn1|btn_stable                      ; clk          ; clk         ; 0.000        ; 0.041      ; 0.307      ;
; 0.187 ; lcd_controller:lcd_ctl0|cnt_espera[16]              ; lcd_controller:lcd_ctl0|cnt_espera[16]              ; clk          ; clk         ; 0.000        ; 0.050      ; 0.321      ;
; 0.188 ; lcd_controller:lcd_ctl0|reg_indice[0]               ; lcd_controller:lcd_ctl0|reg_indice[0]               ; clk          ; clk         ; 0.000        ; 0.042      ; 0.314      ;
; 0.194 ; button_handler:btn1|btn_stable_prev                 ; button_handler:btn1|pulse_out                       ; clk          ; clk         ; 0.000        ; 0.041      ; 0.319      ;
; 0.195 ; button_handler:btn0|btn_stable                      ; button_handler:btn0|pulse_out                       ; clk          ; clk         ; 0.000        ; 0.042      ; 0.321      ;
; 0.196 ; button_handler:btn0|btn_stable                      ; button_handler:btn0|btn_stable_prev                 ; clk          ; clk         ; 0.000        ; 0.042      ; 0.322      ;
; 0.225 ; lcd_controller:lcd_ctl0|reg_indice[0]               ; lcd_controller:lcd_ctl0|reg_indice[1]               ; clk          ; clk         ; 0.000        ; 0.042      ; 0.351      ;
; 0.247 ; button_handler:btn0|btn_stable_prev                 ; button_handler:btn0|pulse_out                       ; clk          ; clk         ; 0.000        ; 0.042      ; 0.373      ;
; 0.256 ; button_handler:btn1|sync_1                          ; button_handler:btn1|btn_stable                      ; clk          ; clk         ; 0.000        ; 0.041      ; 0.381      ;
; 0.259 ; button_handler:btn1|btn_stable                      ; button_handler:btn1|pulse_out                       ; clk          ; clk         ; 0.000        ; 0.041      ; 0.384      ;
; 0.271 ; button_handler:btn1|btn_stable                      ; button_handler:btn1|btn_stable_prev                 ; clk          ; clk         ; 0.000        ; 0.041      ; 0.396      ;
; 0.276 ; cpu:cpu0|control_unit:cu0|src0[1]                   ; cpu:cpu0|control_unit:cu0|src0[1]                   ; clk          ; clk         ; 0.000        ; 0.042      ; 0.402      ;
; 0.276 ; cpu:cpu0|control_unit:cu0|src0[2]                   ; cpu:cpu0|control_unit:cu0|src0[2]                   ; clk          ; clk         ; 0.000        ; 0.042      ; 0.402      ;
; 0.276 ; cpu:cpu0|control_unit:cu0|src0[3]                   ; cpu:cpu0|control_unit:cu0|src0[3]                   ; clk          ; clk         ; 0.000        ; 0.042      ; 0.402      ;
; 0.276 ; cpu:cpu0|control_unit:cu0|instruction[8]            ; cpu:cpu0|control_unit:cu0|instruction[8]            ; clk          ; clk         ; 0.000        ; 0.042      ; 0.402      ;
; 0.276 ; cpu:cpu0|control_unit:cu0|instruction[15]           ; cpu:cpu0|control_unit:cu0|instruction[15]           ; clk          ; clk         ; 0.000        ; 0.042      ; 0.402      ;
; 0.276 ; cpu:cpu0|control_unit:cu0|instruction[12]           ; cpu:cpu0|control_unit:cu0|instruction[12]           ; clk          ; clk         ; 0.000        ; 0.042      ; 0.402      ;
; 0.277 ; cpu:cpu0|control_unit:cu0|instruction[9]            ; cpu:cpu0|control_unit:cu0|instruction[9]            ; clk          ; clk         ; 0.000        ; 0.042      ; 0.403      ;
; 0.277 ; cpu:cpu0|control_unit:cu0|instruction[5]            ; cpu:cpu0|control_unit:cu0|instruction[5]            ; clk          ; clk         ; 0.000        ; 0.042      ; 0.403      ;
; 0.280 ; cpu:cpu0|control_unit:cu0|imm[1]                    ; cpu:cpu0|control_unit:cu0|imm[1]                    ; clk          ; clk         ; 0.000        ; 0.041      ; 0.405      ;
; 0.280 ; cpu:cpu0|control_unit:cu0|instruction[1]            ; cpu:cpu0|control_unit:cu0|instruction[1]            ; clk          ; clk         ; 0.000        ; 0.042      ; 0.406      ;
; 0.281 ; cpu:cpu0|control_unit:cu0|imm[4]                    ; cpu:cpu0|control_unit:cu0|imm[4]                    ; clk          ; clk         ; 0.000        ; 0.042      ; 0.407      ;
; 0.281 ; cpu:cpu0|control_unit:cu0|dst[0]                    ; cpu:cpu0|control_unit:cu0|dst[0]                    ; clk          ; clk         ; 0.000        ; 0.042      ; 0.407      ;
; 0.283 ; lcd_controller:lcd_ctl0|cnt_espera[11]              ; lcd_controller:lcd_ctl0|cnt_espera[11]              ; clk          ; clk         ; 0.000        ; 0.050      ; 0.417      ;
; 0.285 ; lcd_controller:lcd_ctl0|cnt_espera[13]              ; lcd_controller:lcd_ctl0|cnt_espera[13]              ; clk          ; clk         ; 0.000        ; 0.050      ; 0.419      ;
; 0.286 ; lcd_controller:lcd_ctl0|cnt_espera[10]              ; lcd_controller:lcd_ctl0|cnt_espera[10]              ; clk          ; clk         ; 0.000        ; 0.050      ; 0.420      ;
; 0.286 ; lcd_controller:lcd_ctl0|cnt_espera[12]              ; lcd_controller:lcd_ctl0|cnt_espera[12]              ; clk          ; clk         ; 0.000        ; 0.050      ; 0.420      ;
; 0.287 ; lcd_controller:lcd_ctl0|cnt_espera[5]               ; lcd_controller:lcd_ctl0|cnt_espera[5]               ; clk          ; clk         ; 0.000        ; 0.050      ; 0.421      ;
; 0.287 ; lcd_controller:lcd_ctl0|cnt_espera[7]               ; lcd_controller:lcd_ctl0|cnt_espera[7]               ; clk          ; clk         ; 0.000        ; 0.050      ; 0.421      ;
; 0.288 ; cpu:cpu0|control_unit:cu0|imm[5]                    ; cpu:cpu0|control_unit:cu0|imm[5]                    ; clk          ; clk         ; 0.000        ; 0.042      ; 0.414      ;
; 0.288 ; lcd_controller:lcd_ctl0|cnt_espera[6]               ; lcd_controller:lcd_ctl0|cnt_espera[6]               ; clk          ; clk         ; 0.000        ; 0.050      ; 0.422      ;
; 0.288 ; lcd_controller:lcd_ctl0|cnt_espera[9]               ; lcd_controller:lcd_ctl0|cnt_espera[9]               ; clk          ; clk         ; 0.000        ; 0.050      ; 0.422      ;
; 0.288 ; cpu:cpu0|control_unit:cu0|src0[0]                   ; cpu:cpu0|control_unit:cu0|src0[0]                   ; clk          ; clk         ; 0.000        ; 0.042      ; 0.414      ;
; 0.288 ; cpu:cpu0|control_unit:cu0|instruction[14]           ; cpu:cpu0|control_unit:cu0|instruction[14]           ; clk          ; clk         ; 0.000        ; 0.042      ; 0.414      ;
; 0.290 ; lcd_controller:lcd_ctl0|cnt_espera[14]              ; lcd_controller:lcd_ctl0|cnt_espera[14]              ; clk          ; clk         ; 0.000        ; 0.050      ; 0.424      ;
; 0.290 ; lcd_controller:lcd_ctl0|cnt_espera[15]              ; lcd_controller:lcd_ctl0|cnt_espera[15]              ; clk          ; clk         ; 0.000        ; 0.050      ; 0.424      ;
; 0.290 ; button_handler:btn0|sync_1                          ; button_handler:btn0|btn_stable                      ; clk          ; clk         ; 0.000        ; 0.042      ; 0.416      ;
; 0.291 ; cpu:cpu0|control_unit:cu0|dst[3]                    ; cpu:cpu0|control_unit:cu0|dst[3]                    ; clk          ; clk         ; 0.000        ; 0.042      ; 0.417      ;
; 0.292 ; cpu:cpu0|control_unit:cu0|imm[2]                    ; cpu:cpu0|control_unit:cu0|imm[2]                    ; clk          ; clk         ; 0.000        ; 0.042      ; 0.418      ;
; 0.292 ; cpu:cpu0|control_unit:cu0|imm[0]                    ; cpu:cpu0|control_unit:cu0|imm[0]                    ; clk          ; clk         ; 0.000        ; 0.042      ; 0.418      ;
; 0.292 ; cpu:cpu0|control_unit:cu0|src1[1]                   ; cpu:cpu0|control_unit:cu0|src1[1]                   ; clk          ; clk         ; 0.000        ; 0.042      ; 0.418      ;
; 0.292 ; cpu:cpu0|control_unit:cu0|opcode[2]                 ; lcd_controller:lcd_ctl0|linha1[0][3]                ; clk          ; clk         ; 0.000        ; 0.265      ; 0.641      ;
; 0.293 ; lcd_controller:lcd_ctl0|cnt_espera[4]               ; lcd_controller:lcd_ctl0|cnt_espera[4]               ; clk          ; clk         ; 0.000        ; 0.050      ; 0.427      ;
; 0.295 ; lcd_controller:lcd_ctl0|cnt_espera[2]               ; lcd_controller:lcd_ctl0|cnt_espera[2]               ; clk          ; clk         ; 0.000        ; 0.050      ; 0.429      ;
; 0.295 ; lcd_controller:lcd_ctl0|cnt_espera[8]               ; lcd_controller:lcd_ctl0|cnt_espera[8]               ; clk          ; clk         ; 0.000        ; 0.050      ; 0.429      ;
; 0.295 ; cpu:cpu0|control_unit:cu0|opcode[2]                 ; lcd_controller:lcd_ctl0|linha1[1][3]                ; clk          ; clk         ; 0.000        ; 0.265      ; 0.644      ;
; 0.295 ; cpu:cpu0|control_unit:cu0|opcode[2]                 ; lcd_controller:lcd_ctl0|linha1[3][3]                ; clk          ; clk         ; 0.000        ; 0.265      ; 0.644      ;
; 0.296 ; cpu:cpu0|control_unit:cu0|opcode[2]                 ; lcd_controller:lcd_ctl0|linha1[1][4]                ; clk          ; clk         ; 0.000        ; 0.265      ; 0.645      ;
; 0.297 ; button_handler:btn0|counter[15]                     ; button_handler:btn0|counter[15]                     ; clk          ; clk         ; 0.000        ; 0.042      ; 0.423      ;
; 0.297 ; button_handler:btn1|counter[15]                     ; button_handler:btn1|counter[15]                     ; clk          ; clk         ; 0.000        ; 0.042      ; 0.423      ;
; 0.298 ; button_handler:btn0|counter[3]                      ; button_handler:btn0|counter[3]                      ; clk          ; clk         ; 0.000        ; 0.042      ; 0.424      ;
; 0.298 ; button_handler:btn0|counter[5]                      ; button_handler:btn0|counter[5]                      ; clk          ; clk         ; 0.000        ; 0.042      ; 0.424      ;
; 0.298 ; button_handler:btn0|counter[13]                     ; button_handler:btn0|counter[13]                     ; clk          ; clk         ; 0.000        ; 0.042      ; 0.424      ;
; 0.298 ; button_handler:btn0|counter[31]                     ; button_handler:btn0|counter[31]                     ; clk          ; clk         ; 0.000        ; 0.042      ; 0.424      ;
; 0.298 ; button_handler:btn1|counter[3]                      ; button_handler:btn1|counter[3]                      ; clk          ; clk         ; 0.000        ; 0.042      ; 0.424      ;
; 0.298 ; button_handler:btn1|counter[5]                      ; button_handler:btn1|counter[5]                      ; clk          ; clk         ; 0.000        ; 0.042      ; 0.424      ;
; 0.298 ; button_handler:btn1|counter[13]                     ; button_handler:btn1|counter[13]                     ; clk          ; clk         ; 0.000        ; 0.042      ; 0.424      ;
; 0.298 ; button_handler:btn1|counter[31]                     ; button_handler:btn1|counter[31]                     ; clk          ; clk         ; 0.000        ; 0.042      ; 0.424      ;
; 0.299 ; button_handler:btn0|counter[1]                      ; button_handler:btn0|counter[1]                      ; clk          ; clk         ; 0.000        ; 0.042      ; 0.425      ;
; 0.299 ; button_handler:btn0|counter[6]                      ; button_handler:btn0|counter[6]                      ; clk          ; clk         ; 0.000        ; 0.042      ; 0.425      ;
; 0.299 ; button_handler:btn0|counter[7]                      ; button_handler:btn0|counter[7]                      ; clk          ; clk         ; 0.000        ; 0.042      ; 0.425      ;
; 0.299 ; button_handler:btn0|counter[11]                     ; button_handler:btn0|counter[11]                     ; clk          ; clk         ; 0.000        ; 0.042      ; 0.425      ;
; 0.299 ; button_handler:btn0|counter[17]                     ; button_handler:btn0|counter[17]                     ; clk          ; clk         ; 0.000        ; 0.042      ; 0.425      ;
; 0.299 ; button_handler:btn0|counter[19]                     ; button_handler:btn0|counter[19]                     ; clk          ; clk         ; 0.000        ; 0.042      ; 0.425      ;
; 0.299 ; button_handler:btn0|counter[21]                     ; button_handler:btn0|counter[21]                     ; clk          ; clk         ; 0.000        ; 0.042      ; 0.425      ;
; 0.299 ; button_handler:btn0|counter[27]                     ; button_handler:btn0|counter[27]                     ; clk          ; clk         ; 0.000        ; 0.042      ; 0.425      ;
; 0.299 ; button_handler:btn0|counter[29]                     ; button_handler:btn0|counter[29]                     ; clk          ; clk         ; 0.000        ; 0.042      ; 0.425      ;
; 0.299 ; button_handler:btn1|counter[1]                      ; button_handler:btn1|counter[1]                      ; clk          ; clk         ; 0.000        ; 0.042      ; 0.425      ;
; 0.299 ; button_handler:btn1|counter[6]                      ; button_handler:btn1|counter[6]                      ; clk          ; clk         ; 0.000        ; 0.042      ; 0.425      ;
; 0.299 ; button_handler:btn1|counter[7]                      ; button_handler:btn1|counter[7]                      ; clk          ; clk         ; 0.000        ; 0.042      ; 0.425      ;
; 0.299 ; button_handler:btn1|counter[11]                     ; button_handler:btn1|counter[11]                     ; clk          ; clk         ; 0.000        ; 0.042      ; 0.425      ;
; 0.299 ; button_handler:btn1|counter[17]                     ; button_handler:btn1|counter[17]                     ; clk          ; clk         ; 0.000        ; 0.042      ; 0.425      ;
; 0.299 ; button_handler:btn1|counter[19]                     ; button_handler:btn1|counter[19]                     ; clk          ; clk         ; 0.000        ; 0.042      ; 0.425      ;
; 0.299 ; button_handler:btn1|counter[21]                     ; button_handler:btn1|counter[21]                     ; clk          ; clk         ; 0.000        ; 0.042      ; 0.425      ;
; 0.299 ; button_handler:btn1|counter[27]                     ; button_handler:btn1|counter[27]                     ; clk          ; clk         ; 0.000        ; 0.042      ; 0.425      ;
; 0.299 ; button_handler:btn1|counter[29]                     ; button_handler:btn1|counter[29]                     ; clk          ; clk         ; 0.000        ; 0.042      ; 0.425      ;
; 0.300 ; lcd_controller:lcd_ctl0|cnt_espera[0]               ; lcd_controller:lcd_ctl0|cnt_espera[0]               ; clk          ; clk         ; 0.000        ; 0.050      ; 0.434      ;
; 0.300 ; lcd_controller:lcd_ctl0|cnt_espera[3]               ; lcd_controller:lcd_ctl0|cnt_espera[3]               ; clk          ; clk         ; 0.000        ; 0.050      ; 0.434      ;
; 0.300 ; button_handler:btn0|counter[2]                      ; button_handler:btn0|counter[2]                      ; clk          ; clk         ; 0.000        ; 0.042      ; 0.426      ;
; 0.300 ; button_handler:btn0|counter[8]                      ; button_handler:btn0|counter[8]                      ; clk          ; clk         ; 0.000        ; 0.042      ; 0.426      ;
; 0.300 ; button_handler:btn0|counter[9]                      ; button_handler:btn0|counter[9]                      ; clk          ; clk         ; 0.000        ; 0.042      ; 0.426      ;
; 0.300 ; button_handler:btn0|counter[14]                     ; button_handler:btn0|counter[14]                     ; clk          ; clk         ; 0.000        ; 0.042      ; 0.426      ;
; 0.300 ; button_handler:btn0|counter[16]                     ; button_handler:btn0|counter[16]                     ; clk          ; clk         ; 0.000        ; 0.042      ; 0.426      ;
; 0.300 ; button_handler:btn0|counter[22]                     ; button_handler:btn0|counter[22]                     ; clk          ; clk         ; 0.000        ; 0.042      ; 0.426      ;
; 0.300 ; button_handler:btn0|counter[23]                     ; button_handler:btn0|counter[23]                     ; clk          ; clk         ; 0.000        ; 0.042      ; 0.426      ;
+-------+-----------------------------------------------------+-----------------------------------------------------+--------------+-------------+--------------+------------+------------+


+--------------------------------------------------------------------------------------------------------------------------------------------------------------------------+
; Fast 1200mV 0C Model Recovery: 'clk'                                                                                                                                     ;
+--------+-------------------------------------+-----------------------------------------------------+--------------+-------------+--------------+------------+------------+
; Slack  ; From Node                           ; To Node                                             ; Launch Clock ; Latch Clock ; Relationship ; Clock Skew ; Data Delay ;
+--------+-------------------------------------+-----------------------------------------------------+--------------+-------------+--------------+------------+------------+
; -0.117 ; cpu:cpu0|control_unit:cu0|state.OFF ; lcd_controller:lcd_ctl0|linha2[0][1]                ; clk          ; clk         ; 1.000        ; -0.066     ; 1.038      ;
; -0.117 ; cpu:cpu0|control_unit:cu0|state.OFF ; lcd_controller:lcd_ctl0|linha2[0][2]                ; clk          ; clk         ; 1.000        ; -0.066     ; 1.038      ;
; -0.117 ; cpu:cpu0|control_unit:cu0|state.OFF ; lcd_controller:lcd_ctl0|reg_indice[3]               ; clk          ; clk         ; 1.000        ; -0.066     ; 1.038      ;
; -0.117 ; cpu:cpu0|control_unit:cu0|state.OFF ; lcd_controller:lcd_ctl0|reg_indice[2]               ; clk          ; clk         ; 1.000        ; -0.066     ; 1.038      ;
; -0.117 ; cpu:cpu0|control_unit:cu0|state.OFF ; lcd_controller:lcd_ctl0|reg_indice[1]               ; clk          ; clk         ; 1.000        ; -0.066     ; 1.038      ;
; -0.117 ; cpu:cpu0|control_unit:cu0|state.OFF ; lcd_controller:lcd_ctl0|reg_indice[0]               ; clk          ; clk         ; 1.000        ; -0.066     ; 1.038      ;
; -0.030 ; cpu:cpu0|control_unit:cu0|state.OFF ; lcd_controller:lcd_ctl0|linha2[3][0]                ; clk          ; clk         ; 1.000        ; 0.136      ; 1.153      ;
; -0.030 ; cpu:cpu0|control_unit:cu0|state.OFF ; lcd_controller:lcd_ctl0|linha2[4][1]                ; clk          ; clk         ; 1.000        ; 0.136      ; 1.153      ;
; -0.030 ; cpu:cpu0|control_unit:cu0|state.OFF ; lcd_controller:lcd_ctl0|linha2[4][2]                ; clk          ; clk         ; 1.000        ; 0.136      ; 1.153      ;
; -0.030 ; cpu:cpu0|control_unit:cu0|state.OFF ; lcd_controller:lcd_ctl0|linha2[4][3]                ; clk          ; clk         ; 1.000        ; 0.136      ; 1.153      ;
; -0.030 ; cpu:cpu0|control_unit:cu0|state.OFF ; lcd_controller:lcd_ctl0|linha1[7][0]                ; clk          ; clk         ; 1.000        ; 0.136      ; 1.153      ;
; -0.030 ; cpu:cpu0|control_unit:cu0|state.OFF ; lcd_controller:lcd_ctl0|linha1[2][3]                ; clk          ; clk         ; 1.000        ; 0.136      ; 1.153      ;
; -0.030 ; cpu:cpu0|control_unit:cu0|state.OFF ; lcd_controller:lcd_ctl0|linha1[9][4]                ; clk          ; clk         ; 1.000        ; 0.136      ; 1.153      ;
; -0.027 ; cpu:cpu0|control_unit:cu0|state.OFF ; lcd_controller:lcd_ctl0|linha2[5][0]                ; clk          ; clk         ; 1.000        ; 0.132      ; 1.146      ;
; 0.027  ; cpu:cpu0|control_unit:cu0|state.OFF ; lcd_controller:lcd_ctl0|linha2[4][0]                ; clk          ; clk         ; 1.000        ; 0.144      ; 1.104      ;
; 0.027  ; cpu:cpu0|control_unit:cu0|state.OFF ; lcd_controller:lcd_ctl0|linha2[5][1]                ; clk          ; clk         ; 1.000        ; 0.144      ; 1.104      ;
; 0.027  ; cpu:cpu0|control_unit:cu0|state.OFF ; lcd_controller:lcd_ctl0|linha2[5][2]                ; clk          ; clk         ; 1.000        ; 0.144      ; 1.104      ;
; 0.027  ; cpu:cpu0|control_unit:cu0|state.OFF ; lcd_controller:lcd_ctl0|linha2[5][3]                ; clk          ; clk         ; 1.000        ; 0.144      ; 1.104      ;
; 0.057  ; cpu:cpu0|control_unit:cu0|state.OFF ; lcd_controller:lcd_ctl0|cnt_espera[7]               ; clk          ; clk         ; 1.000        ; 0.126      ; 1.056      ;
; 0.057  ; cpu:cpu0|control_unit:cu0|state.OFF ; lcd_controller:lcd_ctl0|cnt_espera[6]               ; clk          ; clk         ; 1.000        ; 0.126      ; 1.056      ;
; 0.057  ; cpu:cpu0|control_unit:cu0|state.OFF ; lcd_controller:lcd_ctl0|cnt_espera[5]               ; clk          ; clk         ; 1.000        ; 0.126      ; 1.056      ;
; 0.057  ; cpu:cpu0|control_unit:cu0|state.OFF ; lcd_controller:lcd_ctl0|cnt_espera[4]               ; clk          ; clk         ; 1.000        ; 0.126      ; 1.056      ;
; 0.057  ; cpu:cpu0|control_unit:cu0|state.OFF ; lcd_controller:lcd_ctl0|cnt_espera[3]               ; clk          ; clk         ; 1.000        ; 0.126      ; 1.056      ;
; 0.057  ; cpu:cpu0|control_unit:cu0|state.OFF ; lcd_controller:lcd_ctl0|cnt_espera[2]               ; clk          ; clk         ; 1.000        ; 0.126      ; 1.056      ;
; 0.057  ; cpu:cpu0|control_unit:cu0|state.OFF ; lcd_controller:lcd_ctl0|cnt_espera[1]               ; clk          ; clk         ; 1.000        ; 0.126      ; 1.056      ;
; 0.057  ; cpu:cpu0|control_unit:cu0|state.OFF ; lcd_controller:lcd_ctl0|cnt_espera[0]               ; clk          ; clk         ; 1.000        ; 0.126      ; 1.056      ;
; 0.058  ; cpu:cpu0|control_unit:cu0|state.OFF ; lcd_controller:lcd_ctl0|estado_atual.EST_INIT_3     ; clk          ; clk         ; 1.000        ; 0.128      ; 1.057      ;
; 0.058  ; cpu:cpu0|control_unit:cu0|state.OFF ; lcd_controller:lcd_ctl0|estado_atual.EST_ESCREVE_L2 ; clk          ; clk         ; 1.000        ; 0.128      ; 1.057      ;
; 0.058  ; cpu:cpu0|control_unit:cu0|state.OFF ; lcd_controller:lcd_ctl0|estado_atual.EST_LINHA2_POS ; clk          ; clk         ; 1.000        ; 0.128      ; 1.057      ;
; 0.074  ; cpu:cpu0|control_unit:cu0|state.OFF ; lcd_controller:lcd_ctl0|cnt_espera[10]              ; clk          ; clk         ; 1.000        ; 0.127      ; 1.040      ;
; 0.074  ; cpu:cpu0|control_unit:cu0|state.OFF ; lcd_controller:lcd_ctl0|cnt_espera[16]              ; clk          ; clk         ; 1.000        ; 0.127      ; 1.040      ;
; 0.074  ; cpu:cpu0|control_unit:cu0|state.OFF ; lcd_controller:lcd_ctl0|cnt_espera[15]              ; clk          ; clk         ; 1.000        ; 0.127      ; 1.040      ;
; 0.074  ; cpu:cpu0|control_unit:cu0|state.OFF ; lcd_controller:lcd_ctl0|cnt_espera[14]              ; clk          ; clk         ; 1.000        ; 0.127      ; 1.040      ;
; 0.074  ; cpu:cpu0|control_unit:cu0|state.OFF ; lcd_controller:lcd_ctl0|cnt_espera[13]              ; clk          ; clk         ; 1.000        ; 0.127      ; 1.040      ;
; 0.074  ; cpu:cpu0|control_unit:cu0|state.OFF ; lcd_controller:lcd_ctl0|cnt_espera[12]              ; clk          ; clk         ; 1.000        ; 0.127      ; 1.040      ;
; 0.074  ; cpu:cpu0|control_unit:cu0|state.OFF ; lcd_controller:lcd_ctl0|cnt_espera[11]              ; clk          ; clk         ; 1.000        ; 0.127      ; 1.040      ;
; 0.074  ; cpu:cpu0|control_unit:cu0|state.OFF ; lcd_controller:lcd_ctl0|cnt_espera[9]               ; clk          ; clk         ; 1.000        ; 0.127      ; 1.040      ;
; 0.074  ; cpu:cpu0|control_unit:cu0|state.OFF ; lcd_controller:lcd_ctl0|cnt_espera[8]               ; clk          ; clk         ; 1.000        ; 0.127      ; 1.040      ;
; 0.075  ; cpu:cpu0|control_unit:cu0|state.OFF ; lcd_controller:lcd_ctl0|estado_atual.EST_OCIOSO     ; clk          ; clk         ; 1.000        ; 0.128      ; 1.040      ;
; 0.075  ; cpu:cpu0|control_unit:cu0|state.OFF ; lcd_controller:lcd_ctl0|estado_atual.EST_INIT_4     ; clk          ; clk         ; 1.000        ; 0.128      ; 1.040      ;
; 0.075  ; cpu:cpu0|control_unit:cu0|state.OFF ; lcd_controller:lcd_ctl0|estado_atual.EST_INIT_2     ; clk          ; clk         ; 1.000        ; 0.128      ; 1.040      ;
; 0.075  ; cpu:cpu0|control_unit:cu0|state.OFF ; lcd_controller:lcd_ctl0|estado_atual.EST_INIT_1     ; clk          ; clk         ; 1.000        ; 0.128      ; 1.040      ;
; 0.075  ; cpu:cpu0|control_unit:cu0|state.OFF ; lcd_controller:lcd_ctl0|estado_atual.EST_ESCREVE_L1 ; clk          ; clk         ; 1.000        ; 0.128      ; 1.040      ;
; 0.075  ; cpu:cpu0|control_unit:cu0|state.OFF ; lcd_controller:lcd_ctl0|estado_atual.EST_LINHA1_POS ; clk          ; clk         ; 1.000        ; 0.128      ; 1.040      ;
; 0.075  ; cpu:cpu0|control_unit:cu0|state.OFF ; lcd_controller:lcd_ctl0|estado_atual.EST_ESPERA_CPU ; clk          ; clk         ; 1.000        ; 0.128      ; 1.040      ;
; 0.089  ; cpu:cpu0|control_unit:cu0|state.OFF ; lcd_controller:lcd_ctl0|linha1[10][0]               ; clk          ; clk         ; 1.000        ; 0.137      ; 1.035      ;
; 0.137  ; cpu:cpu0|control_unit:cu0|state.OFF ; lcd_controller:lcd_ctl0|linha1[9][0]                ; clk          ; clk         ; 1.000        ; -0.044     ; 0.806      ;
; 0.137  ; cpu:cpu0|control_unit:cu0|state.OFF ; lcd_controller:lcd_ctl0|linha1[8][0]                ; clk          ; clk         ; 1.000        ; -0.044     ; 0.806      ;
; 0.137  ; cpu:cpu0|control_unit:cu0|state.OFF ; lcd_controller:lcd_ctl0|linha1[3][6]                ; clk          ; clk         ; 1.000        ; -0.044     ; 0.806      ;
; 0.137  ; cpu:cpu0|control_unit:cu0|state.OFF ; lcd_controller:lcd_ctl0|linha1[0][2]                ; clk          ; clk         ; 1.000        ; -0.044     ; 0.806      ;
; 0.137  ; cpu:cpu0|control_unit:cu0|state.OFF ; lcd_controller:lcd_ctl0|linha1[2][2]                ; clk          ; clk         ; 1.000        ; -0.044     ; 0.806      ;
; 0.137  ; cpu:cpu0|control_unit:cu0|state.OFF ; lcd_controller:lcd_ctl0|linha1[0][1]                ; clk          ; clk         ; 1.000        ; -0.044     ; 0.806      ;
; 0.137  ; cpu:cpu0|control_unit:cu0|state.OFF ; lcd_controller:lcd_ctl0|linha1[0][0]                ; clk          ; clk         ; 1.000        ; -0.044     ; 0.806      ;
; 0.137  ; cpu:cpu0|control_unit:cu0|state.OFF ; lcd_controller:lcd_ctl0|linha1[1][0]                ; clk          ; clk         ; 1.000        ; -0.044     ; 0.806      ;
; 0.137  ; cpu:cpu0|control_unit:cu0|state.OFF ; lcd_controller:lcd_ctl0|linha1[1][1]                ; clk          ; clk         ; 1.000        ; -0.044     ; 0.806      ;
; 0.137  ; cpu:cpu0|control_unit:cu0|state.OFF ; lcd_controller:lcd_ctl0|linha1[0][4]                ; clk          ; clk         ; 1.000        ; -0.044     ; 0.806      ;
; 0.137  ; cpu:cpu0|control_unit:cu0|state.OFF ; lcd_controller:lcd_ctl0|linha1[1][2]                ; clk          ; clk         ; 1.000        ; -0.044     ; 0.806      ;
; 0.137  ; cpu:cpu0|control_unit:cu0|state.OFF ; lcd_controller:lcd_ctl0|linha1[2][4]                ; clk          ; clk         ; 1.000        ; -0.044     ; 0.806      ;
; 0.204  ; cpu:cpu0|control_unit:cu0|state.OFF ; lcd_controller:lcd_ctl0|linha2[1][0]                ; clk          ; clk         ; 1.000        ; 0.165      ; 0.948      ;
; 0.204  ; cpu:cpu0|control_unit:cu0|state.OFF ; lcd_controller:lcd_ctl0|linha2[2][1]                ; clk          ; clk         ; 1.000        ; 0.165      ; 0.948      ;
; 0.204  ; cpu:cpu0|control_unit:cu0|state.OFF ; lcd_controller:lcd_ctl0|linha2[2][2]                ; clk          ; clk         ; 1.000        ; 0.165      ; 0.948      ;
; 0.204  ; cpu:cpu0|control_unit:cu0|state.OFF ; lcd_controller:lcd_ctl0|linha2[2][3]                ; clk          ; clk         ; 1.000        ; 0.165      ; 0.948      ;
; 0.204  ; cpu:cpu0|control_unit:cu0|state.OFF ; lcd_controller:lcd_ctl0|linha2[1][1]                ; clk          ; clk         ; 1.000        ; 0.165      ; 0.948      ;
; 0.204  ; cpu:cpu0|control_unit:cu0|state.OFF ; lcd_controller:lcd_ctl0|linha2[1][2]                ; clk          ; clk         ; 1.000        ; 0.165      ; 0.948      ;
; 0.204  ; cpu:cpu0|control_unit:cu0|state.OFF ; lcd_controller:lcd_ctl0|linha2[1][3]                ; clk          ; clk         ; 1.000        ; 0.165      ; 0.948      ;
; 0.313  ; cpu:cpu0|control_unit:cu0|state.OFF ; lcd_controller:lcd_ctl0|linha2[2][0]                ; clk          ; clk         ; 1.000        ; 0.164      ; 0.838      ;
; 0.313  ; cpu:cpu0|control_unit:cu0|state.OFF ; lcd_controller:lcd_ctl0|linha2[3][1]                ; clk          ; clk         ; 1.000        ; 0.164      ; 0.838      ;
; 0.313  ; cpu:cpu0|control_unit:cu0|state.OFF ; lcd_controller:lcd_ctl0|linha2[3][2]                ; clk          ; clk         ; 1.000        ; 0.164      ; 0.838      ;
; 0.313  ; cpu:cpu0|control_unit:cu0|state.OFF ; lcd_controller:lcd_ctl0|linha2[3][3]                ; clk          ; clk         ; 1.000        ; 0.164      ; 0.838      ;
; 0.313  ; cpu:cpu0|control_unit:cu0|state.OFF ; lcd_controller:lcd_ctl0|linha1[1][4]                ; clk          ; clk         ; 1.000        ; 0.164      ; 0.838      ;
; 0.313  ; cpu:cpu0|control_unit:cu0|state.OFF ; lcd_controller:lcd_ctl0|linha1[0][3]                ; clk          ; clk         ; 1.000        ; 0.164      ; 0.838      ;
; 0.313  ; cpu:cpu0|control_unit:cu0|state.OFF ; lcd_controller:lcd_ctl0|linha1[1][3]                ; clk          ; clk         ; 1.000        ; 0.164      ; 0.838      ;
; 0.313  ; cpu:cpu0|control_unit:cu0|state.OFF ; lcd_controller:lcd_ctl0|linha1[3][3]                ; clk          ; clk         ; 1.000        ; 0.164      ; 0.838      ;
+--------+-------------------------------------+-----------------------------------------------------+--------------+-------------+--------------+------------+------------+


+-------------------------------------------------------------------------------------------------------------------------------------------------------------------------+
; Fast 1200mV 0C Model Removal: 'clk'                                                                                                                                     ;
+-------+-------------------------------------+-----------------------------------------------------+--------------+-------------+--------------+------------+------------+
; Slack ; From Node                           ; To Node                                             ; Launch Clock ; Latch Clock ; Relationship ; Clock Skew ; Data Delay ;
+-------+-------------------------------------+-----------------------------------------------------+--------------+-------------+--------------+------------+------------+
; 0.372 ; cpu:cpu0|control_unit:cu0|state.OFF ; lcd_controller:lcd_ctl0|linha2[2][0]                ; clk          ; clk         ; 0.000        ; 0.256      ; 0.712      ;
; 0.372 ; cpu:cpu0|control_unit:cu0|state.OFF ; lcd_controller:lcd_ctl0|linha2[3][1]                ; clk          ; clk         ; 0.000        ; 0.256      ; 0.712      ;
; 0.372 ; cpu:cpu0|control_unit:cu0|state.OFF ; lcd_controller:lcd_ctl0|linha2[3][2]                ; clk          ; clk         ; 0.000        ; 0.256      ; 0.712      ;
; 0.372 ; cpu:cpu0|control_unit:cu0|state.OFF ; lcd_controller:lcd_ctl0|linha2[3][3]                ; clk          ; clk         ; 0.000        ; 0.256      ; 0.712      ;
; 0.372 ; cpu:cpu0|control_unit:cu0|state.OFF ; lcd_controller:lcd_ctl0|linha1[1][4]                ; clk          ; clk         ; 0.000        ; 0.256      ; 0.712      ;
; 0.372 ; cpu:cpu0|control_unit:cu0|state.OFF ; lcd_controller:lcd_ctl0|linha1[0][3]                ; clk          ; clk         ; 0.000        ; 0.256      ; 0.712      ;
; 0.372 ; cpu:cpu0|control_unit:cu0|state.OFF ; lcd_controller:lcd_ctl0|linha1[1][3]                ; clk          ; clk         ; 0.000        ; 0.256      ; 0.712      ;
; 0.372 ; cpu:cpu0|control_unit:cu0|state.OFF ; lcd_controller:lcd_ctl0|linha1[3][3]                ; clk          ; clk         ; 0.000        ; 0.256      ; 0.712      ;
; 0.479 ; cpu:cpu0|control_unit:cu0|state.OFF ; lcd_controller:lcd_ctl0|linha2[1][0]                ; clk          ; clk         ; 0.000        ; 0.258      ; 0.821      ;
; 0.479 ; cpu:cpu0|control_unit:cu0|state.OFF ; lcd_controller:lcd_ctl0|linha2[2][1]                ; clk          ; clk         ; 0.000        ; 0.258      ; 0.821      ;
; 0.479 ; cpu:cpu0|control_unit:cu0|state.OFF ; lcd_controller:lcd_ctl0|linha2[2][2]                ; clk          ; clk         ; 0.000        ; 0.258      ; 0.821      ;
; 0.479 ; cpu:cpu0|control_unit:cu0|state.OFF ; lcd_controller:lcd_ctl0|linha2[2][3]                ; clk          ; clk         ; 0.000        ; 0.258      ; 0.821      ;
; 0.479 ; cpu:cpu0|control_unit:cu0|state.OFF ; lcd_controller:lcd_ctl0|linha2[1][1]                ; clk          ; clk         ; 0.000        ; 0.258      ; 0.821      ;
; 0.479 ; cpu:cpu0|control_unit:cu0|state.OFF ; lcd_controller:lcd_ctl0|linha2[1][2]                ; clk          ; clk         ; 0.000        ; 0.258      ; 0.821      ;
; 0.479 ; cpu:cpu0|control_unit:cu0|state.OFF ; lcd_controller:lcd_ctl0|linha2[1][3]                ; clk          ; clk         ; 0.000        ; 0.258      ; 0.821      ;
; 0.539 ; cpu:cpu0|control_unit:cu0|state.OFF ; lcd_controller:lcd_ctl0|linha1[10][0]               ; clk          ; clk         ; 0.000        ; 0.259      ; 0.882      ;
; 0.544 ; cpu:cpu0|control_unit:cu0|state.OFF ; lcd_controller:lcd_ctl0|cnt_espera[10]              ; clk          ; clk         ; 0.000        ; 0.249      ; 0.877      ;
; 0.544 ; cpu:cpu0|control_unit:cu0|state.OFF ; lcd_controller:lcd_ctl0|cnt_espera[16]              ; clk          ; clk         ; 0.000        ; 0.249      ; 0.877      ;
; 0.544 ; cpu:cpu0|control_unit:cu0|state.OFF ; lcd_controller:lcd_ctl0|cnt_espera[15]              ; clk          ; clk         ; 0.000        ; 0.249      ; 0.877      ;
; 0.544 ; cpu:cpu0|control_unit:cu0|state.OFF ; lcd_controller:lcd_ctl0|cnt_espera[14]              ; clk          ; clk         ; 0.000        ; 0.249      ; 0.877      ;
; 0.544 ; cpu:cpu0|control_unit:cu0|state.OFF ; lcd_controller:lcd_ctl0|cnt_espera[13]              ; clk          ; clk         ; 0.000        ; 0.249      ; 0.877      ;
; 0.544 ; cpu:cpu0|control_unit:cu0|state.OFF ; lcd_controller:lcd_ctl0|cnt_espera[12]              ; clk          ; clk         ; 0.000        ; 0.249      ; 0.877      ;
; 0.544 ; cpu:cpu0|control_unit:cu0|state.OFF ; lcd_controller:lcd_ctl0|cnt_espera[11]              ; clk          ; clk         ; 0.000        ; 0.249      ; 0.877      ;
; 0.544 ; cpu:cpu0|control_unit:cu0|state.OFF ; lcd_controller:lcd_ctl0|cnt_espera[9]               ; clk          ; clk         ; 0.000        ; 0.249      ; 0.877      ;
; 0.544 ; cpu:cpu0|control_unit:cu0|state.OFF ; lcd_controller:lcd_ctl0|cnt_espera[8]               ; clk          ; clk         ; 0.000        ; 0.249      ; 0.877      ;
; 0.547 ; cpu:cpu0|control_unit:cu0|state.OFF ; lcd_controller:lcd_ctl0|estado_atual.EST_OCIOSO     ; clk          ; clk         ; 0.000        ; 0.249      ; 0.880      ;
; 0.547 ; cpu:cpu0|control_unit:cu0|state.OFF ; lcd_controller:lcd_ctl0|estado_atual.EST_INIT_4     ; clk          ; clk         ; 0.000        ; 0.249      ; 0.880      ;
; 0.547 ; cpu:cpu0|control_unit:cu0|state.OFF ; lcd_controller:lcd_ctl0|estado_atual.EST_INIT_2     ; clk          ; clk         ; 0.000        ; 0.249      ; 0.880      ;
; 0.547 ; cpu:cpu0|control_unit:cu0|state.OFF ; lcd_controller:lcd_ctl0|estado_atual.EST_INIT_1     ; clk          ; clk         ; 0.000        ; 0.249      ; 0.880      ;
; 0.547 ; cpu:cpu0|control_unit:cu0|state.OFF ; lcd_controller:lcd_ctl0|estado_atual.EST_ESCREVE_L1 ; clk          ; clk         ; 0.000        ; 0.249      ; 0.880      ;
; 0.547 ; cpu:cpu0|control_unit:cu0|state.OFF ; lcd_controller:lcd_ctl0|estado_atual.EST_LINHA1_POS ; clk          ; clk         ; 0.000        ; 0.249      ; 0.880      ;
; 0.547 ; cpu:cpu0|control_unit:cu0|state.OFF ; lcd_controller:lcd_ctl0|estado_atual.EST_ESPERA_CPU ; clk          ; clk         ; 0.000        ; 0.249      ; 0.880      ;
; 0.553 ; cpu:cpu0|control_unit:cu0|state.OFF ; lcd_controller:lcd_ctl0|cnt_espera[7]               ; clk          ; clk         ; 0.000        ; 0.248      ; 0.885      ;
; 0.553 ; cpu:cpu0|control_unit:cu0|state.OFF ; lcd_controller:lcd_ctl0|cnt_espera[6]               ; clk          ; clk         ; 0.000        ; 0.248      ; 0.885      ;
; 0.553 ; cpu:cpu0|control_unit:cu0|state.OFF ; lcd_controller:lcd_ctl0|cnt_espera[5]               ; clk          ; clk         ; 0.000        ; 0.248      ; 0.885      ;
; 0.553 ; cpu:cpu0|control_unit:cu0|state.OFF ; lcd_controller:lcd_ctl0|cnt_espera[4]               ; clk          ; clk         ; 0.000        ; 0.248      ; 0.885      ;
; 0.553 ; cpu:cpu0|control_unit:cu0|state.OFF ; lcd_controller:lcd_ctl0|cnt_espera[3]               ; clk          ; clk         ; 0.000        ; 0.248      ; 0.885      ;
; 0.553 ; cpu:cpu0|control_unit:cu0|state.OFF ; lcd_controller:lcd_ctl0|cnt_espera[2]               ; clk          ; clk         ; 0.000        ; 0.248      ; 0.885      ;
; 0.553 ; cpu:cpu0|control_unit:cu0|state.OFF ; lcd_controller:lcd_ctl0|cnt_espera[1]               ; clk          ; clk         ; 0.000        ; 0.248      ; 0.885      ;
; 0.553 ; cpu:cpu0|control_unit:cu0|state.OFF ; lcd_controller:lcd_ctl0|cnt_espera[0]               ; clk          ; clk         ; 0.000        ; 0.248      ; 0.885      ;
; 0.554 ; cpu:cpu0|control_unit:cu0|state.OFF ; lcd_controller:lcd_ctl0|estado_atual.EST_INIT_3     ; clk          ; clk         ; 0.000        ; 0.250      ; 0.888      ;
; 0.554 ; cpu:cpu0|control_unit:cu0|state.OFF ; lcd_controller:lcd_ctl0|estado_atual.EST_ESCREVE_L2 ; clk          ; clk         ; 0.000        ; 0.250      ; 0.888      ;
; 0.554 ; cpu:cpu0|control_unit:cu0|state.OFF ; lcd_controller:lcd_ctl0|estado_atual.EST_LINHA2_POS ; clk          ; clk         ; 0.000        ; 0.250      ; 0.888      ;
; 0.569 ; cpu:cpu0|control_unit:cu0|state.OFF ; lcd_controller:lcd_ctl0|linha1[9][0]                ; clk          ; clk         ; 0.000        ; 0.041      ; 0.694      ;
; 0.569 ; cpu:cpu0|control_unit:cu0|state.OFF ; lcd_controller:lcd_ctl0|linha1[8][0]                ; clk          ; clk         ; 0.000        ; 0.041      ; 0.694      ;
; 0.569 ; cpu:cpu0|control_unit:cu0|state.OFF ; lcd_controller:lcd_ctl0|linha1[3][6]                ; clk          ; clk         ; 0.000        ; 0.041      ; 0.694      ;
; 0.569 ; cpu:cpu0|control_unit:cu0|state.OFF ; lcd_controller:lcd_ctl0|linha1[0][2]                ; clk          ; clk         ; 0.000        ; 0.041      ; 0.694      ;
; 0.569 ; cpu:cpu0|control_unit:cu0|state.OFF ; lcd_controller:lcd_ctl0|linha1[2][2]                ; clk          ; clk         ; 0.000        ; 0.041      ; 0.694      ;
; 0.569 ; cpu:cpu0|control_unit:cu0|state.OFF ; lcd_controller:lcd_ctl0|linha1[0][1]                ; clk          ; clk         ; 0.000        ; 0.041      ; 0.694      ;
; 0.569 ; cpu:cpu0|control_unit:cu0|state.OFF ; lcd_controller:lcd_ctl0|linha1[0][0]                ; clk          ; clk         ; 0.000        ; 0.041      ; 0.694      ;
; 0.569 ; cpu:cpu0|control_unit:cu0|state.OFF ; lcd_controller:lcd_ctl0|linha1[1][0]                ; clk          ; clk         ; 0.000        ; 0.041      ; 0.694      ;
; 0.569 ; cpu:cpu0|control_unit:cu0|state.OFF ; lcd_controller:lcd_ctl0|linha1[1][1]                ; clk          ; clk         ; 0.000        ; 0.041      ; 0.694      ;
; 0.569 ; cpu:cpu0|control_unit:cu0|state.OFF ; lcd_controller:lcd_ctl0|linha1[0][4]                ; clk          ; clk         ; 0.000        ; 0.041      ; 0.694      ;
; 0.569 ; cpu:cpu0|control_unit:cu0|state.OFF ; lcd_controller:lcd_ctl0|linha1[1][2]                ; clk          ; clk         ; 0.000        ; 0.041      ; 0.694      ;
; 0.569 ; cpu:cpu0|control_unit:cu0|state.OFF ; lcd_controller:lcd_ctl0|linha1[2][4]                ; clk          ; clk         ; 0.000        ; 0.041      ; 0.694      ;
; 0.605 ; cpu:cpu0|control_unit:cu0|state.OFF ; lcd_controller:lcd_ctl0|linha2[4][0]                ; clk          ; clk         ; 0.000        ; 0.266      ; 0.955      ;
; 0.605 ; cpu:cpu0|control_unit:cu0|state.OFF ; lcd_controller:lcd_ctl0|linha2[5][1]                ; clk          ; clk         ; 0.000        ; 0.266      ; 0.955      ;
; 0.605 ; cpu:cpu0|control_unit:cu0|state.OFF ; lcd_controller:lcd_ctl0|linha2[5][2]                ; clk          ; clk         ; 0.000        ; 0.266      ; 0.955      ;
; 0.605 ; cpu:cpu0|control_unit:cu0|state.OFF ; lcd_controller:lcd_ctl0|linha2[5][3]                ; clk          ; clk         ; 0.000        ; 0.266      ; 0.955      ;
; 0.639 ; cpu:cpu0|control_unit:cu0|state.OFF ; lcd_controller:lcd_ctl0|linha2[5][0]                ; clk          ; clk         ; 0.000        ; 0.255      ; 0.978      ;
; 0.644 ; cpu:cpu0|control_unit:cu0|state.OFF ; lcd_controller:lcd_ctl0|linha2[3][0]                ; clk          ; clk         ; 0.000        ; 0.258      ; 0.986      ;
; 0.644 ; cpu:cpu0|control_unit:cu0|state.OFF ; lcd_controller:lcd_ctl0|linha2[4][1]                ; clk          ; clk         ; 0.000        ; 0.258      ; 0.986      ;
; 0.644 ; cpu:cpu0|control_unit:cu0|state.OFF ; lcd_controller:lcd_ctl0|linha2[4][2]                ; clk          ; clk         ; 0.000        ; 0.258      ; 0.986      ;
; 0.644 ; cpu:cpu0|control_unit:cu0|state.OFF ; lcd_controller:lcd_ctl0|linha2[4][3]                ; clk          ; clk         ; 0.000        ; 0.258      ; 0.986      ;
; 0.644 ; cpu:cpu0|control_unit:cu0|state.OFF ; lcd_controller:lcd_ctl0|linha1[7][0]                ; clk          ; clk         ; 0.000        ; 0.258      ; 0.986      ;
; 0.644 ; cpu:cpu0|control_unit:cu0|state.OFF ; lcd_controller:lcd_ctl0|linha1[2][3]                ; clk          ; clk         ; 0.000        ; 0.258      ; 0.986      ;
; 0.644 ; cpu:cpu0|control_unit:cu0|state.OFF ; lcd_controller:lcd_ctl0|linha1[9][4]                ; clk          ; clk         ; 0.000        ; 0.258      ; 0.986      ;
; 0.745 ; cpu:cpu0|control_unit:cu0|state.OFF ; lcd_controller:lcd_ctl0|linha2[0][1]                ; clk          ; clk         ; 0.000        ; 0.048      ; 0.877      ;
; 0.745 ; cpu:cpu0|control_unit:cu0|state.OFF ; lcd_controller:lcd_ctl0|linha2[0][2]                ; clk          ; clk         ; 0.000        ; 0.048      ; 0.877      ;
; 0.745 ; cpu:cpu0|control_unit:cu0|state.OFF ; lcd_controller:lcd_ctl0|reg_indice[3]               ; clk          ; clk         ; 0.000        ; 0.048      ; 0.877      ;
; 0.745 ; cpu:cpu0|control_unit:cu0|state.OFF ; lcd_controller:lcd_ctl0|reg_indice[2]               ; clk          ; clk         ; 0.000        ; 0.048      ; 0.877      ;
; 0.745 ; cpu:cpu0|control_unit:cu0|state.OFF ; lcd_controller:lcd_ctl0|reg_indice[1]               ; clk          ; clk         ; 0.000        ; 0.048      ; 0.877      ;
; 0.745 ; cpu:cpu0|control_unit:cu0|state.OFF ; lcd_controller:lcd_ctl0|reg_indice[0]               ; clk          ; clk         ; 0.000        ; 0.048      ; 0.877      ;
+-------+-------------------------------------+-----------------------------------------------------+--------------+-------------+--------------+------------+------------+


----------------------------------------------
; Fast 1200mV 0C Model Metastability Summary ;
----------------------------------------------
Design MTBF is not calculated because the design doesn't meet its timing requirements.



+---------------------------------------------------------------------------------+
; Multicorner Timing Analysis Summary                                             ;
+------------------+-----------+-------+----------+---------+---------------------+
; Clock            ; Setup     ; Hold  ; Recovery ; Removal ; Minimum Pulse Width ;
+------------------+-----------+-------+----------+---------+---------------------+
; Worst-case Slack ; -19.826   ; 0.173 ; -1.130   ; 0.372   ; -3.000              ;
;  clk             ; -19.826   ; 0.173 ; -1.130   ; 0.372   ; -3.000              ;
; Design-wide TNS  ; -3389.942 ; 0.0   ; -52.87   ; 0.0     ; -672.279            ;
;  clk             ; -3389.942 ; 0.000 ; -52.870  ; 0.000   ; -672.279            ;
+------------------+-----------+-------+----------+---------+---------------------+


+------------------------------------------------------------------------------------------------------------------------------------------------------------------------------------------------------------------------------------------------------------------------------------------------------------------------------------------------------------------------------------------------------------------+
; Board Trace Model Assignments                                                                                                                                                                                                                                                                                                                                                                                    ;
+---------------+--------------+-------------------+-------------------------+-------------------------+---------------+---------------------+----------------+------------------+--------+------------------+------------------------+------------------------+--------------+---------------+-----------------+-------+---------------------+--------------------+---------------+-----------------+-------------+
; Pin           ; I/O Standard ; Near Tline Length ; Near Tline L per Length ; Near Tline C per Length ; Near Series R ; Near Differential R ; Near Pull-up R ; Near Pull-down R ; Near C ; Far Tline Length ; Far Tline L per Length ; Far Tline C per Length ; Far Series R ; Far Pull-up R ; Far Pull-down R ; Far C ; Termination Voltage ; Far Differential R ; EBD File Name ; EBD Signal Name ; EBD Far-end ;
+---------------+--------------+-------------------+-------------------------+-------------------------+---------------+---------------------+----------------+------------------+--------+------------------+------------------------+------------------------+--------------+---------------+-----------------+-------+---------------------+--------------------+---------------+-----------------+-------------+
; lcd_data[0]   ; 3.3-V LVTTL  ; 0 in              ; 0 H/in                  ; 0 F/in                  ; short         ; -                   ; open           ; open             ; open   ; 0 in             ; 0 H/in                 ; 0 F/in                 ; short        ; open          ; open            ; open  ; 0 V                 ; -                  ; n/a           ; n/a             ; n/a         ;
; lcd_data[1]   ; 3.3-V LVTTL  ; 0 in              ; 0 H/in                  ; 0 F/in                  ; short         ; -                   ; open           ; open             ; open   ; 0 in             ; 0 H/in                 ; 0 F/in                 ; short        ; open          ; open            ; open  ; 0 V                 ; -                  ; n/a           ; n/a             ; n/a         ;
; lcd_data[2]   ; 3.3-V LVTTL  ; 0 in              ; 0 H/in                  ; 0 F/in                  ; short         ; -                   ; open           ; open             ; open   ; 0 in             ; 0 H/in                 ; 0 F/in                 ; short        ; open          ; open            ; open  ; 0 V                 ; -                  ; n/a           ; n/a             ; n/a         ;
; lcd_data[3]   ; 3.3-V LVTTL  ; 0 in              ; 0 H/in                  ; 0 F/in                  ; short         ; -                   ; open           ; open             ; open   ; 0 in             ; 0 H/in                 ; 0 F/in                 ; short        ; open          ; open            ; open  ; 0 V                 ; -                  ; n/a           ; n/a             ; n/a         ;
; lcd_data[4]   ; 3.3-V LVTTL  ; 0 in              ; 0 H/in                  ; 0 F/in                  ; short         ; -                   ; open           ; open             ; open   ; 0 in             ; 0 H/in                 ; 0 F/in                 ; short        ; open          ; open            ; open  ; 0 V                 ; -                  ; n/a           ; n/a             ; n/a         ;
; lcd_data[5]   ; 3.3-V LVTTL  ; 0 in              ; 0 H/in                  ; 0 F/in                  ; short         ; -                   ; open           ; open             ; open   ; 0 in             ; 0 H/in                 ; 0 F/in                 ; short        ; open          ; open            ; open  ; 0 V                 ; -                  ; n/a           ; n/a             ; n/a         ;
; lcd_data[6]   ; 3.3-V LVTTL  ; 0 in              ; 0 H/in                  ; 0 F/in                  ; short         ; -                   ; open           ; open             ; open   ; 0 in             ; 0 H/in                 ; 0 F/in                 ; short        ; open          ; open            ; open  ; 0 V                 ; -                  ; n/a           ; n/a             ; n/a         ;
; lcd_data[7]   ; 3.3-V LVTTL  ; 0 in              ; 0 H/in                  ; 0 F/in                  ; short         ; -                   ; open           ; open             ; open   ; 0 in             ; 0 H/in                 ; 0 F/in                 ; short        ; open          ; open            ; open  ; 0 V                 ; -                  ; n/a           ; n/a             ; n/a         ;
; lcd_rs        ; 3.3-V LVTTL  ; 0 in              ; 0 H/in                  ; 0 F/in                  ; short         ; -                   ; open           ; open             ; open   ; 0 in             ; 0 H/in                 ; 0 F/in                 ; short        ; open          ; open            ; open  ; 0 V                 ; -                  ; n/a           ; n/a             ; n/a         ;
; lcd_rw        ; 3.3-V LVTTL  ; 0 in              ; 0 H/in                  ; 0 F/in                  ; short         ; -                   ; open           ; open             ; open   ; 0 in             ; 0 H/in                 ; 0 F/in                 ; short        ; open          ; open            ; open  ; 0 V                 ; -                  ; n/a           ; n/a             ; n/a         ;
; lcd_en        ; 3.3-V LVTTL  ; 0 in              ; 0 H/in                  ; 0 F/in                  ; short         ; -                   ; open           ; open             ; open   ; 0 in             ; 0 H/in                 ; 0 F/in                 ; short        ; open          ; open            ; open  ; 0 V                 ; -                  ; n/a           ; n/a             ; n/a         ;
; ~ALTERA_DCLK~ ; 3.3-V LVTTL  ; 0 in              ; 0 H/in                  ; 0 F/in                  ; short         ; -                   ; open           ; open             ; open   ; 0 in             ; 0 H/in                 ; 0 F/in                 ; short        ; open          ; open            ; open  ; 0 V                 ; -                  ; n/a           ; n/a             ; n/a         ;
; ~ALTERA_nCEO~ ; 2.5 V        ; 0 in              ; 0 H/in                  ; 0 F/in                  ; short         ; -                   ; open           ; open             ; open   ; 0 in             ; 0 H/in                 ; 0 F/in                 ; short        ; open          ; open            ; open  ; 0 V                 ; -                  ; n/a           ; n/a             ; n/a         ;
+---------------+--------------+-------------------+-------------------------+-------------------------+---------------+---------------------+----------------+------------------+--------+------------------+------------------------+------------------------+--------------+---------------+-----------------+-------+---------------------+--------------------+---------------+-----------------+-------------+


+----------------------------------------------------------------------------+
; Input Transition Times                                                     ;
+-------------------------+--------------+-----------------+-----------------+
; Pin                     ; I/O Standard ; 10-90 Rise Time ; 90-10 Fall Time ;
+-------------------------+--------------+-----------------+-----------------+
; clk                     ; 3.3-V LVTTL  ; 2640 ps         ; 2640 ps         ;
; switch_bus[6]           ; 2.5 V        ; 2000 ps         ; 2000 ps         ;
; switch_bus[17]          ; 2.5 V        ; 2000 ps         ; 2000 ps         ;
; switch_bus[15]          ; 2.5 V        ; 2000 ps         ; 2000 ps         ;
; switch_bus[16]          ; 2.5 V        ; 2000 ps         ; 2000 ps         ;
; switch_bus[11]          ; 2.5 V        ; 2000 ps         ; 2000 ps         ;
; switch_bus[12]          ; 2.5 V        ; 2000 ps         ; 2000 ps         ;
; switch_bus[13]          ; 2.5 V        ; 2000 ps         ; 2000 ps         ;
; switch_bus[14]          ; 2.5 V        ; 2000 ps         ; 2000 ps         ;
; switch_bus[5]           ; 2.5 V        ; 2000 ps         ; 2000 ps         ;
; switch_bus[7]           ; 2.5 V        ; 2000 ps         ; 2000 ps         ;
; switch_bus[4]           ; 2.5 V        ; 2000 ps         ; 2000 ps         ;
; switch_bus[3]           ; 2.5 V        ; 2000 ps         ; 2000 ps         ;
; switch_bus[2]           ; 2.5 V        ; 2000 ps         ; 2000 ps         ;
; switch_bus[1]           ; 2.5 V        ; 2000 ps         ; 2000 ps         ;
; switch_bus[0]           ; 2.5 V        ; 2000 ps         ; 2000 ps         ;
; switch_bus[10]          ; 2.5 V        ; 2000 ps         ; 2000 ps         ;
; switch_bus[9]           ; 2.5 V        ; 2000 ps         ; 2000 ps         ;
; switch_bus[8]           ; 2.5 V        ; 2000 ps         ; 2000 ps         ;
; btn_send                ; 2.5 V        ; 2000 ps         ; 2000 ps         ;
; btn_rst                 ; 2.5 V        ; 2000 ps         ; 2000 ps         ;
; ~ALTERA_ASDO_DATA1~     ; 3.3-V LVTTL  ; 2640 ps         ; 2640 ps         ;
; ~ALTERA_FLASH_nCE_nCSO~ ; 3.3-V LVTTL  ; 2640 ps         ; 2640 ps         ;
; ~ALTERA_DATA0~          ; 3.3-V LVTTL  ; 2640 ps         ; 2640 ps         ;
+-------------------------+--------------+-----------------+-----------------+


+--------------------------------------------------------------------------------------------------------------------------------------------------------------------------------------------------------------------------------------------------------------------------------------------------------------------------------------------------------------------------------------------------------------------------------------------------------------------------------------------------------------------------------------------------------------------------------------------------------------------------------------------------------------------------------------------+
; Signal Integrity Metrics (Slow 1200mv 0c Model)                                                                                                                                                                                                                                                                                                                                                                                                                                                                                                                                                                                                                                            ;
+---------------+--------------+---------------------+---------------------+------------------------------+------------------------------+---------------------+---------------------+--------------------------------------+--------------------------------------+-----------------------------+-----------------------------+----------------------------+----------------------------+-----------------------------+-----------------------------+--------------------+--------------------+-------------------------------------+-------------------------------------+----------------------------+----------------------------+---------------------------+---------------------------+
; Pin           ; I/O Standard ; Board Delay on Rise ; Board Delay on Fall ; Steady State Voh at FPGA Pin ; Steady State Vol at FPGA Pin ; Voh Max at FPGA Pin ; Vol Min at FPGA Pin ; Ringback Voltage on Rise at FPGA Pin ; Ringback Voltage on Fall at FPGA Pin ; 10-90 Rise Time at FPGA Pin ; 90-10 Fall Time at FPGA Pin ; Monotonic Rise at FPGA Pin ; Monotonic Fall at FPGA Pin ; Steady State Voh at Far-end ; Steady State Vol at Far-end ; Voh Max at Far-end ; Vol Min at Far-end ; Ringback Voltage on Rise at Far-end ; Ringback Voltage on Fall at Far-end ; 10-90 Rise Time at Far-end ; 90-10 Fall Time at Far-end ; Monotonic Rise at Far-end ; Monotonic Fall at Far-end ;
+---------------+--------------+---------------------+---------------------+------------------------------+------------------------------+---------------------+---------------------+--------------------------------------+--------------------------------------+-----------------------------+-----------------------------+----------------------------+----------------------------+-----------------------------+-----------------------------+--------------------+--------------------+-------------------------------------+-------------------------------------+----------------------------+----------------------------+---------------------------+---------------------------+
; lcd_data[0]   ; 3.3-V LVTTL  ; 0 s                 ; 0 s                 ; 3.08 V                       ; 1.11e-08 V                   ; 3.13 V              ; -0.0798 V           ; 0.192 V                              ; 0.22 V                               ; 8.68e-10 s                  ; 6.46e-10 s                  ; No                         ; No                         ; 3.08 V                      ; 1.11e-08 V                  ; 3.13 V             ; -0.0798 V          ; 0.192 V                             ; 0.22 V                              ; 8.68e-10 s                 ; 6.46e-10 s                 ; No                        ; No                        ;
; lcd_data[1]   ; 3.3-V LVTTL  ; 0 s                 ; 0 s                 ; 3.08 V                       ; 1.11e-08 V                   ; 3.13 V              ; -0.0798 V           ; 0.192 V                              ; 0.22 V                               ; 8.68e-10 s                  ; 6.46e-10 s                  ; No                         ; No                         ; 3.08 V                      ; 1.11e-08 V                  ; 3.13 V             ; -0.0798 V          ; 0.192 V                             ; 0.22 V                              ; 8.68e-10 s                 ; 6.46e-10 s                 ; No                        ; No                        ;
; lcd_data[2]   ; 3.3-V LVTTL  ; 0 s                 ; 0 s                 ; 3.08 V                       ; 1.11e-08 V                   ; 3.13 V              ; -0.0798 V           ; 0.192 V                              ; 0.22 V                               ; 8.68e-10 s                  ; 6.46e-10 s                  ; No                         ; No                         ; 3.08 V                      ; 1.11e-08 V                  ; 3.13 V             ; -0.0798 V          ; 0.192 V                             ; 0.22 V                              ; 8.68e-10 s                 ; 6.46e-10 s                 ; No                        ; No                        ;
; lcd_data[3]   ; 3.3-V LVTTL  ; 0 s                 ; 0 s                 ; 3.08 V                       ; 1.11e-08 V                   ; 3.13 V              ; -0.0798 V           ; 0.192 V                              ; 0.22 V                               ; 8.68e-10 s                  ; 6.46e-10 s                  ; No                         ; No                         ; 3.08 V                      ; 1.11e-08 V                  ; 3.13 V             ; -0.0798 V          ; 0.192 V                             ; 0.22 V                              ; 8.68e-10 s                 ; 6.46e-10 s                 ; No                        ; No                        ;
; lcd_data[4]   ; 3.3-V LVTTL  ; 0 s                 ; 0 s                 ; 3.08 V                       ; 1.11e-08 V                   ; 3.13 V              ; -0.0798 V           ; 0.192 V                              ; 0.22 V                               ; 8.68e-10 s                  ; 6.46e-10 s                  ; No                         ; No                         ; 3.08 V                      ; 1.11e-08 V                  ; 3.13 V             ; -0.0798 V          ; 0.192 V                             ; 0.22 V                              ; 8.68e-10 s                 ; 6.46e-10 s                 ; No                        ; No                        ;
; lcd_data[5]   ; 3.3-V LVTTL  ; 0 s                 ; 0 s                 ; 3.08 V                       ; 1.11e-08 V                   ; 3.13 V              ; -0.0798 V           ; 0.192 V                              ; 0.22 V                               ; 8.68e-10 s                  ; 6.46e-10 s                  ; No                         ; No                         ; 3.08 V                      ; 1.11e-08 V                  ; 3.13 V             ; -0.0798 V          ; 0.192 V                             ; 0.22 V                              ; 8.68e-10 s                 ; 6.46e-10 s                 ; No                        ; No                        ;
; lcd_data[6]   ; 3.3-V LVTTL  ; 0 s                 ; 0 s                 ; 3.08 V                       ; 1.11e-08 V                   ; 3.13 V              ; -0.0798 V           ; 0.192 V                              ; 0.22 V                               ; 8.68e-10 s                  ; 6.46e-10 s                  ; No                         ; No                         ; 3.08 V                      ; 1.11e-08 V                  ; 3.13 V             ; -0.0798 V          ; 0.192 V                             ; 0.22 V                              ; 8.68e-10 s                 ; 6.46e-10 s                 ; No                        ; No                        ;
; lcd_data[7]   ; 3.3-V LVTTL  ; 0 s                 ; 0 s                 ; 3.08 V                       ; 1.11e-08 V                   ; 3.09 V              ; -0.0117 V           ; 0.268 V                              ; 0.262 V                              ; 4.74e-09 s                  ; 3.5e-09 s                   ; No                         ; No                         ; 3.08 V                      ; 1.11e-08 V                  ; 3.09 V             ; -0.0117 V          ; 0.268 V                             ; 0.262 V                             ; 4.74e-09 s                 ; 3.5e-09 s                  ; No                        ; No                        ;
; lcd_rs        ; 3.3-V LVTTL  ; 0 s                 ; 0 s                 ; 3.08 V                       ; 1.11e-08 V                   ; 3.13 V              ; -0.0798 V           ; 0.192 V                              ; 0.22 V                               ; 8.68e-10 s                  ; 6.46e-10 s                  ; No                         ; No                         ; 3.08 V                      ; 1.11e-08 V                  ; 3.13 V             ; -0.0798 V          ; 0.192 V                             ; 0.22 V                              ; 8.68e-10 s                 ; 6.46e-10 s                 ; No                        ; No                        ;
; lcd_rw        ; 3.3-V LVTTL  ; 0 s                 ; 0 s                 ; 3.08 V                       ; 1.11e-08 V                   ; 3.13 V              ; -0.0798 V           ; 0.192 V                              ; 0.22 V                               ; 8.68e-10 s                  ; 6.46e-10 s                  ; No                         ; No                         ; 3.08 V                      ; 1.11e-08 V                  ; 3.13 V             ; -0.0798 V          ; 0.192 V                             ; 0.22 V                              ; 8.68e-10 s                 ; 6.46e-10 s                 ; No                        ; No                        ;
; lcd_en        ; 3.3-V LVTTL  ; 0 s                 ; 0 s                 ; 3.08 V                       ; 1.11e-08 V                   ; 3.13 V              ; -0.0798 V           ; 0.192 V                              ; 0.22 V                               ; 8.68e-10 s                  ; 6.46e-10 s                  ; No                         ; No                         ; 3.08 V                      ; 1.11e-08 V                  ; 3.13 V             ; -0.0798 V          ; 0.192 V                             ; 0.22 V                              ; 8.68e-10 s                 ; 6.46e-10 s                 ; No                        ; No                        ;
; ~ALTERA_DCLK~ ; 3.3-V LVTTL  ; 0 s                 ; 0 s                 ; 3.08 V                       ; 5.73e-09 V                   ; 3.19 V              ; -0.173 V            ; 0.151 V                              ; 0.259 V                              ; 2.79e-10 s                  ; 2.42e-10 s                  ; Yes                        ; Yes                        ; 3.08 V                      ; 5.73e-09 V                  ; 3.19 V             ; -0.173 V           ; 0.151 V                             ; 0.259 V                             ; 2.79e-10 s                 ; 2.42e-10 s                 ; Yes                       ; Yes                       ;
; ~ALTERA_nCEO~ ; 2.5 V        ; 0 s                 ; 0 s                 ; 2.32 V                       ; 4.18e-09 V                   ; 2.38 V              ; -0.00483 V          ; 0.152 V                              ; 0.012 V                              ; 4.81e-10 s                  ; 6.29e-10 s                  ; Yes                        ; Yes                        ; 2.32 V                      ; 4.18e-09 V                  ; 2.38 V             ; -0.00483 V         ; 0.152 V                             ; 0.012 V                             ; 4.81e-10 s                 ; 6.29e-10 s                 ; Yes                       ; Yes                       ;
+---------------+--------------+---------------------+---------------------+------------------------------+------------------------------+---------------------+---------------------+--------------------------------------+--------------------------------------+-----------------------------+-----------------------------+----------------------------+----------------------------+-----------------------------+-----------------------------+--------------------+--------------------+-------------------------------------+-------------------------------------+----------------------------+----------------------------+---------------------------+---------------------------+


+--------------------------------------------------------------------------------------------------------------------------------------------------------------------------------------------------------------------------------------------------------------------------------------------------------------------------------------------------------------------------------------------------------------------------------------------------------------------------------------------------------------------------------------------------------------------------------------------------------------------------------------------------------------------------------------------+
; Signal Integrity Metrics (Slow 1200mv 85c Model)                                                                                                                                                                                                                                                                                                                                                                                                                                                                                                                                                                                                                                           ;
+---------------+--------------+---------------------+---------------------+------------------------------+------------------------------+---------------------+---------------------+--------------------------------------+--------------------------------------+-----------------------------+-----------------------------+----------------------------+----------------------------+-----------------------------+-----------------------------+--------------------+--------------------+-------------------------------------+-------------------------------------+----------------------------+----------------------------+---------------------------+---------------------------+
; Pin           ; I/O Standard ; Board Delay on Rise ; Board Delay on Fall ; Steady State Voh at FPGA Pin ; Steady State Vol at FPGA Pin ; Voh Max at FPGA Pin ; Vol Min at FPGA Pin ; Ringback Voltage on Rise at FPGA Pin ; Ringback Voltage on Fall at FPGA Pin ; 10-90 Rise Time at FPGA Pin ; 90-10 Fall Time at FPGA Pin ; Monotonic Rise at FPGA Pin ; Monotonic Fall at FPGA Pin ; Steady State Voh at Far-end ; Steady State Vol at Far-end ; Voh Max at Far-end ; Vol Min at Far-end ; Ringback Voltage on Rise at Far-end ; Ringback Voltage on Fall at Far-end ; 10-90 Rise Time at Far-end ; 90-10 Fall Time at Far-end ; Monotonic Rise at Far-end ; Monotonic Fall at Far-end ;
+---------------+--------------+---------------------+---------------------+------------------------------+------------------------------+---------------------+---------------------+--------------------------------------+--------------------------------------+-----------------------------+-----------------------------+----------------------------+----------------------------+-----------------------------+-----------------------------+--------------------+--------------------+-------------------------------------+-------------------------------------+----------------------------+----------------------------+---------------------------+---------------------------+
; lcd_data[0]   ; 3.3-V LVTTL  ; 0 s                 ; 0 s                 ; 3.08 V                       ; 1.28e-06 V                   ; 3.11 V              ; -0.0528 V           ; 0.302 V                              ; 0.199 V                              ; 9.51e-10 s                  ; 8.47e-10 s                  ; Yes                        ; No                         ; 3.08 V                      ; 1.28e-06 V                  ; 3.11 V             ; -0.0528 V          ; 0.302 V                             ; 0.199 V                             ; 9.51e-10 s                 ; 8.47e-10 s                 ; Yes                       ; No                        ;
; lcd_data[1]   ; 3.3-V LVTTL  ; 0 s                 ; 0 s                 ; 3.08 V                       ; 1.28e-06 V                   ; 3.11 V              ; -0.0528 V           ; 0.302 V                              ; 0.199 V                              ; 9.51e-10 s                  ; 8.47e-10 s                  ; Yes                        ; No                         ; 3.08 V                      ; 1.28e-06 V                  ; 3.11 V             ; -0.0528 V          ; 0.302 V                             ; 0.199 V                             ; 9.51e-10 s                 ; 8.47e-10 s                 ; Yes                       ; No                        ;
; lcd_data[2]   ; 3.3-V LVTTL  ; 0 s                 ; 0 s                 ; 3.08 V                       ; 1.28e-06 V                   ; 3.11 V              ; -0.0528 V           ; 0.302 V                              ; 0.199 V                              ; 9.51e-10 s                  ; 8.47e-10 s                  ; Yes                        ; No                         ; 3.08 V                      ; 1.28e-06 V                  ; 3.11 V             ; -0.0528 V          ; 0.302 V                             ; 0.199 V                             ; 9.51e-10 s                 ; 8.47e-10 s                 ; Yes                       ; No                        ;
; lcd_data[3]   ; 3.3-V LVTTL  ; 0 s                 ; 0 s                 ; 3.08 V                       ; 1.28e-06 V                   ; 3.11 V              ; -0.0528 V           ; 0.302 V                              ; 0.199 V                              ; 9.51e-10 s                  ; 8.47e-10 s                  ; Yes                        ; No                         ; 3.08 V                      ; 1.28e-06 V                  ; 3.11 V             ; -0.0528 V          ; 0.302 V                             ; 0.199 V                             ; 9.51e-10 s                 ; 8.47e-10 s                 ; Yes                       ; No                        ;
; lcd_data[4]   ; 3.3-V LVTTL  ; 0 s                 ; 0 s                 ; 3.08 V                       ; 1.28e-06 V                   ; 3.11 V              ; -0.0528 V           ; 0.302 V                              ; 0.199 V                              ; 9.51e-10 s                  ; 8.47e-10 s                  ; Yes                        ; No                         ; 3.08 V                      ; 1.28e-06 V                  ; 3.11 V             ; -0.0528 V          ; 0.302 V                             ; 0.199 V                             ; 9.51e-10 s                 ; 8.47e-10 s                 ; Yes                       ; No                        ;
; lcd_data[5]   ; 3.3-V LVTTL  ; 0 s                 ; 0 s                 ; 3.08 V                       ; 1.28e-06 V                   ; 3.11 V              ; -0.0528 V           ; 0.302 V                              ; 0.199 V                              ; 9.51e-10 s                  ; 8.47e-10 s                  ; Yes                        ; No                         ; 3.08 V                      ; 1.28e-06 V                  ; 3.11 V             ; -0.0528 V          ; 0.302 V                             ; 0.199 V                             ; 9.51e-10 s                 ; 8.47e-10 s                 ; Yes                       ; No                        ;
; lcd_data[6]   ; 3.3-V LVTTL  ; 0 s                 ; 0 s                 ; 3.08 V                       ; 1.28e-06 V                   ; 3.11 V              ; -0.0528 V           ; 0.302 V                              ; 0.199 V                              ; 9.51e-10 s                  ; 8.47e-10 s                  ; Yes                        ; No                         ; 3.08 V                      ; 1.28e-06 V                  ; 3.11 V             ; -0.0528 V          ; 0.302 V                             ; 0.199 V                             ; 9.51e-10 s                 ; 8.47e-10 s                 ; Yes                       ; No                        ;
; lcd_data[7]   ; 3.3-V LVTTL  ; 0 s                 ; 0 s                 ; 3.08 V                       ; 1.28e-06 V                   ; 3.08 V              ; -0.00641 V          ; 0.261 V                              ; 0.26 V                               ; 5.52e-09 s                  ; 4.36e-09 s                  ; Yes                        ; Yes                        ; 3.08 V                      ; 1.28e-06 V                  ; 3.08 V             ; -0.00641 V         ; 0.261 V                             ; 0.26 V                              ; 5.52e-09 s                 ; 4.36e-09 s                 ; Yes                       ; Yes                       ;
; lcd_rs        ; 3.3-V LVTTL  ; 0 s                 ; 0 s                 ; 3.08 V                       ; 1.28e-06 V                   ; 3.11 V              ; -0.0528 V           ; 0.302 V                              ; 0.199 V                              ; 9.51e-10 s                  ; 8.47e-10 s                  ; Yes                        ; No                         ; 3.08 V                      ; 1.28e-06 V                  ; 3.11 V             ; -0.0528 V          ; 0.302 V                             ; 0.199 V                             ; 9.51e-10 s                 ; 8.47e-10 s                 ; Yes                       ; No                        ;
; lcd_rw        ; 3.3-V LVTTL  ; 0 s                 ; 0 s                 ; 3.08 V                       ; 1.28e-06 V                   ; 3.11 V              ; -0.0528 V           ; 0.302 V                              ; 0.199 V                              ; 9.51e-10 s                  ; 8.47e-10 s                  ; Yes                        ; No                         ; 3.08 V                      ; 1.28e-06 V                  ; 3.11 V             ; -0.0528 V          ; 0.302 V                             ; 0.199 V                             ; 9.51e-10 s                 ; 8.47e-10 s                 ; Yes                       ; No                        ;
; lcd_en        ; 3.3-V LVTTL  ; 0 s                 ; 0 s                 ; 3.08 V                       ; 1.28e-06 V                   ; 3.11 V              ; -0.0528 V           ; 0.302 V                              ; 0.199 V                              ; 9.51e-10 s                  ; 8.47e-10 s                  ; Yes                        ; No                         ; 3.08 V                      ; 1.28e-06 V                  ; 3.11 V             ; -0.0528 V          ; 0.302 V                             ; 0.199 V                             ; 9.51e-10 s                 ; 8.47e-10 s                 ; Yes                       ; No                        ;
; ~ALTERA_DCLK~ ; 3.3-V LVTTL  ; 0 s                 ; 0 s                 ; 3.08 V                       ; 6.54e-07 V                   ; 3.14 V              ; -0.115 V            ; 0.146 V                              ; 0.141 V                              ; 3.07e-10 s                  ; 3.96e-10 s                  ; Yes                        ; No                         ; 3.08 V                      ; 6.54e-07 V                  ; 3.14 V             ; -0.115 V           ; 0.146 V                             ; 0.141 V                             ; 3.07e-10 s                 ; 3.96e-10 s                 ; Yes                       ; No                        ;
; ~ALTERA_nCEO~ ; 2.5 V        ; 0 s                 ; 0 s                 ; 2.32 V                       ; 6.15e-07 V                   ; 2.35 V              ; -0.00712 V          ; 0.093 V                              ; 0.02 V                               ; 6.21e-10 s                  ; 7.9e-10 s                   ; Yes                        ; Yes                        ; 2.32 V                      ; 6.15e-07 V                  ; 2.35 V             ; -0.00712 V         ; 0.093 V                             ; 0.02 V                              ; 6.21e-10 s                 ; 7.9e-10 s                  ; Yes                       ; Yes                       ;
+---------------+--------------+---------------------+---------------------+------------------------------+------------------------------+---------------------+---------------------+--------------------------------------+--------------------------------------+-----------------------------+-----------------------------+----------------------------+----------------------------+-----------------------------+-----------------------------+--------------------+--------------------+-------------------------------------+-------------------------------------+----------------------------+----------------------------+---------------------------+---------------------------+


+--------------------------------------------------------------------------------------------------------------------------------------------------------------------------------------------------------------------------------------------------------------------------------------------------------------------------------------------------------------------------------------------------------------------------------------------------------------------------------------------------------------------------------------------------------------------------------------------------------------------------------------------------------------------------------------------+
; Signal Integrity Metrics (Fast 1200mv 0c Model)                                                                                                                                                                                                                                                                                                                                                                                                                                                                                                                                                                                                                                            ;
+---------------+--------------+---------------------+---------------------+------------------------------+------------------------------+---------------------+---------------------+--------------------------------------+--------------------------------------+-----------------------------+-----------------------------+----------------------------+----------------------------+-----------------------------+-----------------------------+--------------------+--------------------+-------------------------------------+-------------------------------------+----------------------------+----------------------------+---------------------------+---------------------------+
; Pin           ; I/O Standard ; Board Delay on Rise ; Board Delay on Fall ; Steady State Voh at FPGA Pin ; Steady State Vol at FPGA Pin ; Voh Max at FPGA Pin ; Vol Min at FPGA Pin ; Ringback Voltage on Rise at FPGA Pin ; Ringback Voltage on Fall at FPGA Pin ; 10-90 Rise Time at FPGA Pin ; 90-10 Fall Time at FPGA Pin ; Monotonic Rise at FPGA Pin ; Monotonic Fall at FPGA Pin ; Steady State Voh at Far-end ; Steady State Vol at Far-end ; Voh Max at Far-end ; Vol Min at Far-end ; Ringback Voltage on Rise at Far-end ; Ringback Voltage on Fall at Far-end ; 10-90 Rise Time at Far-end ; 90-10 Fall Time at Far-end ; Monotonic Rise at Far-end ; Monotonic Fall at Far-end ;
+---------------+--------------+---------------------+---------------------+------------------------------+------------------------------+---------------------+---------------------+--------------------------------------+--------------------------------------+-----------------------------+-----------------------------+----------------------------+----------------------------+-----------------------------+-----------------------------+--------------------+--------------------+-------------------------------------+-------------------------------------+----------------------------+----------------------------+---------------------------+---------------------------+
; lcd_data[0]   ; 3.3-V LVTTL  ; 0 s                 ; 0 s                 ; 3.46 V                       ; 1.25e-07 V                   ; 3.57 V              ; -0.0855 V           ; 0.315 V                              ; 0.175 V                              ; 6.79e-10 s                  ; 6.15e-10 s                  ; No                         ; No                         ; 3.46 V                      ; 1.25e-07 V                  ; 3.57 V             ; -0.0855 V          ; 0.315 V                             ; 0.175 V                             ; 6.79e-10 s                 ; 6.15e-10 s                 ; No                        ; No                        ;
; lcd_data[1]   ; 3.3-V LVTTL  ; 0 s                 ; 0 s                 ; 3.46 V                       ; 1.25e-07 V                   ; 3.57 V              ; -0.0855 V           ; 0.315 V                              ; 0.175 V                              ; 6.79e-10 s                  ; 6.15e-10 s                  ; No                         ; No                         ; 3.46 V                      ; 1.25e-07 V                  ; 3.57 V             ; -0.0855 V          ; 0.315 V                             ; 0.175 V                             ; 6.79e-10 s                 ; 6.15e-10 s                 ; No                        ; No                        ;
; lcd_data[2]   ; 3.3-V LVTTL  ; 0 s                 ; 0 s                 ; 3.46 V                       ; 1.25e-07 V                   ; 3.57 V              ; -0.0855 V           ; 0.315 V                              ; 0.175 V                              ; 6.79e-10 s                  ; 6.15e-10 s                  ; No                         ; No                         ; 3.46 V                      ; 1.25e-07 V                  ; 3.57 V             ; -0.0855 V          ; 0.315 V                             ; 0.175 V                             ; 6.79e-10 s                 ; 6.15e-10 s                 ; No                        ; No                        ;
; lcd_data[3]   ; 3.3-V LVTTL  ; 0 s                 ; 0 s                 ; 3.46 V                       ; 1.25e-07 V                   ; 3.57 V              ; -0.0855 V           ; 0.315 V                              ; 0.175 V                              ; 6.79e-10 s                  ; 6.15e-10 s                  ; No                         ; No                         ; 3.46 V                      ; 1.25e-07 V                  ; 3.57 V             ; -0.0855 V          ; 0.315 V                             ; 0.175 V                             ; 6.79e-10 s                 ; 6.15e-10 s                 ; No                        ; No                        ;
; lcd_data[4]   ; 3.3-V LVTTL  ; 0 s                 ; 0 s                 ; 3.46 V                       ; 1.25e-07 V                   ; 3.57 V              ; -0.0855 V           ; 0.315 V                              ; 0.175 V                              ; 6.79e-10 s                  ; 6.15e-10 s                  ; No                         ; No                         ; 3.46 V                      ; 1.25e-07 V                  ; 3.57 V             ; -0.0855 V          ; 0.315 V                             ; 0.175 V                             ; 6.79e-10 s                 ; 6.15e-10 s                 ; No                        ; No                        ;
; lcd_data[5]   ; 3.3-V LVTTL  ; 0 s                 ; 0 s                 ; 3.46 V                       ; 1.25e-07 V                   ; 3.57 V              ; -0.0855 V           ; 0.315 V                              ; 0.175 V                              ; 6.79e-10 s                  ; 6.15e-10 s                  ; No                         ; No                         ; 3.46 V                      ; 1.25e-07 V                  ; 3.57 V             ; -0.0855 V          ; 0.315 V                             ; 0.175 V                             ; 6.79e-10 s                 ; 6.15e-10 s                 ; No                        ; No                        ;
; lcd_data[6]   ; 3.3-V LVTTL  ; 0 s                 ; 0 s                 ; 3.46 V                       ; 1.25e-07 V                   ; 3.57 V              ; -0.0855 V           ; 0.315 V                              ; 0.175 V                              ; 6.79e-10 s                  ; 6.15e-10 s                  ; No                         ; No                         ; 3.46 V                      ; 1.25e-07 V                  ; 3.57 V             ; -0.0855 V          ; 0.315 V                             ; 0.175 V                             ; 6.79e-10 s                 ; 6.15e-10 s                 ; No                        ; No                        ;
; lcd_data[7]   ; 3.3-V LVTTL  ; 0 s                 ; 0 s                 ; 3.46 V                       ; 1.25e-07 V                   ; 3.48 V              ; -0.0162 V           ; 0.354 V                              ; 0.317 V                              ; 3.88e-09 s                  ; 3.06e-09 s                  ; No                         ; No                         ; 3.46 V                      ; 1.25e-07 V                  ; 3.48 V             ; -0.0162 V          ; 0.354 V                             ; 0.317 V                             ; 3.88e-09 s                 ; 3.06e-09 s                 ; No                        ; No                        ;
; lcd_rs        ; 3.3-V LVTTL  ; 0 s                 ; 0 s                 ; 3.46 V                       ; 1.25e-07 V                   ; 3.57 V              ; -0.0855 V           ; 0.315 V                              ; 0.175 V                              ; 6.79e-10 s                  ; 6.15e-10 s                  ; No                         ; No                         ; 3.46 V                      ; 1.25e-07 V                  ; 3.57 V             ; -0.0855 V          ; 0.315 V                             ; 0.175 V                             ; 6.79e-10 s                 ; 6.15e-10 s                 ; No                        ; No                        ;
; lcd_rw        ; 3.3-V LVTTL  ; 0 s                 ; 0 s                 ; 3.46 V                       ; 1.25e-07 V                   ; 3.57 V              ; -0.0855 V           ; 0.315 V                              ; 0.175 V                              ; 6.79e-10 s                  ; 6.15e-10 s                  ; No                         ; No                         ; 3.46 V                      ; 1.25e-07 V                  ; 3.57 V             ; -0.0855 V          ; 0.315 V                             ; 0.175 V                             ; 6.79e-10 s                 ; 6.15e-10 s                 ; No                        ; No                        ;
; lcd_en        ; 3.3-V LVTTL  ; 0 s                 ; 0 s                 ; 3.46 V                       ; 1.25e-07 V                   ; 3.57 V              ; -0.0855 V           ; 0.315 V                              ; 0.175 V                              ; 6.79e-10 s                  ; 6.15e-10 s                  ; No                         ; No                         ; 3.46 V                      ; 1.25e-07 V                  ; 3.57 V             ; -0.0855 V          ; 0.315 V                             ; 0.175 V                             ; 6.79e-10 s                 ; 6.15e-10 s                 ; No                        ; No                        ;
; ~ALTERA_DCLK~ ; 3.3-V LVTTL  ; 0 s                 ; 0 s                 ; 3.46 V                       ; 6.54e-08 V                   ; 3.66 V              ; -0.26 V             ; 0.41 V                               ; 0.32 V                               ; 1.57e-10 s                  ; 2.15e-10 s                  ; No                         ; Yes                        ; 3.46 V                      ; 6.54e-08 V                  ; 3.66 V             ; -0.26 V            ; 0.41 V                              ; 0.32 V                              ; 1.57e-10 s                 ; 2.15e-10 s                 ; No                        ; Yes                       ;
; ~ALTERA_nCEO~ ; 2.5 V        ; 0 s                 ; 0 s                 ; 2.62 V                       ; 3.54e-08 V                   ; 2.7 V               ; -0.00943 V          ; 0.276 V                              ; 0.035 V                              ; 3.19e-10 s                  ; 4.99e-10 s                  ; No                         ; Yes                        ; 2.62 V                      ; 3.54e-08 V                  ; 2.7 V              ; -0.00943 V         ; 0.276 V                             ; 0.035 V                             ; 3.19e-10 s                 ; 4.99e-10 s                 ; No                        ; Yes                       ;
+---------------+--------------+---------------------+---------------------+------------------------------+------------------------------+---------------------+---------------------+--------------------------------------+--------------------------------------+-----------------------------+-----------------------------+----------------------------+----------------------------+-----------------------------+-----------------------------+--------------------+--------------------+-------------------------------------+-------------------------------------+----------------------------+----------------------------+---------------------------+---------------------------+


+-----------------------------------------------------------------------+
; Setup Transfers                                                       ;
+------------+----------+--------------+----------+----------+----------+
; From Clock ; To Clock ; RR Paths     ; FR Paths ; RF Paths ; FF Paths ;
+------------+----------+--------------+----------+----------+----------+
; clk        ; clk      ; > 2147483647 ; 0        ; 0        ; 0        ;
+------------+----------+--------------+----------+----------+----------+
Entries labeled "false path" only account for clock-to-clock false paths and not path-based false paths. As a result, actual path counts may be lower than reported.


+-----------------------------------------------------------------------+
; Hold Transfers                                                        ;
+------------+----------+--------------+----------+----------+----------+
; From Clock ; To Clock ; RR Paths     ; FR Paths ; RF Paths ; FF Paths ;
+------------+----------+--------------+----------+----------+----------+
; clk        ; clk      ; > 2147483647 ; 0        ; 0        ; 0        ;
+------------+----------+--------------+----------+----------+----------+
Entries labeled "false path" only account for clock-to-clock false paths and not path-based false paths. As a result, actual path counts may be lower than reported.


+-------------------------------------------------------------------+
; Recovery Transfers                                                ;
+------------+----------+----------+----------+----------+----------+
; From Clock ; To Clock ; RR Paths ; FR Paths ; RF Paths ; FF Paths ;
+------------+----------+----------+----------+----------+----------+
; clk        ; clk      ; 73       ; 0        ; 0        ; 0        ;
+------------+----------+----------+----------+----------+----------+
Entries labeled "false path" only account for clock-to-clock false paths and not path-based false paths. As a result, actual path counts may be lower than reported.


+-------------------------------------------------------------------+
; Removal Transfers                                                 ;
+------------+----------+----------+----------+----------+----------+
; From Clock ; To Clock ; RR Paths ; FR Paths ; RF Paths ; FF Paths ;
+------------+----------+----------+----------+----------+----------+
; clk        ; clk      ; 73       ; 0        ; 0        ; 0        ;
+------------+----------+----------+----------+----------+----------+
Entries labeled "false path" only account for clock-to-clock false paths and not path-based false paths. As a result, actual path counts may be lower than reported.


---------------
; Report TCCS ;
---------------
No dedicated SERDES Transmitter circuitry present in device or used in design


---------------
; Report RSKM ;
---------------
No non-DPA dedicated SERDES Receiver circuitry present in device or used in design


+------------------------------------------------+
; Unconstrained Paths Summary                    ;
+---------------------------------+-------+------+
; Property                        ; Setup ; Hold ;
+---------------------------------+-------+------+
; Illegal Clocks                  ; 0     ; 0    ;
; Unconstrained Clocks            ; 0     ; 0    ;
; Unconstrained Input Ports       ; 20    ; 20   ;
; Unconstrained Input Port Paths  ; 20    ; 20   ;
; Unconstrained Output Ports      ; 10    ; 10   ;
; Unconstrained Output Port Paths ; 125   ; 125  ;
+---------------------------------+-------+------+


+-------------------------------------+
; Clock Status Summary                ;
+--------+-------+------+-------------+
; Target ; Clock ; Type ; Status      ;
+--------+-------+------+-------------+
; clk    ; clk   ; Base ; Constrained ;
+--------+-------+------+-------------+


+-------------------------------------------------------------------------------------------------------+
; Unconstrained Input Ports                                                                             ;
+----------------+--------------------------------------------------------------------------------------+
; Input Port     ; Comment                                                                              ;
+----------------+--------------------------------------------------------------------------------------+
; btn_rst        ; No input delay, min/max delays, false-path exceptions, or max skew assignments found ;
; btn_send       ; No input delay, min/max delays, false-path exceptions, or max skew assignments found ;
; switch_bus[0]  ; No input delay, min/max delays, false-path exceptions, or max skew assignments found ;
; switch_bus[1]  ; No input delay, min/max delays, false-path exceptions, or max skew assignments found ;
; switch_bus[2]  ; No input delay, min/max delays, false-path exceptions, or max skew assignments found ;
; switch_bus[3]  ; No input delay, min/max delays, false-path exceptions, or max skew assignments found ;
; switch_bus[4]  ; No input delay, min/max delays, false-path exceptions, or max skew assignments found ;
; switch_bus[5]  ; No input delay, min/max delays, false-path exceptions, or max skew assignments found ;
; switch_bus[6]  ; No input delay, min/max delays, false-path exceptions, or max skew assignments found ;
; switch_bus[7]  ; No input delay, min/max delays, false-path exceptions, or max skew assignments found ;
; switch_bus[8]  ; No input delay, min/max delays, false-path exceptions, or max skew assignments found ;
; switch_bus[9]  ; No input delay, min/max delays, false-path exceptions, or max skew assignments found ;
; switch_bus[10] ; No input delay, min/max delays, false-path exceptions, or max skew assignments found ;
; switch_bus[11] ; No input delay, min/max delays, false-path exceptions, or max skew assignments found ;
; switch_bus[12] ; No input delay, min/max delays, false-path exceptions, or max skew assignments found ;
; switch_bus[13] ; No input delay, min/max delays, false-path exceptions, or max skew assignments found ;
; switch_bus[14] ; No input delay, min/max delays, false-path exceptions, or max skew assignments found ;
; switch_bus[15] ; No input delay, min/max delays, false-path exceptions, or max skew assignments found ;
; switch_bus[16] ; No input delay, min/max delays, false-path exceptions, or max skew assignments found ;
; switch_bus[17] ; No input delay, min/max delays, false-path exceptions, or max skew assignments found ;
+----------------+--------------------------------------------------------------------------------------+


+-----------------------------------------------------------------------------------------------------+
; Unconstrained Output Ports                                                                          ;
+-------------+---------------------------------------------------------------------------------------+
; Output Port ; Comment                                                                               ;
+-------------+---------------------------------------------------------------------------------------+
; lcd_data[0] ; No output delay, min/max delays, false-path exceptions, or max skew assignments found ;
; lcd_data[1] ; No output delay, min/max delays, false-path exceptions, or max skew assignments found ;
; lcd_data[2] ; No output delay, min/max delays, false-path exceptions, or max skew assignments found ;
; lcd_data[3] ; No output delay, min/max delays, false-path exceptions, or max skew assignments found ;
; lcd_data[4] ; No output delay, min/max delays, false-path exceptions, or max skew assignments found ;
; lcd_data[5] ; No output delay, min/max delays, false-path exceptions, or max skew assignments found ;
; lcd_data[6] ; No output delay, min/max delays, false-path exceptions, or max skew assignments found ;
; lcd_data[7] ; No output delay, min/max delays, false-path exceptions, or max skew assignments found ;
; lcd_en      ; No output delay, min/max delays, false-path exceptions, or max skew assignments found ;
; lcd_rs      ; No output delay, min/max delays, false-path exceptions, or max skew assignments found ;
+-------------+---------------------------------------------------------------------------------------+


+-------------------------------------------------------------------------------------------------------+
; Unconstrained Input Ports                                                                             ;
+----------------+--------------------------------------------------------------------------------------+
; Input Port     ; Comment                                                                              ;
+----------------+--------------------------------------------------------------------------------------+
; btn_rst        ; No input delay, min/max delays, false-path exceptions, or max skew assignments found ;
; btn_send       ; No input delay, min/max delays, false-path exceptions, or max skew assignments found ;
; switch_bus[0]  ; No input delay, min/max delays, false-path exceptions, or max skew assignments found ;
; switch_bus[1]  ; No input delay, min/max delays, false-path exceptions, or max skew assignments found ;
; switch_bus[2]  ; No input delay, min/max delays, false-path exceptions, or max skew assignments found ;
; switch_bus[3]  ; No input delay, min/max delays, false-path exceptions, or max skew assignments found ;
; switch_bus[4]  ; No input delay, min/max delays, false-path exceptions, or max skew assignments found ;
; switch_bus[5]  ; No input delay, min/max delays, false-path exceptions, or max skew assignments found ;
; switch_bus[6]  ; No input delay, min/max delays, false-path exceptions, or max skew assignments found ;
; switch_bus[7]  ; No input delay, min/max delays, false-path exceptions, or max skew assignments found ;
; switch_bus[8]  ; No input delay, min/max delays, false-path exceptions, or max skew assignments found ;
; switch_bus[9]  ; No input delay, min/max delays, false-path exceptions, or max skew assignments found ;
; switch_bus[10] ; No input delay, min/max delays, false-path exceptions, or max skew assignments found ;
; switch_bus[11] ; No input delay, min/max delays, false-path exceptions, or max skew assignments found ;
; switch_bus[12] ; No input delay, min/max delays, false-path exceptions, or max skew assignments found ;
; switch_bus[13] ; No input delay, min/max delays, false-path exceptions, or max skew assignments found ;
; switch_bus[14] ; No input delay, min/max delays, false-path exceptions, or max skew assignments found ;
; switch_bus[15] ; No input delay, min/max delays, false-path exceptions, or max skew assignments found ;
; switch_bus[16] ; No input delay, min/max delays, false-path exceptions, or max skew assignments found ;
; switch_bus[17] ; No input delay, min/max delays, false-path exceptions, or max skew assignments found ;
+----------------+--------------------------------------------------------------------------------------+


+-----------------------------------------------------------------------------------------------------+
; Unconstrained Output Ports                                                                          ;
+-------------+---------------------------------------------------------------------------------------+
; Output Port ; Comment                                                                               ;
+-------------+---------------------------------------------------------------------------------------+
; lcd_data[0] ; No output delay, min/max delays, false-path exceptions, or max skew assignments found ;
; lcd_data[1] ; No output delay, min/max delays, false-path exceptions, or max skew assignments found ;
; lcd_data[2] ; No output delay, min/max delays, false-path exceptions, or max skew assignments found ;
; lcd_data[3] ; No output delay, min/max delays, false-path exceptions, or max skew assignments found ;
; lcd_data[4] ; No output delay, min/max delays, false-path exceptions, or max skew assignments found ;
; lcd_data[5] ; No output delay, min/max delays, false-path exceptions, or max skew assignments found ;
; lcd_data[6] ; No output delay, min/max delays, false-path exceptions, or max skew assignments found ;
; lcd_data[7] ; No output delay, min/max delays, false-path exceptions, or max skew assignments found ;
; lcd_en      ; No output delay, min/max delays, false-path exceptions, or max skew assignments found ;
; lcd_rs      ; No output delay, min/max delays, false-path exceptions, or max skew assignments found ;
+-------------+---------------------------------------------------------------------------------------+


+--------------------------+
; Timing Analyzer Messages ;
+--------------------------+
Info: *******************************************************************
Info: Running Quartus Prime Timing Analyzer
    Info: Version 25.1std.0 Build 1129 10/21/2025 SC Lite Edition
    Info: Processing started: Mon Jun  8 17:37:06 2026
Info: Command: quartus_sta control-unit -c fpga
Info: qsta_default_script.tcl version: #1
Warning (18236): Number of processors has not been specified which may cause overloading on shared machines.  Set the global assignment NUM_PARALLEL_PROCESSORS in your QSF to an appropriate value for best performance.
Info (20030): Parallel compilation is enabled and will use 4 of the 4 processors detected
Info (21076): High junction temperature operating condition is not set. Assuming a default value of '85'.
Info (21076): Low junction temperature operating condition is not set. Assuming a default value of '0'.
Critical Warning (332012): Synopsys Design Constraints File file not found: 'fpga.sdc'. A Synopsys Design Constraints File is required by the Timing Analyzer to get proper timing constraints. Without it, the Compiler will not properly optimize the design.
Info (332142): No user constrained base clocks found in the design. Calling "derive_clocks -period 1.0"
Info (332105): Deriving Clocks
    Info (332105): create_clock -period 1.000 -name clk clk
Info (332143): No user constrained clock uncertainty found in the design. Calling "derive_clock_uncertainty"
Info (332123): Deriving Clock Uncertainty. Please refer to report_sdc in the Timing Analyzer to see clock uncertainties.
Info: Found TIMING_ANALYZER_REPORT_SCRIPT_INCLUDE_DEFAULT_ANALYSIS = ON
Info: Analyzing Slow 1200mV 85C Model
Critical Warning (332148): Timing requirements not met
    Info (11105): For recommendations on closing timing, run Report Timing Closure Recommendations in the Timing Analyzer.
Info (332146): Worst-case setup slack is -19.826
    Info (332119):     Slack       End Point TNS Clock 
    Info (332119): ========= =================== =====================
    Info (332119):   -19.826           -3389.942 clk 
Info (332146): Worst-case hold slack is 0.385
    Info (332119):     Slack       End Point TNS Clock 
    Info (332119): ========= =================== =====================
    Info (332119):     0.385               0.000 clk 
Info (332146): Worst-case recovery slack is -1.130
    Info (332119):     Slack       End Point TNS Clock 
    Info (332119): ========= =================== =====================
    Info (332119):    -1.130             -52.870 clk 
Info (332146): Worst-case removal slack is 0.797
    Info (332119):     Slack       End Point TNS Clock 
    Info (332119): ========= =================== =====================
    Info (332119):     0.797               0.000 clk 
Info (332146): Worst-case minimum pulse width slack is -3.000
    Info (332119):     Slack       End Point TNS Clock 
    Info (332119): ========= =================== =====================
    Info (332119):    -3.000            -672.279 clk 
Info (332114): Report Metastability: Found 2 synchronizer chains.
    Info (332114): Design MTBF is not calculated because the design doesn't meet its timing requirements.
Info: Analyzing Slow 1200mV 0C Model
Info (334003): Started post-fitting delay annotation
Info (334004): Delay annotation completed successfully
Info (332123): Deriving Clock Uncertainty. Please refer to report_sdc in the Timing Analyzer to see clock uncertainties.
Critical Warning (332148): Timing requirements not met
    Info (11105): For recommendations on closing timing, run Report Timing Closure Recommendations in the Timing Analyzer.
Info (332146): Worst-case setup slack is -17.937
    Info (332119):     Slack       End Point TNS Clock 
    Info (332119): ========= =================== =====================
    Info (332119):   -17.937           -3057.345 clk 
Info (332146): Worst-case hold slack is 0.338
    Info (332119):     Slack       End Point TNS Clock 
    Info (332119): ========= =================== =====================
    Info (332119):     0.338               0.000 clk 
Info (332146): Worst-case recovery slack is -0.912
    Info (332119):     Slack       End Point TNS Clock 
    Info (332119): ========= =================== =====================
    Info (332119):    -0.912             -40.388 clk 
Info (332146): Worst-case removal slack is 0.733
    Info (332119):     Slack       End Point TNS Clock 
    Info (332119): ========= =================== =====================
    Info (332119):     0.733               0.000 clk 
Info (332146): Worst-case minimum pulse width slack is -3.000
    Info (332119):     Slack       End Point TNS Clock 
    Info (332119): ========= =================== =====================
    Info (332119):    -3.000            -671.943 clk 
Info (332114): Report Metastability: Found 2 synchronizer chains.
    Info (332114): Design MTBF is not calculated because the design doesn't meet its timing requirements.
Info: Analyzing Fast 1200mV 0C Model
Info (332123): Deriving Clock Uncertainty. Please refer to report_sdc in the Timing Analyzer to see clock uncertainties.
Critical Warning (332148): Timing requirements not met
    Info (11105): For recommendations on closing timing, run Report Timing Closure Recommendations in the Timing Analyzer.
Info (332146): Worst-case setup slack is -9.238
    Info (332119):     Slack       End Point TNS Clock 
    Info (332119): ========= =================== =====================
    Info (332119):    -9.238           -1441.708 clk 
Info (332146): Worst-case hold slack is 0.173
    Info (332119):     Slack       End Point TNS Clock 
    Info (332119): ========= =================== =====================
    Info (332119):     0.173               0.000 clk 
Info (332146): Worst-case recovery slack is -0.117
    Info (332119):     Slack       End Point TNS Clock 
    Info (332119): ========= =================== =====================
    Info (332119):    -0.117              -0.939 clk 
Info (332146): Worst-case removal slack is 0.372
    Info (332119):     Slack       End Point TNS Clock 
    Info (332119): ========= =================== =====================
    Info (332119):     0.372               0.000 clk 
Info (332146): Worst-case minimum pulse width slack is -3.000
    Info (332119):     Slack       End Point TNS Clock 
    Info (332119): ========= =================== =====================
    Info (332119):    -3.000            -647.421 clk 
Info (332114): Report Metastability: Found 2 synchronizer chains.
    Info (332114): Design MTBF is not calculated because the design doesn't meet its timing requirements.
Info (332102): Design is not fully constrained for setup requirements
Info (332102): Design is not fully constrained for hold requirements
Info: Quartus Prime Timing Analyzer was successful. 0 errors, 5 warnings
    Info: Peak virtual memory: 569 megabytes
    Info: Processing ended: Mon Jun  8 17:37:08 2026
    Info: Elapsed time: 00:00:02
    Info: Total CPU time (on all processors): 00:00:02


