Timing Analyzer report for fpga
Mon Jun  8 16:57:14 2026
Quartus Prime Version 25.1std.0 Build 1129 10/21/2025 SC Lite Edition


---------------------
; Table of Contents ;
---------------------
  1. Legal Notice
  2. Timing Analyzer Summary
  3. Parallel Compilation
  4. Clocks
  5. Slow 1200mV 85C Model Fmax Summary
  6. Timing Closure Recommendations
  7. Slow 1200mV 85C Model Setup Summary
  8. Slow 1200mV 85C Model Hold Summary
  9. Slow 1200mV 85C Model Recovery Summary
 10. Slow 1200mV 85C Model Removal Summary
 11. Slow 1200mV 85C Model Minimum Pulse Width Summary
 12. Slow 1200mV 85C Model Setup: 'clk'
 13. Slow 1200mV 85C Model Hold: 'clk'
 14. Slow 1200mV 85C Model Recovery: 'clk'
 15. Slow 1200mV 85C Model Removal: 'clk'
 16. Slow 1200mV 85C Model Metastability Summary
 17. Slow 1200mV 0C Model Fmax Summary
 18. Slow 1200mV 0C Model Setup Summary
 19. Slow 1200mV 0C Model Hold Summary
 20. Slow 1200mV 0C Model Recovery Summary
 21. Slow 1200mV 0C Model Removal Summary
 22. Slow 1200mV 0C Model Minimum Pulse Width Summary
 23. Slow 1200mV 0C Model Setup: 'clk'
 24. Slow 1200mV 0C Model Hold: 'clk'
 25. Slow 1200mV 0C Model Recovery: 'clk'
 26. Slow 1200mV 0C Model Removal: 'clk'
 27. Slow 1200mV 0C Model Metastability Summary
 28. Fast 1200mV 0C Model Setup Summary
 29. Fast 1200mV 0C Model Hold Summary
 30. Fast 1200mV 0C Model Recovery Summary
 31. Fast 1200mV 0C Model Removal Summary
 32. Fast 1200mV 0C Model Minimum Pulse Width Summary
 33. Fast 1200mV 0C Model Setup: 'clk'
 34. Fast 1200mV 0C Model Hold: 'clk'
 35. Fast 1200mV 0C Model Recovery: 'clk'
 36. Fast 1200mV 0C Model Removal: 'clk'
 37. Fast 1200mV 0C Model Metastability Summary
 38. Multicorner Timing Analysis Summary
 39. Board Trace Model Assignments
 40. Input Transition Times
 41. Signal Integrity Metrics (Slow 1200mv 0c Model)
 42. Signal Integrity Metrics (Slow 1200mv 85c Model)
 43. Signal Integrity Metrics (Fast 1200mv 0c Model)
 44. Setup Transfers
 45. Hold Transfers
 46. Recovery Transfers
 47. Removal Transfers
 48. Report TCCS
 49. Report RSKM
 50. Unconstrained Paths Summary
 51. Clock Status Summary
 52. Unconstrained Input Ports
 53. Unconstrained Output Ports
 54. Unconstrained Input Ports
 55. Unconstrained Output Ports
 56. Timing Analyzer Messages



----------------
; Legal Notice ;
----------------
Copyright (C) 2025  Altera Corporation. All rights reserved.
Your use of Altera Corporation's design tools, logic functions 
and other software and tools, and any partner logic 
functions, and any output files from any of the foregoing 
(including device programming or simulation files), and any 
associated documentation or information are expressly subject 
to the terms and conditions of the Altera Program License 
Subscription Agreement, the Altera Quartus Prime License Agreement,
the Altera IP License Agreement, or other applicable license
agreement, including, without limitation, that your use is for
the sole purpose of programming logic devices manufactured by
Altera and sold by Altera or its authorized distributors.  Please
refer to the Altera Software License Subscription Agreements 
on the Quartus Prime software download page.



+---------------------------------------------------------------------------------+
; Timing Analyzer Summary                                                         ;
+-----------------------+---------------------------------------------------------+
; Quartus Prime Version ; Version 25.1std.0 Build 1129 10/21/2025 SC Lite Edition ;
; Timing Analyzer       ; Legacy Timing Analyzer                                  ;
; Revision Name         ; fpga                                                    ;
; Device Family         ; Cyclone IV E                                            ;
; Device Name           ; EP4CE6E22C6                                             ;
; Timing Models         ; Final                                                   ;
; Delay Model           ; Combined                                                ;
; Rise/Fall Delays      ; Enabled                                                 ;
+-----------------------+---------------------------------------------------------+


+------------------------------------------+
; Parallel Compilation                     ;
+----------------------------+-------------+
; Processors                 ; Number      ;
+----------------------------+-------------+
; Number detected on machine ; 8           ;
; Maximum allowed            ; 4           ;
;                            ;             ;
; Average used               ; 1.26        ;
; Maximum used               ; 4           ;
;                            ;             ;
; Usage by Processor         ; % Time Used ;
;     Processor 1            ; 100.0%      ;
;     Processor 2            ;  19.1%      ;
;     Processor 3            ;   4.0%      ;
;     Processor 4            ;   2.4%      ;
+----------------------------+-------------+


+---------------------------------------------------------------------------------------------------------------------------------------------------------------------------------+
; Clocks                                                                                                                                                                          ;
+------------+------+--------+------------+-------+-------+------------+-----------+-------------+-------+--------+-----------+------------+----------+--------+--------+---------+
; Clock Name ; Type ; Period ; Frequency  ; Rise  ; Fall  ; Duty Cycle ; Divide by ; Multiply by ; Phase ; Offset ; Edge List ; Edge Shift ; Inverted ; Master ; Source ; Targets ;
+------------+------+--------+------------+-------+-------+------------+-----------+-------------+-------+--------+-----------+------------+----------+--------+--------+---------+
; clk        ; Base ; 1.000  ; 1000.0 MHz ; 0.000 ; 0.500 ;            ;           ;             ;       ;        ;           ;            ;          ;        ;        ; { clk } ;
+------------+------+--------+------------+-------+-------+------------+-----------+-------------+-------+--------+-----------+------------+----------+--------+--------+---------+


+-------------------------------------------------+
; Slow 1200mV 85C Model Fmax Summary              ;
+-----------+-----------------+------------+------+
; Fmax      ; Restricted Fmax ; Clock Name ; Note ;
+-----------+-----------------+------------+------+
; 54.58 MHz ; 54.58 MHz       ; clk        ;      ;
+-----------+-----------------+------------+------+
This panel reports FMAX for every clock in the design, regardless of the user-specified clock periods.  FMAX is only computed for paths where the source and destination registers or ports are driven by the same clock.  Paths of different clocks, including generated clocks, are ignored.  For paths between a clock and its inversion, FMAX is computed as if the rising and falling edges are scaled along with FMAX, such that the duty cycle (in terms of a percentage) is maintained. Altera recommends that you always use clock constraints and other slack reports for sign-off analysis.


----------------------------------
; Timing Closure Recommendations ;
----------------------------------
HTML report is unavailable in plain text report export.


+-------------------------------------+
; Slow 1200mV 85C Model Setup Summary ;
+-------+---------+-------------------+
; Clock ; Slack   ; End Point TNS     ;
+-------+---------+-------------------+
; clk   ; -17.322 ; -2960.536         ;
+-------+---------+-------------------+


+------------------------------------+
; Slow 1200mV 85C Model Hold Summary ;
+-------+-------+--------------------+
; Clock ; Slack ; End Point TNS      ;
+-------+-------+--------------------+
; clk   ; 0.342 ; 0.000              ;
+-------+-------+--------------------+


+----------------------------------------+
; Slow 1200mV 85C Model Recovery Summary ;
+-------+--------+-----------------------+
; Clock ; Slack  ; End Point TNS         ;
+-------+--------+-----------------------+
; clk   ; -1.033 ; -37.339               ;
+-------+--------+-----------------------+


+---------------------------------------+
; Slow 1200mV 85C Model Removal Summary ;
+-------+-------+-----------------------+
; Clock ; Slack ; End Point TNS         ;
+-------+-------+-----------------------+
; clk   ; 0.572 ; 0.000                 ;
+-------+-------+-----------------------+


+---------------------------------------------------+
; Slow 1200mV 85C Model Minimum Pulse Width Summary ;
+-------+--------+----------------------------------+
; Clock ; Slack  ; End Point TNS                    ;
+-------+--------+----------------------------------+
; clk   ; -3.000 ; -525.744                         ;
+-------+--------+----------------------------------+


+----------------------------------------------------------------------------------------------------------------------------------------------------------------+
; Slow 1200mV 85C Model Setup: 'clk'                                                                                                                             ;
+---------+-----------------------------------------+--------------------------------------+--------------+-------------+--------------+------------+------------+
; Slack   ; From Node                               ; To Node                              ; Launch Clock ; Latch Clock ; Relationship ; Clock Skew ; Data Delay ;
+---------+-----------------------------------------+--------------------------------------+--------------+-------------+--------------+------------+------------+
; -17.322 ; cpu:cpu0|control_unit:cu0|opcode[0]     ; lcd_controller:lcd_ctl0|linha2[2][0] ; clk          ; clk         ; 1.000        ; 0.285      ; 18.602     ;
; -17.315 ; cpu:cpu0|control_unit:cu0|opcode[0]     ; lcd_controller:lcd_ctl0|linha2[3][1] ; clk          ; clk         ; 1.000        ; 0.285      ; 18.595     ;
; -17.309 ; cpu:cpu0|control_unit:cu0|opcode[0]     ; lcd_controller:lcd_ctl0|linha2[3][2] ; clk          ; clk         ; 1.000        ; 0.285      ; 18.589     ;
; -17.298 ; cpu:cpu0|control_unit:cu0|opcode[0]     ; lcd_controller:lcd_ctl0|linha2[3][3] ; clk          ; clk         ; 1.000        ; 0.285      ; 18.578     ;
; -17.214 ; cpu:cpu0|control_unit:cu0|opcode[0]     ; lcd_controller:lcd_ctl0|linha2[2][2] ; clk          ; clk         ; 1.000        ; 0.285      ; 18.494     ;
; -17.208 ; cpu:cpu0|control_unit:cu0|opcode[2]     ; lcd_controller:lcd_ctl0|linha2[2][0] ; clk          ; clk         ; 1.000        ; 0.285      ; 18.488     ;
; -17.201 ; cpu:cpu0|control_unit:cu0|opcode[2]     ; lcd_controller:lcd_ctl0|linha2[3][1] ; clk          ; clk         ; 1.000        ; 0.285      ; 18.481     ;
; -17.195 ; cpu:cpu0|control_unit:cu0|opcode[2]     ; lcd_controller:lcd_ctl0|linha2[3][2] ; clk          ; clk         ; 1.000        ; 0.285      ; 18.475     ;
; -17.185 ; cpu:cpu0|control_unit:cu0|opcode[0]     ; lcd_controller:lcd_ctl0|linha2[1][2] ; clk          ; clk         ; 1.000        ; 0.281      ; 18.461     ;
; -17.184 ; cpu:cpu0|control_unit:cu0|opcode[2]     ; lcd_controller:lcd_ctl0|linha2[3][3] ; clk          ; clk         ; 1.000        ; 0.285      ; 18.464     ;
; -17.183 ; cpu:cpu0|control_unit:cu0|opcode[0]     ; lcd_controller:lcd_ctl0|linha2[1][1] ; clk          ; clk         ; 1.000        ; 0.281      ; 18.459     ;
; -17.178 ; cpu:cpu0|control_unit:cu0|opcode[0]     ; lcd_controller:lcd_ctl0|linha2[1][3] ; clk          ; clk         ; 1.000        ; 0.281      ; 18.454     ;
; -17.168 ; cpu:cpu0|control_unit:cu0|opcode[0]     ; lcd_controller:lcd_ctl0|linha2[2][3] ; clk          ; clk         ; 1.000        ; 0.285      ; 18.448     ;
; -17.165 ; cpu:cpu0|control_unit:cu0|opcode[0]     ; lcd_controller:lcd_ctl0|linha2[1][0] ; clk          ; clk         ; 1.000        ; 0.285      ; 18.445     ;
; -17.163 ; cpu:cpu0|control_unit:cu0|opcode[0]     ; lcd_controller:lcd_ctl0|linha2[2][1] ; clk          ; clk         ; 1.000        ; 0.285      ; 18.443     ;
; -17.150 ; cpu:cpu0|control_unit:cu0|state.EXECUTE ; lcd_controller:lcd_ctl0|linha2[2][0] ; clk          ; clk         ; 1.000        ; 0.288      ; 18.433     ;
; -17.143 ; cpu:cpu0|control_unit:cu0|state.EXECUTE ; lcd_controller:lcd_ctl0|linha2[3][1] ; clk          ; clk         ; 1.000        ; 0.288      ; 18.426     ;
; -17.137 ; cpu:cpu0|control_unit:cu0|state.EXECUTE ; lcd_controller:lcd_ctl0|linha2[3][2] ; clk          ; clk         ; 1.000        ; 0.288      ; 18.420     ;
; -17.126 ; cpu:cpu0|control_unit:cu0|state.EXECUTE ; lcd_controller:lcd_ctl0|linha2[3][3] ; clk          ; clk         ; 1.000        ; 0.288      ; 18.409     ;
; -17.122 ; cpu:cpu0|control_unit:cu0|opcode[1]     ; lcd_controller:lcd_ctl0|linha2[2][0] ; clk          ; clk         ; 1.000        ; 0.285      ; 18.402     ;
; -17.115 ; cpu:cpu0|control_unit:cu0|opcode[1]     ; lcd_controller:lcd_ctl0|linha2[3][1] ; clk          ; clk         ; 1.000        ; 0.285      ; 18.395     ;
; -17.109 ; cpu:cpu0|control_unit:cu0|opcode[1]     ; lcd_controller:lcd_ctl0|linha2[3][2] ; clk          ; clk         ; 1.000        ; 0.285      ; 18.389     ;
; -17.100 ; cpu:cpu0|control_unit:cu0|opcode[2]     ; lcd_controller:lcd_ctl0|linha2[2][2] ; clk          ; clk         ; 1.000        ; 0.285      ; 18.380     ;
; -17.098 ; cpu:cpu0|control_unit:cu0|opcode[1]     ; lcd_controller:lcd_ctl0|linha2[3][3] ; clk          ; clk         ; 1.000        ; 0.285      ; 18.378     ;
; -17.071 ; cpu:cpu0|control_unit:cu0|opcode[2]     ; lcd_controller:lcd_ctl0|linha2[1][2] ; clk          ; clk         ; 1.000        ; 0.281      ; 18.347     ;
; -17.069 ; cpu:cpu0|control_unit:cu0|opcode[2]     ; lcd_controller:lcd_ctl0|linha2[1][1] ; clk          ; clk         ; 1.000        ; 0.281      ; 18.345     ;
; -17.064 ; cpu:cpu0|control_unit:cu0|opcode[2]     ; lcd_controller:lcd_ctl0|linha2[1][3] ; clk          ; clk         ; 1.000        ; 0.281      ; 18.340     ;
; -17.054 ; cpu:cpu0|control_unit:cu0|opcode[2]     ; lcd_controller:lcd_ctl0|linha2[2][3] ; clk          ; clk         ; 1.000        ; 0.285      ; 18.334     ;
; -17.051 ; cpu:cpu0|control_unit:cu0|opcode[2]     ; lcd_controller:lcd_ctl0|linha2[1][0] ; clk          ; clk         ; 1.000        ; 0.285      ; 18.331     ;
; -17.049 ; cpu:cpu0|control_unit:cu0|opcode[2]     ; lcd_controller:lcd_ctl0|linha2[2][1] ; clk          ; clk         ; 1.000        ; 0.285      ; 18.329     ;
; -17.042 ; cpu:cpu0|control_unit:cu0|state.EXECUTE ; lcd_controller:lcd_ctl0|linha2[2][2] ; clk          ; clk         ; 1.000        ; 0.288      ; 18.325     ;
; -17.031 ; cpu:cpu0|control_unit:cu0|opcode[0]     ; lcd_controller:lcd_ctl0|linha2[3][0] ; clk          ; clk         ; 1.000        ; 0.286      ; 18.312     ;
; -17.025 ; cpu:cpu0|control_unit:cu0|opcode[0]     ; lcd_controller:lcd_ctl0|linha2[4][2] ; clk          ; clk         ; 1.000        ; 0.286      ; 18.306     ;
; -17.023 ; cpu:cpu0|control_unit:cu0|opcode[0]     ; lcd_controller:lcd_ctl0|linha2[4][3] ; clk          ; clk         ; 1.000        ; 0.286      ; 18.304     ;
; -17.014 ; cpu:cpu0|control_unit:cu0|opcode[1]     ; lcd_controller:lcd_ctl0|linha2[2][2] ; clk          ; clk         ; 1.000        ; 0.285      ; 18.294     ;
; -17.013 ; cpu:cpu0|control_unit:cu0|state.EXECUTE ; lcd_controller:lcd_ctl0|linha2[1][2] ; clk          ; clk         ; 1.000        ; 0.284      ; 18.292     ;
; -17.012 ; cpu:cpu0|control_unit:cu0|opcode[0]     ; lcd_controller:lcd_ctl0|linha2[4][1] ; clk          ; clk         ; 1.000        ; 0.286      ; 18.293     ;
; -17.011 ; cpu:cpu0|control_unit:cu0|state.EXECUTE ; lcd_controller:lcd_ctl0|linha2[1][1] ; clk          ; clk         ; 1.000        ; 0.284      ; 18.290     ;
; -17.006 ; cpu:cpu0|control_unit:cu0|state.EXECUTE ; lcd_controller:lcd_ctl0|linha2[1][3] ; clk          ; clk         ; 1.000        ; 0.284      ; 18.285     ;
; -16.996 ; cpu:cpu0|control_unit:cu0|state.EXECUTE ; lcd_controller:lcd_ctl0|linha2[2][3] ; clk          ; clk         ; 1.000        ; 0.288      ; 18.279     ;
; -16.993 ; cpu:cpu0|control_unit:cu0|state.EXECUTE ; lcd_controller:lcd_ctl0|linha2[1][0] ; clk          ; clk         ; 1.000        ; 0.288      ; 18.276     ;
; -16.991 ; cpu:cpu0|control_unit:cu0|state.EXECUTE ; lcd_controller:lcd_ctl0|linha2[2][1] ; clk          ; clk         ; 1.000        ; 0.288      ; 18.274     ;
; -16.985 ; cpu:cpu0|control_unit:cu0|opcode[1]     ; lcd_controller:lcd_ctl0|linha2[1][2] ; clk          ; clk         ; 1.000        ; 0.281      ; 18.261     ;
; -16.983 ; cpu:cpu0|control_unit:cu0|opcode[1]     ; lcd_controller:lcd_ctl0|linha2[1][1] ; clk          ; clk         ; 1.000        ; 0.281      ; 18.259     ;
; -16.978 ; cpu:cpu0|control_unit:cu0|opcode[1]     ; lcd_controller:lcd_ctl0|linha2[1][3] ; clk          ; clk         ; 1.000        ; 0.281      ; 18.254     ;
; -16.968 ; cpu:cpu0|control_unit:cu0|opcode[1]     ; lcd_controller:lcd_ctl0|linha2[2][3] ; clk          ; clk         ; 1.000        ; 0.285      ; 18.248     ;
; -16.965 ; cpu:cpu0|control_unit:cu0|opcode[1]     ; lcd_controller:lcd_ctl0|linha2[1][0] ; clk          ; clk         ; 1.000        ; 0.285      ; 18.245     ;
; -16.963 ; cpu:cpu0|control_unit:cu0|opcode[1]     ; lcd_controller:lcd_ctl0|linha2[2][1] ; clk          ; clk         ; 1.000        ; 0.285      ; 18.243     ;
; -16.917 ; cpu:cpu0|control_unit:cu0|opcode[2]     ; lcd_controller:lcd_ctl0|linha2[3][0] ; clk          ; clk         ; 1.000        ; 0.286      ; 18.198     ;
; -16.911 ; cpu:cpu0|control_unit:cu0|opcode[2]     ; lcd_controller:lcd_ctl0|linha2[4][2] ; clk          ; clk         ; 1.000        ; 0.286      ; 18.192     ;
; -16.909 ; cpu:cpu0|control_unit:cu0|opcode[2]     ; lcd_controller:lcd_ctl0|linha2[4][3] ; clk          ; clk         ; 1.000        ; 0.286      ; 18.190     ;
; -16.898 ; cpu:cpu0|control_unit:cu0|opcode[2]     ; lcd_controller:lcd_ctl0|linha2[4][1] ; clk          ; clk         ; 1.000        ; 0.286      ; 18.179     ;
; -16.859 ; cpu:cpu0|control_unit:cu0|state.EXECUTE ; lcd_controller:lcd_ctl0|linha2[3][0] ; clk          ; clk         ; 1.000        ; 0.289      ; 18.143     ;
; -16.853 ; cpu:cpu0|control_unit:cu0|state.EXECUTE ; lcd_controller:lcd_ctl0|linha2[4][2] ; clk          ; clk         ; 1.000        ; 0.289      ; 18.137     ;
; -16.851 ; cpu:cpu0|control_unit:cu0|state.EXECUTE ; lcd_controller:lcd_ctl0|linha2[4][3] ; clk          ; clk         ; 1.000        ; 0.289      ; 18.135     ;
; -16.840 ; cpu:cpu0|control_unit:cu0|state.EXECUTE ; lcd_controller:lcd_ctl0|linha2[4][1] ; clk          ; clk         ; 1.000        ; 0.289      ; 18.124     ;
; -16.831 ; cpu:cpu0|control_unit:cu0|opcode[1]     ; lcd_controller:lcd_ctl0|linha2[3][0] ; clk          ; clk         ; 1.000        ; 0.286      ; 18.112     ;
; -16.825 ; cpu:cpu0|control_unit:cu0|opcode[1]     ; lcd_controller:lcd_ctl0|linha2[4][2] ; clk          ; clk         ; 1.000        ; 0.286      ; 18.106     ;
; -16.823 ; cpu:cpu0|control_unit:cu0|opcode[1]     ; lcd_controller:lcd_ctl0|linha2[4][3] ; clk          ; clk         ; 1.000        ; 0.286      ; 18.104     ;
; -16.812 ; cpu:cpu0|control_unit:cu0|opcode[1]     ; lcd_controller:lcd_ctl0|linha2[4][1] ; clk          ; clk         ; 1.000        ; 0.286      ; 18.093     ;
; -16.782 ; cpu:cpu0|control_unit:cu0|opcode[0]     ; lcd_controller:lcd_ctl0|linha2[4][0] ; clk          ; clk         ; 1.000        ; 0.287      ; 18.064     ;
; -16.773 ; cpu:cpu0|control_unit:cu0|opcode[0]     ; lcd_controller:lcd_ctl0|linha2[5][1] ; clk          ; clk         ; 1.000        ; 0.287      ; 18.055     ;
; -16.756 ; cpu:cpu0|control_unit:cu0|opcode[0]     ; lcd_controller:lcd_ctl0|linha2[5][2] ; clk          ; clk         ; 1.000        ; 0.287      ; 18.038     ;
; -16.742 ; cpu:cpu0|control_unit:cu0|opcode[0]     ; lcd_controller:lcd_ctl0|linha2[5][3] ; clk          ; clk         ; 1.000        ; 0.287      ; 18.024     ;
; -16.668 ; cpu:cpu0|control_unit:cu0|opcode[2]     ; lcd_controller:lcd_ctl0|linha2[4][0] ; clk          ; clk         ; 1.000        ; 0.287      ; 17.950     ;
; -16.659 ; cpu:cpu0|control_unit:cu0|opcode[2]     ; lcd_controller:lcd_ctl0|linha2[5][1] ; clk          ; clk         ; 1.000        ; 0.287      ; 17.941     ;
; -16.642 ; cpu:cpu0|control_unit:cu0|opcode[2]     ; lcd_controller:lcd_ctl0|linha2[5][2] ; clk          ; clk         ; 1.000        ; 0.287      ; 17.924     ;
; -16.628 ; cpu:cpu0|control_unit:cu0|opcode[2]     ; lcd_controller:lcd_ctl0|linha2[5][3] ; clk          ; clk         ; 1.000        ; 0.287      ; 17.910     ;
; -16.615 ; cpu:cpu0|control_unit:cu0|imm[10]       ; lcd_controller:lcd_ctl0|linha2[2][0] ; clk          ; clk         ; 1.000        ; 0.285      ; 17.895     ;
; -16.610 ; cpu:cpu0|control_unit:cu0|state.EXECUTE ; lcd_controller:lcd_ctl0|linha2[4][0] ; clk          ; clk         ; 1.000        ; 0.290      ; 17.895     ;
; -16.608 ; cpu:cpu0|control_unit:cu0|imm[10]       ; lcd_controller:lcd_ctl0|linha2[3][1] ; clk          ; clk         ; 1.000        ; 0.285      ; 17.888     ;
; -16.602 ; cpu:cpu0|control_unit:cu0|imm[10]       ; lcd_controller:lcd_ctl0|linha2[3][2] ; clk          ; clk         ; 1.000        ; 0.285      ; 17.882     ;
; -16.601 ; cpu:cpu0|control_unit:cu0|state.EXECUTE ; lcd_controller:lcd_ctl0|linha2[5][1] ; clk          ; clk         ; 1.000        ; 0.290      ; 17.886     ;
; -16.591 ; cpu:cpu0|control_unit:cu0|imm[10]       ; lcd_controller:lcd_ctl0|linha2[3][3] ; clk          ; clk         ; 1.000        ; 0.285      ; 17.871     ;
; -16.584 ; cpu:cpu0|control_unit:cu0|state.EXECUTE ; lcd_controller:lcd_ctl0|linha2[5][2] ; clk          ; clk         ; 1.000        ; 0.290      ; 17.869     ;
; -16.582 ; cpu:cpu0|control_unit:cu0|opcode[1]     ; lcd_controller:lcd_ctl0|linha2[4][0] ; clk          ; clk         ; 1.000        ; 0.287      ; 17.864     ;
; -16.573 ; cpu:cpu0|control_unit:cu0|opcode[1]     ; lcd_controller:lcd_ctl0|linha2[5][1] ; clk          ; clk         ; 1.000        ; 0.287      ; 17.855     ;
; -16.570 ; cpu:cpu0|control_unit:cu0|state.EXECUTE ; lcd_controller:lcd_ctl0|linha2[5][3] ; clk          ; clk         ; 1.000        ; 0.290      ; 17.855     ;
; -16.556 ; cpu:cpu0|control_unit:cu0|opcode[1]     ; lcd_controller:lcd_ctl0|linha2[5][2] ; clk          ; clk         ; 1.000        ; 0.287      ; 17.838     ;
; -16.542 ; cpu:cpu0|control_unit:cu0|opcode[1]     ; lcd_controller:lcd_ctl0|linha2[5][3] ; clk          ; clk         ; 1.000        ; 0.287      ; 17.824     ;
; -16.528 ; cpu:cpu0|control_unit:cu0|imm[2]        ; lcd_controller:lcd_ctl0|linha2[2][0] ; clk          ; clk         ; 1.000        ; 0.291      ; 17.814     ;
; -16.522 ; cpu:cpu0|control_unit:cu0|imm[1]        ; lcd_controller:lcd_ctl0|linha2[2][0] ; clk          ; clk         ; 1.000        ; 0.291      ; 17.808     ;
; -16.521 ; cpu:cpu0|control_unit:cu0|imm[2]        ; lcd_controller:lcd_ctl0|linha2[3][1] ; clk          ; clk         ; 1.000        ; 0.291      ; 17.807     ;
; -16.515 ; cpu:cpu0|control_unit:cu0|imm[1]        ; lcd_controller:lcd_ctl0|linha2[3][1] ; clk          ; clk         ; 1.000        ; 0.291      ; 17.801     ;
; -16.515 ; cpu:cpu0|control_unit:cu0|imm[2]        ; lcd_controller:lcd_ctl0|linha2[3][2] ; clk          ; clk         ; 1.000        ; 0.291      ; 17.801     ;
; -16.509 ; cpu:cpu0|control_unit:cu0|imm[1]        ; lcd_controller:lcd_ctl0|linha2[3][2] ; clk          ; clk         ; 1.000        ; 0.291      ; 17.795     ;
; -16.507 ; cpu:cpu0|control_unit:cu0|imm[10]       ; lcd_controller:lcd_ctl0|linha2[2][2] ; clk          ; clk         ; 1.000        ; 0.285      ; 17.787     ;
; -16.504 ; cpu:cpu0|control_unit:cu0|imm[2]        ; lcd_controller:lcd_ctl0|linha2[3][3] ; clk          ; clk         ; 1.000        ; 0.291      ; 17.790     ;
; -16.501 ; cpu:cpu0|control_unit:cu0|imm[4]        ; lcd_controller:lcd_ctl0|linha2[2][0] ; clk          ; clk         ; 1.000        ; 0.288      ; 17.784     ;
; -16.498 ; cpu:cpu0|control_unit:cu0|imm[1]        ; lcd_controller:lcd_ctl0|linha2[3][3] ; clk          ; clk         ; 1.000        ; 0.291      ; 17.784     ;
; -16.494 ; cpu:cpu0|control_unit:cu0|imm[4]        ; lcd_controller:lcd_ctl0|linha2[3][1] ; clk          ; clk         ; 1.000        ; 0.288      ; 17.777     ;
; -16.488 ; cpu:cpu0|control_unit:cu0|imm[4]        ; lcd_controller:lcd_ctl0|linha2[3][2] ; clk          ; clk         ; 1.000        ; 0.288      ; 17.771     ;
; -16.478 ; cpu:cpu0|control_unit:cu0|imm[10]       ; lcd_controller:lcd_ctl0|linha2[1][2] ; clk          ; clk         ; 1.000        ; 0.281      ; 17.754     ;
; -16.477 ; cpu:cpu0|control_unit:cu0|imm[4]        ; lcd_controller:lcd_ctl0|linha2[3][3] ; clk          ; clk         ; 1.000        ; 0.288      ; 17.760     ;
; -16.476 ; cpu:cpu0|control_unit:cu0|imm[10]       ; lcd_controller:lcd_ctl0|linha2[1][1] ; clk          ; clk         ; 1.000        ; 0.281      ; 17.752     ;
; -16.471 ; cpu:cpu0|control_unit:cu0|imm[10]       ; lcd_controller:lcd_ctl0|linha2[1][3] ; clk          ; clk         ; 1.000        ; 0.281      ; 17.747     ;
; -16.461 ; cpu:cpu0|control_unit:cu0|imm[10]       ; lcd_controller:lcd_ctl0|linha2[2][3] ; clk          ; clk         ; 1.000        ; 0.285      ; 17.741     ;
; -16.458 ; cpu:cpu0|control_unit:cu0|imm[10]       ; lcd_controller:lcd_ctl0|linha2[1][0] ; clk          ; clk         ; 1.000        ; 0.285      ; 17.738     ;
; -16.456 ; cpu:cpu0|control_unit:cu0|imm[10]       ; lcd_controller:lcd_ctl0|linha2[2][1] ; clk          ; clk         ; 1.000        ; 0.285      ; 17.736     ;
; -16.420 ; cpu:cpu0|control_unit:cu0|imm[2]        ; lcd_controller:lcd_ctl0|linha2[2][2] ; clk          ; clk         ; 1.000        ; 0.291      ; 17.706     ;
+---------+-----------------------------------------+--------------------------------------+--------------+-------------+--------------+------------+------------+


+-----------------------------------------------------------------------------------------------------------------------------------------------------------------------------------------+
; Slow 1200mV 85C Model Hold: 'clk'                                                                                                                                                       ;
+-------+-----------------------------------------------------+-----------------------------------------------------+--------------+-------------+--------------+------------+------------+
; Slack ; From Node                                           ; To Node                                             ; Launch Clock ; Latch Clock ; Relationship ; Clock Skew ; Data Delay ;
+-------+-----------------------------------------------------+-----------------------------------------------------+--------------+-------------+--------------+------------+------------+
; 0.342 ; lcd_controller:lcd_ctl0|estado_atual.EST_INIT_1     ; lcd_controller:lcd_ctl0|estado_atual.EST_INIT_1     ; clk          ; clk         ; 0.000        ; 0.078      ; 0.577      ;
; 0.343 ; lcd_controller:lcd_ctl0|estado_atual.EST_INIT_4     ; lcd_controller:lcd_ctl0|estado_atual.EST_INIT_4     ; clk          ; clk         ; 0.000        ; 0.077      ; 0.577      ;
; 0.343 ; lcd_controller:lcd_ctl0|estado_atual.EST_LINHA1_POS ; lcd_controller:lcd_ctl0|estado_atual.EST_LINHA1_POS ; clk          ; clk         ; 0.000        ; 0.077      ; 0.577      ;
; 0.343 ; lcd_controller:lcd_ctl0|estado_atual.EST_ESCREVE_L1 ; lcd_controller:lcd_ctl0|estado_atual.EST_ESCREVE_L1 ; clk          ; clk         ; 0.000        ; 0.077      ; 0.577      ;
; 0.343 ; lcd_controller:lcd_ctl0|reg_indice[2]               ; lcd_controller:lcd_ctl0|reg_indice[2]               ; clk          ; clk         ; 0.000        ; 0.077      ; 0.577      ;
; 0.343 ; lcd_controller:lcd_ctl0|estado_atual.EST_ESPERA_CPU ; lcd_controller:lcd_ctl0|estado_atual.EST_ESPERA_CPU ; clk          ; clk         ; 0.000        ; 0.077      ; 0.577      ;
; 0.346 ; lcd_controller:lcd_ctl0|reg_indice[0]               ; lcd_controller:lcd_ctl0|reg_indice[0]               ; clk          ; clk         ; 0.000        ; 0.077      ; 0.580      ;
; 0.356 ; button_handler:btn0|btn_stable                      ; button_handler:btn0|btn_stable                      ; clk          ; clk         ; 0.000        ; 0.064      ; 0.577      ;
; 0.357 ; cpu:cpu0|control_unit:cu0|state.IDLE                ; cpu:cpu0|control_unit:cu0|state.IDLE                ; clk          ; clk         ; 0.000        ; 0.063      ; 0.577      ;
; 0.357 ; lcd_controller:lcd_ctl0|estado_atual.EST_INIT_2     ; lcd_controller:lcd_ctl0|estado_atual.EST_INIT_2     ; clk          ; clk         ; 0.000        ; 0.063      ; 0.577      ;
; 0.357 ; lcd_controller:lcd_ctl0|estado_atual.EST_LINHA2_POS ; lcd_controller:lcd_ctl0|estado_atual.EST_LINHA2_POS ; clk          ; clk         ; 0.000        ; 0.063      ; 0.577      ;
; 0.357 ; lcd_controller:lcd_ctl0|estado_atual.EST_ESCREVE_L2 ; lcd_controller:lcd_ctl0|estado_atual.EST_ESCREVE_L2 ; clk          ; clk         ; 0.000        ; 0.063      ; 0.577      ;
; 0.357 ; cpu:cpu0|control_unit:cu0|state.OFF                 ; cpu:cpu0|control_unit:cu0|state.OFF                 ; clk          ; clk         ; 0.000        ; 0.063      ; 0.577      ;
; 0.357 ; button_handler:btn1|btn_stable                      ; button_handler:btn1|btn_stable                      ; clk          ; clk         ; 0.000        ; 0.063      ; 0.577      ;
; 0.358 ; lcd_controller:lcd_ctl0|reg_indice[1]               ; lcd_controller:lcd_ctl0|reg_indice[1]               ; clk          ; clk         ; 0.000        ; 0.062      ; 0.577      ;
; 0.358 ; lcd_controller:lcd_ctl0|reg_indice[3]               ; lcd_controller:lcd_ctl0|reg_indice[3]               ; clk          ; clk         ; 0.000        ; 0.062      ; 0.577      ;
; 0.385 ; button_handler:btn0|btn_stable                      ; button_handler:btn0|btn_stable_prev                 ; clk          ; clk         ; 0.000        ; 0.064      ; 0.606      ;
; 0.386 ; button_handler:btn0|btn_stable                      ; button_handler:btn0|pulse_out                       ; clk          ; clk         ; 0.000        ; 0.064      ; 0.607      ;
; 0.396 ; lcd_controller:lcd_ctl0|cnt_espera[16]              ; lcd_controller:lcd_ctl0|cnt_espera[16]              ; clk          ; clk         ; 0.000        ; 0.063      ; 0.616      ;
; 0.474 ; button_handler:btn0|btn_stable_prev                 ; button_handler:btn0|pulse_out                       ; clk          ; clk         ; 0.000        ; 0.064      ; 0.695      ;
; 0.479 ; cpu:cpu0|control_unit:cu0|state.IDLE                ; cpu:cpu0|control_unit:cu0|state.FETCH               ; clk          ; clk         ; 0.000        ; 0.063      ; 0.699      ;
; 0.493 ; button_handler:btn1|btn_stable                      ; button_handler:btn1|pulse_out                       ; clk          ; clk         ; 0.000        ; 0.063      ; 0.713      ;
; 0.504 ; lcd_controller:lcd_ctl0|estado_atual.EST_INIT_3     ; lcd_controller:lcd_ctl0|estado_atual.EST_INIT_4     ; clk          ; clk         ; 0.000        ; 0.077      ; 0.738      ;
; 0.515 ; button_handler:btn0|sync_0                          ; button_handler:btn0|sync_1                          ; clk          ; clk         ; 0.000        ; 0.064      ; 0.736      ;
; 0.516 ; button_handler:btn1|sync_0                          ; button_handler:btn1|sync_1                          ; clk          ; clk         ; 0.000        ; 0.063      ; 0.736      ;
; 0.521 ; lcd_controller:lcd_ctl0|reg_indice[1]               ; lcd_controller:lcd_ctl0|reg_indice[2]               ; clk          ; clk         ; 0.000        ; 0.426      ; 1.104      ;
; 0.530 ; button_handler:btn1|btn_stable                      ; button_handler:btn1|btn_stable_prev                 ; clk          ; clk         ; 0.000        ; 0.063      ; 0.750      ;
; 0.541 ; lcd_controller:lcd_ctl0|cnt_espera[16]              ; lcd_controller:lcd_ctl0|estado_atual.EST_LINHA1_POS ; clk          ; clk         ; 0.000        ; 0.427      ; 1.125      ;
; 0.542 ; cpu:cpu0|control_unit:cu0|imm[1]                    ; cpu:cpu0|control_unit:cu0|imm[1]                    ; clk          ; clk         ; 0.000        ; 0.063      ; 0.762      ;
; 0.542 ; cpu:cpu0|control_unit:cu0|instruction[2]            ; cpu:cpu0|control_unit:cu0|instruction[2]            ; clk          ; clk         ; 0.000        ; 0.063      ; 0.762      ;
; 0.542 ; cpu:cpu0|control_unit:cu0|instruction[16]           ; cpu:cpu0|control_unit:cu0|instruction[16]           ; clk          ; clk         ; 0.000        ; 0.063      ; 0.762      ;
; 0.543 ; cpu:cpu0|control_unit:cu0|instruction[9]            ; cpu:cpu0|control_unit:cu0|instruction[9]            ; clk          ; clk         ; 0.000        ; 0.063      ; 0.763      ;
; 0.549 ; cpu:cpu0|control_unit:cu0|src1[3]                   ; cpu:cpu0|control_unit:cu0|src1[3]                   ; clk          ; clk         ; 0.000        ; 0.063      ; 0.769      ;
; 0.549 ; cpu:cpu0|control_unit:cu0|dst[3]                    ; cpu:cpu0|control_unit:cu0|dst[3]                    ; clk          ; clk         ; 0.000        ; 0.063      ; 0.769      ;
; 0.549 ; cpu:cpu0|control_unit:cu0|instruction[10]           ; cpu:cpu0|control_unit:cu0|instruction[10]           ; clk          ; clk         ; 0.000        ; 0.063      ; 0.769      ;
; 0.549 ; cpu:cpu0|control_unit:cu0|instruction[7]            ; cpu:cpu0|control_unit:cu0|instruction[7]            ; clk          ; clk         ; 0.000        ; 0.063      ; 0.769      ;
; 0.549 ; lcd_controller:lcd_ctl0|cnt_espera[5]               ; lcd_controller:lcd_ctl0|cnt_espera[5]               ; clk          ; clk         ; 0.000        ; 0.077      ; 0.783      ;
; 0.550 ; cpu:cpu0|control_unit:cu0|dst[1]                    ; cpu:cpu0|control_unit:cu0|dst[1]                    ; clk          ; clk         ; 0.000        ; 0.063      ; 0.770      ;
; 0.550 ; cpu:cpu0|control_unit:cu0|instruction[8]            ; cpu:cpu0|control_unit:cu0|instruction[8]            ; clk          ; clk         ; 0.000        ; 0.063      ; 0.770      ;
; 0.550 ; lcd_controller:lcd_ctl0|cnt_espera[7]               ; lcd_controller:lcd_ctl0|cnt_espera[7]               ; clk          ; clk         ; 0.000        ; 0.077      ; 0.784      ;
; 0.550 ; button_handler:btn1|sync_1                          ; button_handler:btn1|btn_stable                      ; clk          ; clk         ; 0.000        ; 0.063      ; 0.770      ;
; 0.551 ; cpu:cpu0|control_unit:cu0|dst[0]                    ; cpu:cpu0|control_unit:cu0|dst[0]                    ; clk          ; clk         ; 0.000        ; 0.063      ; 0.771      ;
; 0.551 ; lcd_controller:lcd_ctl0|cnt_espera[1]               ; lcd_controller:lcd_ctl0|cnt_espera[1]               ; clk          ; clk         ; 0.000        ; 0.077      ; 0.785      ;
; 0.551 ; button_handler:btn0|sync_1                          ; button_handler:btn0|btn_stable                      ; clk          ; clk         ; 0.000        ; 0.064      ; 0.772      ;
; 0.552 ; lcd_controller:lcd_ctl0|cnt_espera[6]               ; lcd_controller:lcd_ctl0|cnt_espera[6]               ; clk          ; clk         ; 0.000        ; 0.077      ; 0.786      ;
; 0.553 ; lcd_controller:lcd_ctl0|cnt_espera[16]              ; lcd_controller:lcd_ctl0|estado_atual.EST_ESCREVE_L1 ; clk          ; clk         ; 0.000        ; 0.427      ; 1.137      ;
; 0.555 ; lcd_controller:lcd_ctl0|cnt_espera[11]              ; lcd_controller:lcd_ctl0|cnt_espera[11]              ; clk          ; clk         ; 0.000        ; 0.063      ; 0.775      ;
; 0.556 ; cpu:cpu0|control_unit:cu0|instruction[13]           ; cpu:cpu0|control_unit:cu0|instruction[13]           ; clk          ; clk         ; 0.000        ; 0.063      ; 0.776      ;
; 0.557 ; lcd_controller:lcd_ctl0|cnt_espera[13]              ; lcd_controller:lcd_ctl0|cnt_espera[13]              ; clk          ; clk         ; 0.000        ; 0.063      ; 0.777      ;
; 0.559 ; lcd_controller:lcd_ctl0|cnt_espera[10]              ; lcd_controller:lcd_ctl0|cnt_espera[10]              ; clk          ; clk         ; 0.000        ; 0.063      ; 0.779      ;
; 0.560 ; lcd_controller:lcd_ctl0|cnt_espera[4]               ; lcd_controller:lcd_ctl0|cnt_espera[4]               ; clk          ; clk         ; 0.000        ; 0.077      ; 0.794      ;
; 0.561 ; lcd_controller:lcd_ctl0|cnt_espera[2]               ; lcd_controller:lcd_ctl0|cnt_espera[2]               ; clk          ; clk         ; 0.000        ; 0.077      ; 0.795      ;
; 0.561 ; lcd_controller:lcd_ctl0|cnt_espera[12]              ; lcd_controller:lcd_ctl0|cnt_espera[12]              ; clk          ; clk         ; 0.000        ; 0.063      ; 0.781      ;
; 0.563 ; cpu:cpu0|control_unit:cu0|src1[2]                   ; cpu:cpu0|control_unit:cu0|src1[2]                   ; clk          ; clk         ; 0.000        ; 0.063      ; 0.783      ;
; 0.567 ; button_handler:btn0|counter[3]                      ; button_handler:btn0|counter[3]                      ; clk          ; clk         ; 0.000        ; 0.063      ; 0.787      ;
; 0.567 ; button_handler:btn0|counter[13]                     ; button_handler:btn0|counter[13]                     ; clk          ; clk         ; 0.000        ; 0.063      ; 0.787      ;
; 0.567 ; button_handler:btn0|counter[15]                     ; button_handler:btn0|counter[15]                     ; clk          ; clk         ; 0.000        ; 0.063      ; 0.787      ;
; 0.567 ; button_handler:btn1|counter[3]                      ; button_handler:btn1|counter[3]                      ; clk          ; clk         ; 0.000        ; 0.063      ; 0.787      ;
; 0.567 ; button_handler:btn1|counter[13]                     ; button_handler:btn1|counter[13]                     ; clk          ; clk         ; 0.000        ; 0.063      ; 0.787      ;
; 0.567 ; button_handler:btn1|counter[15]                     ; button_handler:btn1|counter[15]                     ; clk          ; clk         ; 0.000        ; 0.063      ; 0.787      ;
; 0.568 ; cpu:cpu0|control_unit:cu0|imm[4]                    ; cpu:cpu0|control_unit:cu0|imm[4]                    ; clk          ; clk         ; 0.000        ; 0.063      ; 0.788      ;
; 0.568 ; cpu:cpu0|control_unit:cu0|src0[2]                   ; cpu:cpu0|control_unit:cu0|src0[2]                   ; clk          ; clk         ; 0.000        ; 0.063      ; 0.788      ;
; 0.568 ; cpu:cpu0|control_unit:cu0|state.DECODE              ; cpu:cpu0|control_unit:cu0|src1[0]                   ; clk          ; clk         ; 0.000        ; 0.062      ; 0.787      ;
; 0.568 ; cpu:cpu0|control_unit:cu0|src1[0]                   ; cpu:cpu0|control_unit:cu0|src1[0]                   ; clk          ; clk         ; 0.000        ; 0.063      ; 0.788      ;
; 0.568 ; button_handler:btn0|counter[1]                      ; button_handler:btn0|counter[1]                      ; clk          ; clk         ; 0.000        ; 0.063      ; 0.788      ;
; 0.568 ; button_handler:btn0|counter[5]                      ; button_handler:btn0|counter[5]                      ; clk          ; clk         ; 0.000        ; 0.063      ; 0.788      ;
; 0.568 ; button_handler:btn0|counter[11]                     ; button_handler:btn0|counter[11]                     ; clk          ; clk         ; 0.000        ; 0.063      ; 0.788      ;
; 0.568 ; button_handler:btn0|counter[19]                     ; button_handler:btn0|counter[19]                     ; clk          ; clk         ; 0.000        ; 0.063      ; 0.788      ;
; 0.568 ; button_handler:btn0|counter[29]                     ; button_handler:btn0|counter[29]                     ; clk          ; clk         ; 0.000        ; 0.063      ; 0.788      ;
; 0.568 ; button_handler:btn1|counter[1]                      ; button_handler:btn1|counter[1]                      ; clk          ; clk         ; 0.000        ; 0.063      ; 0.788      ;
; 0.568 ; button_handler:btn1|counter[5]                      ; button_handler:btn1|counter[5]                      ; clk          ; clk         ; 0.000        ; 0.063      ; 0.788      ;
; 0.568 ; button_handler:btn1|counter[11]                     ; button_handler:btn1|counter[11]                     ; clk          ; clk         ; 0.000        ; 0.063      ; 0.788      ;
; 0.568 ; button_handler:btn1|counter[19]                     ; button_handler:btn1|counter[19]                     ; clk          ; clk         ; 0.000        ; 0.063      ; 0.788      ;
; 0.568 ; button_handler:btn1|counter[29]                     ; button_handler:btn1|counter[29]                     ; clk          ; clk         ; 0.000        ; 0.063      ; 0.788      ;
; 0.569 ; cpu:cpu0|control_unit:cu0|src0[0]                   ; cpu:cpu0|control_unit:cu0|src0[0]                   ; clk          ; clk         ; 0.000        ; 0.063      ; 0.789      ;
; 0.569 ; lcd_controller:lcd_ctl0|cnt_espera[3]               ; lcd_controller:lcd_ctl0|cnt_espera[3]               ; clk          ; clk         ; 0.000        ; 0.077      ; 0.803      ;
; 0.569 ; button_handler:btn0|counter[6]                      ; button_handler:btn0|counter[6]                      ; clk          ; clk         ; 0.000        ; 0.063      ; 0.789      ;
; 0.569 ; button_handler:btn0|counter[17]                     ; button_handler:btn0|counter[17]                     ; clk          ; clk         ; 0.000        ; 0.063      ; 0.789      ;
; 0.569 ; button_handler:btn0|counter[21]                     ; button_handler:btn0|counter[21]                     ; clk          ; clk         ; 0.000        ; 0.063      ; 0.789      ;
; 0.569 ; button_handler:btn0|counter[27]                     ; button_handler:btn0|counter[27]                     ; clk          ; clk         ; 0.000        ; 0.063      ; 0.789      ;
; 0.569 ; button_handler:btn0|counter[31]                     ; button_handler:btn0|counter[31]                     ; clk          ; clk         ; 0.000        ; 0.063      ; 0.789      ;
; 0.569 ; button_handler:btn1|counter[6]                      ; button_handler:btn1|counter[6]                      ; clk          ; clk         ; 0.000        ; 0.063      ; 0.789      ;
; 0.569 ; button_handler:btn1|counter[17]                     ; button_handler:btn1|counter[17]                     ; clk          ; clk         ; 0.000        ; 0.063      ; 0.789      ;
; 0.569 ; button_handler:btn1|counter[21]                     ; button_handler:btn1|counter[21]                     ; clk          ; clk         ; 0.000        ; 0.063      ; 0.789      ;
; 0.569 ; button_handler:btn1|counter[27]                     ; button_handler:btn1|counter[27]                     ; clk          ; clk         ; 0.000        ; 0.063      ; 0.789      ;
; 0.569 ; button_handler:btn1|counter[31]                     ; button_handler:btn1|counter[31]                     ; clk          ; clk         ; 0.000        ; 0.063      ; 0.789      ;
; 0.570 ; button_handler:btn0|counter[7]                      ; button_handler:btn0|counter[7]                      ; clk          ; clk         ; 0.000        ; 0.063      ; 0.790      ;
; 0.570 ; button_handler:btn0|counter[9]                      ; button_handler:btn0|counter[9]                      ; clk          ; clk         ; 0.000        ; 0.063      ; 0.790      ;
; 0.570 ; button_handler:btn0|counter[16]                     ; button_handler:btn0|counter[16]                     ; clk          ; clk         ; 0.000        ; 0.063      ; 0.790      ;
; 0.570 ; button_handler:btn0|counter[22]                     ; button_handler:btn0|counter[22]                     ; clk          ; clk         ; 0.000        ; 0.063      ; 0.790      ;
; 0.570 ; button_handler:btn1|counter[7]                      ; button_handler:btn1|counter[7]                      ; clk          ; clk         ; 0.000        ; 0.063      ; 0.790      ;
; 0.570 ; button_handler:btn1|counter[9]                      ; button_handler:btn1|counter[9]                      ; clk          ; clk         ; 0.000        ; 0.063      ; 0.790      ;
; 0.570 ; button_handler:btn1|counter[16]                     ; button_handler:btn1|counter[16]                     ; clk          ; clk         ; 0.000        ; 0.063      ; 0.790      ;
; 0.570 ; button_handler:btn1|counter[22]                     ; button_handler:btn1|counter[22]                     ; clk          ; clk         ; 0.000        ; 0.063      ; 0.790      ;
; 0.571 ; button_handler:btn0|counter[25]                     ; button_handler:btn0|counter[25]                     ; clk          ; clk         ; 0.000        ; 0.063      ; 0.791      ;
; 0.571 ; button_handler:btn0|counter[2]                      ; button_handler:btn0|counter[2]                      ; clk          ; clk         ; 0.000        ; 0.063      ; 0.791      ;
; 0.571 ; button_handler:btn0|counter[14]                     ; button_handler:btn0|counter[14]                     ; clk          ; clk         ; 0.000        ; 0.063      ; 0.791      ;
; 0.571 ; button_handler:btn0|counter[18]                     ; button_handler:btn0|counter[18]                     ; clk          ; clk         ; 0.000        ; 0.063      ; 0.791      ;
; 0.571 ; button_handler:btn0|counter[23]                     ; button_handler:btn0|counter[23]                     ; clk          ; clk         ; 0.000        ; 0.063      ; 0.791      ;
; 0.571 ; button_handler:btn1|counter[2]                      ; button_handler:btn1|counter[2]                      ; clk          ; clk         ; 0.000        ; 0.063      ; 0.791      ;
+-------+-----------------------------------------------------+-----------------------------------------------------+--------------+-------------+--------------+------------+------------+


+--------------------------------------------------------------------------------------------------------------------------------------------------------------------------+
; Slow 1200mV 85C Model Recovery: 'clk'                                                                                                                                    ;
+--------+-------------------------------------+-----------------------------------------------------+--------------+-------------+--------------+------------+------------+
; Slack  ; From Node                           ; To Node                                             ; Launch Clock ; Latch Clock ; Relationship ; Clock Skew ; Data Delay ;
+--------+-------------------------------------+-----------------------------------------------------+--------------+-------------+--------------+------------+------------+
; -1.033 ; cpu:cpu0|control_unit:cu0|state.OFF ; lcd_controller:lcd_ctl0|linha1[0][3]                ; clk          ; clk         ; 1.000        ; -0.058     ; 1.970      ;
; -1.033 ; cpu:cpu0|control_unit:cu0|state.OFF ; lcd_controller:lcd_ctl0|linha1[1][3]                ; clk          ; clk         ; 1.000        ; -0.058     ; 1.970      ;
; -1.033 ; cpu:cpu0|control_unit:cu0|state.OFF ; lcd_controller:lcd_ctl0|linha1[3][3]                ; clk          ; clk         ; 1.000        ; -0.058     ; 1.970      ;
; -1.033 ; cpu:cpu0|control_unit:cu0|state.OFF ; lcd_controller:lcd_ctl0|linha1[0][4]                ; clk          ; clk         ; 1.000        ; -0.058     ; 1.970      ;
; -1.033 ; cpu:cpu0|control_unit:cu0|state.OFF ; lcd_controller:lcd_ctl0|linha1[2][3]                ; clk          ; clk         ; 1.000        ; -0.058     ; 1.970      ;
; -1.033 ; cpu:cpu0|control_unit:cu0|state.OFF ; lcd_controller:lcd_ctl0|linha1[1][2]                ; clk          ; clk         ; 1.000        ; -0.058     ; 1.970      ;
; -0.934 ; cpu:cpu0|control_unit:cu0|state.OFF ; lcd_controller:lcd_ctl0|reg_indice[1]               ; clk          ; clk         ; 1.000        ; -0.063     ; 1.866      ;
; -0.934 ; cpu:cpu0|control_unit:cu0|state.OFF ; lcd_controller:lcd_ctl0|reg_indice[3]               ; clk          ; clk         ; 1.000        ; -0.063     ; 1.866      ;
; -0.770 ; cpu:cpu0|control_unit:cu0|state.OFF ; lcd_controller:lcd_ctl0|linha1[9][0]                ; clk          ; clk         ; 1.000        ; -0.051     ; 1.714      ;
; -0.633 ; cpu:cpu0|control_unit:cu0|state.OFF ; lcd_controller:lcd_ctl0|linha2[0][2]                ; clk          ; clk         ; 1.000        ; 0.285      ; 1.913      ;
; -0.627 ; cpu:cpu0|control_unit:cu0|state.OFF ; lcd_controller:lcd_ctl0|linha2[4][0]                ; clk          ; clk         ; 1.000        ; 0.292      ; 1.914      ;
; -0.627 ; cpu:cpu0|control_unit:cu0|state.OFF ; lcd_controller:lcd_ctl0|linha2[5][1]                ; clk          ; clk         ; 1.000        ; 0.292      ; 1.914      ;
; -0.627 ; cpu:cpu0|control_unit:cu0|state.OFF ; lcd_controller:lcd_ctl0|linha2[5][2]                ; clk          ; clk         ; 1.000        ; 0.292      ; 1.914      ;
; -0.627 ; cpu:cpu0|control_unit:cu0|state.OFF ; lcd_controller:lcd_ctl0|linha2[5][3]                ; clk          ; clk         ; 1.000        ; 0.292      ; 1.914      ;
; -0.626 ; cpu:cpu0|control_unit:cu0|state.OFF ; lcd_controller:lcd_ctl0|cnt_espera[0]               ; clk          ; clk         ; 1.000        ; 0.288      ; 1.909      ;
; -0.626 ; cpu:cpu0|control_unit:cu0|state.OFF ; lcd_controller:lcd_ctl0|cnt_espera[1]               ; clk          ; clk         ; 1.000        ; 0.288      ; 1.909      ;
; -0.626 ; cpu:cpu0|control_unit:cu0|state.OFF ; lcd_controller:lcd_ctl0|cnt_espera[2]               ; clk          ; clk         ; 1.000        ; 0.288      ; 1.909      ;
; -0.626 ; cpu:cpu0|control_unit:cu0|state.OFF ; lcd_controller:lcd_ctl0|cnt_espera[3]               ; clk          ; clk         ; 1.000        ; 0.288      ; 1.909      ;
; -0.626 ; cpu:cpu0|control_unit:cu0|state.OFF ; lcd_controller:lcd_ctl0|cnt_espera[4]               ; clk          ; clk         ; 1.000        ; 0.288      ; 1.909      ;
; -0.626 ; cpu:cpu0|control_unit:cu0|state.OFF ; lcd_controller:lcd_ctl0|cnt_espera[5]               ; clk          ; clk         ; 1.000        ; 0.288      ; 1.909      ;
; -0.626 ; cpu:cpu0|control_unit:cu0|state.OFF ; lcd_controller:lcd_ctl0|cnt_espera[6]               ; clk          ; clk         ; 1.000        ; 0.288      ; 1.909      ;
; -0.626 ; cpu:cpu0|control_unit:cu0|state.OFF ; lcd_controller:lcd_ctl0|cnt_espera[7]               ; clk          ; clk         ; 1.000        ; 0.288      ; 1.909      ;
; -0.620 ; cpu:cpu0|control_unit:cu0|state.OFF ; lcd_controller:lcd_ctl0|linha2[3][0]                ; clk          ; clk         ; 1.000        ; 0.291      ; 1.906      ;
; -0.620 ; cpu:cpu0|control_unit:cu0|state.OFF ; lcd_controller:lcd_ctl0|linha2[4][1]                ; clk          ; clk         ; 1.000        ; 0.291      ; 1.906      ;
; -0.620 ; cpu:cpu0|control_unit:cu0|state.OFF ; lcd_controller:lcd_ctl0|linha2[4][2]                ; clk          ; clk         ; 1.000        ; 0.291      ; 1.906      ;
; -0.620 ; cpu:cpu0|control_unit:cu0|state.OFF ; lcd_controller:lcd_ctl0|linha2[4][3]                ; clk          ; clk         ; 1.000        ; 0.291      ; 1.906      ;
; -0.604 ; cpu:cpu0|control_unit:cu0|state.OFF ; lcd_controller:lcd_ctl0|linha2[5][0]                ; clk          ; clk         ; 1.000        ; 0.284      ; 1.883      ;
; -0.604 ; cpu:cpu0|control_unit:cu0|state.OFF ; lcd_controller:lcd_ctl0|linha1[1][0]                ; clk          ; clk         ; 1.000        ; 0.284      ; 1.883      ;
; -0.585 ; cpu:cpu0|control_unit:cu0|state.OFF ; lcd_controller:lcd_ctl0|reg_indice[2]               ; clk          ; clk         ; 1.000        ; 0.286      ; 1.866      ;
; -0.585 ; cpu:cpu0|control_unit:cu0|state.OFF ; lcd_controller:lcd_ctl0|reg_indice[0]               ; clk          ; clk         ; 1.000        ; 0.286      ; 1.866      ;
; -0.523 ; cpu:cpu0|control_unit:cu0|state.OFF ; lcd_controller:lcd_ctl0|cnt_espera[10]              ; clk          ; clk         ; 1.000        ; -0.055     ; 1.463      ;
; -0.523 ; cpu:cpu0|control_unit:cu0|state.OFF ; lcd_controller:lcd_ctl0|cnt_espera[16]              ; clk          ; clk         ; 1.000        ; -0.055     ; 1.463      ;
; -0.523 ; cpu:cpu0|control_unit:cu0|state.OFF ; lcd_controller:lcd_ctl0|cnt_espera[8]               ; clk          ; clk         ; 1.000        ; -0.055     ; 1.463      ;
; -0.523 ; cpu:cpu0|control_unit:cu0|state.OFF ; lcd_controller:lcd_ctl0|cnt_espera[9]               ; clk          ; clk         ; 1.000        ; -0.055     ; 1.463      ;
; -0.523 ; cpu:cpu0|control_unit:cu0|state.OFF ; lcd_controller:lcd_ctl0|cnt_espera[11]              ; clk          ; clk         ; 1.000        ; -0.055     ; 1.463      ;
; -0.523 ; cpu:cpu0|control_unit:cu0|state.OFF ; lcd_controller:lcd_ctl0|cnt_espera[12]              ; clk          ; clk         ; 1.000        ; -0.055     ; 1.463      ;
; -0.523 ; cpu:cpu0|control_unit:cu0|state.OFF ; lcd_controller:lcd_ctl0|cnt_espera[13]              ; clk          ; clk         ; 1.000        ; -0.055     ; 1.463      ;
; -0.523 ; cpu:cpu0|control_unit:cu0|state.OFF ; lcd_controller:lcd_ctl0|cnt_espera[14]              ; clk          ; clk         ; 1.000        ; -0.055     ; 1.463      ;
; -0.523 ; cpu:cpu0|control_unit:cu0|state.OFF ; lcd_controller:lcd_ctl0|cnt_espera[15]              ; clk          ; clk         ; 1.000        ; -0.055     ; 1.463      ;
; -0.523 ; cpu:cpu0|control_unit:cu0|state.OFF ; lcd_controller:lcd_ctl0|estado_atual.EST_LINHA2_POS ; clk          ; clk         ; 1.000        ; -0.055     ; 1.463      ;
; -0.523 ; cpu:cpu0|control_unit:cu0|state.OFF ; lcd_controller:lcd_ctl0|estado_atual.EST_ESCREVE_L2 ; clk          ; clk         ; 1.000        ; -0.055     ; 1.463      ;
; -0.504 ; cpu:cpu0|control_unit:cu0|state.OFF ; lcd_controller:lcd_ctl0|linha1[0][2]                ; clk          ; clk         ; 1.000        ; 0.287      ; 1.786      ;
; -0.411 ; cpu:cpu0|control_unit:cu0|state.OFF ; lcd_controller:lcd_ctl0|estado_atual.EST_OCIOSO     ; clk          ; clk         ; 1.000        ; 0.295      ; 1.701      ;
; -0.411 ; cpu:cpu0|control_unit:cu0|state.OFF ; lcd_controller:lcd_ctl0|estado_atual.EST_INIT_3     ; clk          ; clk         ; 1.000        ; 0.295      ; 1.701      ;
; -0.411 ; cpu:cpu0|control_unit:cu0|state.OFF ; lcd_controller:lcd_ctl0|estado_atual.EST_INIT_4     ; clk          ; clk         ; 1.000        ; 0.295      ; 1.701      ;
; -0.411 ; cpu:cpu0|control_unit:cu0|state.OFF ; lcd_controller:lcd_ctl0|estado_atual.EST_LINHA1_POS ; clk          ; clk         ; 1.000        ; 0.295      ; 1.701      ;
; -0.411 ; cpu:cpu0|control_unit:cu0|state.OFF ; lcd_controller:lcd_ctl0|estado_atual.EST_ESCREVE_L1 ; clk          ; clk         ; 1.000        ; 0.295      ; 1.701      ;
; -0.411 ; cpu:cpu0|control_unit:cu0|state.OFF ; lcd_controller:lcd_ctl0|estado_atual.EST_ESPERA_CPU ; clk          ; clk         ; 1.000        ; 0.295      ; 1.701      ;
; -0.407 ; cpu:cpu0|control_unit:cu0|state.OFF ; lcd_controller:lcd_ctl0|linha2[0][1]                ; clk          ; clk         ; 1.000        ; 0.289      ; 1.691      ;
; -0.376 ; cpu:cpu0|control_unit:cu0|state.OFF ; lcd_controller:lcd_ctl0|linha2[2][0]                ; clk          ; clk         ; 1.000        ; 0.290      ; 1.661      ;
; -0.376 ; cpu:cpu0|control_unit:cu0|state.OFF ; lcd_controller:lcd_ctl0|linha2[3][1]                ; clk          ; clk         ; 1.000        ; 0.290      ; 1.661      ;
; -0.376 ; cpu:cpu0|control_unit:cu0|state.OFF ; lcd_controller:lcd_ctl0|linha2[3][2]                ; clk          ; clk         ; 1.000        ; 0.290      ; 1.661      ;
; -0.376 ; cpu:cpu0|control_unit:cu0|state.OFF ; lcd_controller:lcd_ctl0|linha2[3][3]                ; clk          ; clk         ; 1.000        ; 0.290      ; 1.661      ;
; -0.372 ; cpu:cpu0|control_unit:cu0|state.OFF ; lcd_controller:lcd_ctl0|estado_atual.EST_INIT_2     ; clk          ; clk         ; 1.000        ; -0.063     ; 1.304      ;
; -0.370 ; cpu:cpu0|control_unit:cu0|state.OFF ; lcd_controller:lcd_ctl0|estado_atual.EST_INIT_1     ; clk          ; clk         ; 1.000        ; 0.296      ; 1.661      ;
; -0.340 ; cpu:cpu0|control_unit:cu0|state.OFF ; lcd_controller:lcd_ctl0|linha1[7][0]                ; clk          ; clk         ; 1.000        ; 0.326      ; 1.661      ;
; -0.340 ; cpu:cpu0|control_unit:cu0|state.OFF ; lcd_controller:lcd_ctl0|linha1[10][0]               ; clk          ; clk         ; 1.000        ; 0.326      ; 1.661      ;
; -0.340 ; cpu:cpu0|control_unit:cu0|state.OFF ; lcd_controller:lcd_ctl0|linha1[8][0]                ; clk          ; clk         ; 1.000        ; 0.326      ; 1.661      ;
; -0.333 ; cpu:cpu0|control_unit:cu0|state.OFF ; lcd_controller:lcd_ctl0|linha2[1][0]                ; clk          ; clk         ; 1.000        ; 0.290      ; 1.618      ;
; -0.333 ; cpu:cpu0|control_unit:cu0|state.OFF ; lcd_controller:lcd_ctl0|linha2[2][1]                ; clk          ; clk         ; 1.000        ; 0.290      ; 1.618      ;
; -0.333 ; cpu:cpu0|control_unit:cu0|state.OFF ; lcd_controller:lcd_ctl0|linha2[2][2]                ; clk          ; clk         ; 1.000        ; 0.290      ; 1.618      ;
; -0.333 ; cpu:cpu0|control_unit:cu0|state.OFF ; lcd_controller:lcd_ctl0|linha2[2][3]                ; clk          ; clk         ; 1.000        ; 0.290      ; 1.618      ;
; -0.326 ; cpu:cpu0|control_unit:cu0|state.OFF ; lcd_controller:lcd_ctl0|linha2[1][1]                ; clk          ; clk         ; 1.000        ; 0.286      ; 1.607      ;
; -0.326 ; cpu:cpu0|control_unit:cu0|state.OFF ; lcd_controller:lcd_ctl0|linha2[1][2]                ; clk          ; clk         ; 1.000        ; 0.286      ; 1.607      ;
; -0.326 ; cpu:cpu0|control_unit:cu0|state.OFF ; lcd_controller:lcd_ctl0|linha2[1][3]                ; clk          ; clk         ; 1.000        ; 0.286      ; 1.607      ;
; -0.326 ; cpu:cpu0|control_unit:cu0|state.OFF ; lcd_controller:lcd_ctl0|linha1[0][0]                ; clk          ; clk         ; 1.000        ; 0.286      ; 1.607      ;
; -0.326 ; cpu:cpu0|control_unit:cu0|state.OFF ; lcd_controller:lcd_ctl0|linha1[2][4]                ; clk          ; clk         ; 1.000        ; 0.286      ; 1.607      ;
; -0.023 ; cpu:cpu0|control_unit:cu0|state.OFF ; lcd_controller:lcd_ctl0|linha1[3][6]                ; clk          ; clk         ; 1.000        ; 0.286      ; 1.304      ;
; -0.023 ; cpu:cpu0|control_unit:cu0|state.OFF ; lcd_controller:lcd_ctl0|linha1[1][4]                ; clk          ; clk         ; 1.000        ; 0.286      ; 1.304      ;
; -0.023 ; cpu:cpu0|control_unit:cu0|state.OFF ; lcd_controller:lcd_ctl0|linha1[2][2]                ; clk          ; clk         ; 1.000        ; 0.286      ; 1.304      ;
; -0.023 ; cpu:cpu0|control_unit:cu0|state.OFF ; lcd_controller:lcd_ctl0|linha1[0][1]                ; clk          ; clk         ; 1.000        ; 0.286      ; 1.304      ;
; -0.023 ; cpu:cpu0|control_unit:cu0|state.OFF ; lcd_controller:lcd_ctl0|linha1[1][1]                ; clk          ; clk         ; 1.000        ; 0.286      ; 1.304      ;
; -0.023 ; cpu:cpu0|control_unit:cu0|state.OFF ; lcd_controller:lcd_ctl0|linha1[9][4]                ; clk          ; clk         ; 1.000        ; 0.286      ; 1.304      ;
+--------+-------------------------------------+-----------------------------------------------------+--------------+-------------+--------------+------------+------------+


+-------------------------------------------------------------------------------------------------------------------------------------------------------------------------+
; Slow 1200mV 85C Model Removal: 'clk'                                                                                                                                    ;
+-------+-------------------------------------+-----------------------------------------------------+--------------+-------------+--------------+------------+------------+
; Slack ; From Node                           ; To Node                                             ; Launch Clock ; Latch Clock ; Relationship ; Clock Skew ; Data Delay ;
+-------+-------------------------------------+-----------------------------------------------------+--------------+-------------+--------------+------------+------------+
; 0.572 ; cpu:cpu0|control_unit:cu0|state.OFF ; lcd_controller:lcd_ctl0|linha1[3][6]                ; clk          ; clk         ; 0.000        ; 0.427      ; 1.156      ;
; 0.572 ; cpu:cpu0|control_unit:cu0|state.OFF ; lcd_controller:lcd_ctl0|linha1[1][4]                ; clk          ; clk         ; 0.000        ; 0.427      ; 1.156      ;
; 0.572 ; cpu:cpu0|control_unit:cu0|state.OFF ; lcd_controller:lcd_ctl0|linha1[2][2]                ; clk          ; clk         ; 0.000        ; 0.427      ; 1.156      ;
; 0.572 ; cpu:cpu0|control_unit:cu0|state.OFF ; lcd_controller:lcd_ctl0|linha1[0][1]                ; clk          ; clk         ; 0.000        ; 0.427      ; 1.156      ;
; 0.572 ; cpu:cpu0|control_unit:cu0|state.OFF ; lcd_controller:lcd_ctl0|linha1[1][1]                ; clk          ; clk         ; 0.000        ; 0.427      ; 1.156      ;
; 0.572 ; cpu:cpu0|control_unit:cu0|state.OFF ; lcd_controller:lcd_ctl0|linha1[9][4]                ; clk          ; clk         ; 0.000        ; 0.427      ; 1.156      ;
; 0.882 ; cpu:cpu0|control_unit:cu0|state.OFF ; lcd_controller:lcd_ctl0|linha1[7][0]                ; clk          ; clk         ; 0.000        ; 0.468      ; 1.507      ;
; 0.882 ; cpu:cpu0|control_unit:cu0|state.OFF ; lcd_controller:lcd_ctl0|linha1[10][0]               ; clk          ; clk         ; 0.000        ; 0.468      ; 1.507      ;
; 0.882 ; cpu:cpu0|control_unit:cu0|state.OFF ; lcd_controller:lcd_ctl0|linha1[8][0]                ; clk          ; clk         ; 0.000        ; 0.468      ; 1.507      ;
; 0.890 ; cpu:cpu0|control_unit:cu0|state.OFF ; lcd_controller:lcd_ctl0|linha2[1][1]                ; clk          ; clk         ; 0.000        ; 0.427      ; 1.474      ;
; 0.890 ; cpu:cpu0|control_unit:cu0|state.OFF ; lcd_controller:lcd_ctl0|linha2[1][2]                ; clk          ; clk         ; 0.000        ; 0.427      ; 1.474      ;
; 0.890 ; cpu:cpu0|control_unit:cu0|state.OFF ; lcd_controller:lcd_ctl0|linha2[1][3]                ; clk          ; clk         ; 0.000        ; 0.427      ; 1.474      ;
; 0.890 ; cpu:cpu0|control_unit:cu0|state.OFF ; lcd_controller:lcd_ctl0|linha1[0][0]                ; clk          ; clk         ; 0.000        ; 0.427      ; 1.474      ;
; 0.890 ; cpu:cpu0|control_unit:cu0|state.OFF ; lcd_controller:lcd_ctl0|linha1[2][4]                ; clk          ; clk         ; 0.000        ; 0.427      ; 1.474      ;
; 0.896 ; cpu:cpu0|control_unit:cu0|state.OFF ; lcd_controller:lcd_ctl0|linha2[1][0]                ; clk          ; clk         ; 0.000        ; 0.430      ; 1.483      ;
; 0.896 ; cpu:cpu0|control_unit:cu0|state.OFF ; lcd_controller:lcd_ctl0|linha2[2][1]                ; clk          ; clk         ; 0.000        ; 0.430      ; 1.483      ;
; 0.896 ; cpu:cpu0|control_unit:cu0|state.OFF ; lcd_controller:lcd_ctl0|linha2[2][2]                ; clk          ; clk         ; 0.000        ; 0.430      ; 1.483      ;
; 0.896 ; cpu:cpu0|control_unit:cu0|state.OFF ; lcd_controller:lcd_ctl0|linha2[2][3]                ; clk          ; clk         ; 0.000        ; 0.430      ; 1.483      ;
; 0.913 ; cpu:cpu0|control_unit:cu0|state.OFF ; lcd_controller:lcd_ctl0|estado_atual.EST_INIT_1     ; clk          ; clk         ; 0.000        ; 0.437      ; 1.507      ;
; 0.935 ; cpu:cpu0|control_unit:cu0|state.OFF ; lcd_controller:lcd_ctl0|linha2[2][0]                ; clk          ; clk         ; 0.000        ; 0.431      ; 1.523      ;
; 0.935 ; cpu:cpu0|control_unit:cu0|state.OFF ; lcd_controller:lcd_ctl0|linha2[3][1]                ; clk          ; clk         ; 0.000        ; 0.431      ; 1.523      ;
; 0.935 ; cpu:cpu0|control_unit:cu0|state.OFF ; lcd_controller:lcd_ctl0|linha2[3][2]                ; clk          ; clk         ; 0.000        ; 0.431      ; 1.523      ;
; 0.935 ; cpu:cpu0|control_unit:cu0|state.OFF ; lcd_controller:lcd_ctl0|linha2[3][3]                ; clk          ; clk         ; 0.000        ; 0.431      ; 1.523      ;
; 0.936 ; cpu:cpu0|control_unit:cu0|state.OFF ; lcd_controller:lcd_ctl0|estado_atual.EST_INIT_2     ; clk          ; clk         ; 0.000        ; 0.063      ; 1.156      ;
; 0.943 ; cpu:cpu0|control_unit:cu0|state.OFF ; lcd_controller:lcd_ctl0|linha2[0][1]                ; clk          ; clk         ; 0.000        ; 0.429      ; 1.529      ;
; 0.943 ; cpu:cpu0|control_unit:cu0|state.OFF ; lcd_controller:lcd_ctl0|estado_atual.EST_OCIOSO     ; clk          ; clk         ; 0.000        ; 0.435      ; 1.535      ;
; 0.943 ; cpu:cpu0|control_unit:cu0|state.OFF ; lcd_controller:lcd_ctl0|estado_atual.EST_INIT_3     ; clk          ; clk         ; 0.000        ; 0.435      ; 1.535      ;
; 0.943 ; cpu:cpu0|control_unit:cu0|state.OFF ; lcd_controller:lcd_ctl0|estado_atual.EST_INIT_4     ; clk          ; clk         ; 0.000        ; 0.435      ; 1.535      ;
; 0.943 ; cpu:cpu0|control_unit:cu0|state.OFF ; lcd_controller:lcd_ctl0|estado_atual.EST_LINHA1_POS ; clk          ; clk         ; 0.000        ; 0.435      ; 1.535      ;
; 0.943 ; cpu:cpu0|control_unit:cu0|state.OFF ; lcd_controller:lcd_ctl0|estado_atual.EST_ESCREVE_L1 ; clk          ; clk         ; 0.000        ; 0.435      ; 1.535      ;
; 0.943 ; cpu:cpu0|control_unit:cu0|state.OFF ; lcd_controller:lcd_ctl0|estado_atual.EST_ESPERA_CPU ; clk          ; clk         ; 0.000        ; 0.435      ; 1.535      ;
; 1.036 ; cpu:cpu0|control_unit:cu0|state.OFF ; lcd_controller:lcd_ctl0|linha1[0][2]                ; clk          ; clk         ; 0.000        ; 0.427      ; 1.620      ;
; 1.085 ; cpu:cpu0|control_unit:cu0|state.OFF ; lcd_controller:lcd_ctl0|cnt_espera[10]              ; clk          ; clk         ; 0.000        ; 0.071      ; 1.313      ;
; 1.085 ; cpu:cpu0|control_unit:cu0|state.OFF ; lcd_controller:lcd_ctl0|cnt_espera[16]              ; clk          ; clk         ; 0.000        ; 0.071      ; 1.313      ;
; 1.085 ; cpu:cpu0|control_unit:cu0|state.OFF ; lcd_controller:lcd_ctl0|cnt_espera[8]               ; clk          ; clk         ; 0.000        ; 0.071      ; 1.313      ;
; 1.085 ; cpu:cpu0|control_unit:cu0|state.OFF ; lcd_controller:lcd_ctl0|cnt_espera[9]               ; clk          ; clk         ; 0.000        ; 0.071      ; 1.313      ;
; 1.085 ; cpu:cpu0|control_unit:cu0|state.OFF ; lcd_controller:lcd_ctl0|cnt_espera[11]              ; clk          ; clk         ; 0.000        ; 0.071      ; 1.313      ;
; 1.085 ; cpu:cpu0|control_unit:cu0|state.OFF ; lcd_controller:lcd_ctl0|cnt_espera[12]              ; clk          ; clk         ; 0.000        ; 0.071      ; 1.313      ;
; 1.085 ; cpu:cpu0|control_unit:cu0|state.OFF ; lcd_controller:lcd_ctl0|cnt_espera[13]              ; clk          ; clk         ; 0.000        ; 0.071      ; 1.313      ;
; 1.085 ; cpu:cpu0|control_unit:cu0|state.OFF ; lcd_controller:lcd_ctl0|cnt_espera[14]              ; clk          ; clk         ; 0.000        ; 0.071      ; 1.313      ;
; 1.085 ; cpu:cpu0|control_unit:cu0|state.OFF ; lcd_controller:lcd_ctl0|cnt_espera[15]              ; clk          ; clk         ; 0.000        ; 0.071      ; 1.313      ;
; 1.085 ; cpu:cpu0|control_unit:cu0|state.OFF ; lcd_controller:lcd_ctl0|estado_atual.EST_LINHA2_POS ; clk          ; clk         ; 0.000        ; 0.071      ; 1.313      ;
; 1.085 ; cpu:cpu0|control_unit:cu0|state.OFF ; lcd_controller:lcd_ctl0|estado_atual.EST_ESCREVE_L2 ; clk          ; clk         ; 0.000        ; 0.071      ; 1.313      ;
; 1.141 ; cpu:cpu0|control_unit:cu0|state.OFF ; lcd_controller:lcd_ctl0|reg_indice[2]               ; clk          ; clk         ; 0.000        ; 0.426      ; 1.724      ;
; 1.141 ; cpu:cpu0|control_unit:cu0|state.OFF ; lcd_controller:lcd_ctl0|reg_indice[0]               ; clk          ; clk         ; 0.000        ; 0.426      ; 1.724      ;
; 1.162 ; cpu:cpu0|control_unit:cu0|state.OFF ; lcd_controller:lcd_ctl0|linha2[5][0]                ; clk          ; clk         ; 0.000        ; 0.424      ; 1.743      ;
; 1.162 ; cpu:cpu0|control_unit:cu0|state.OFF ; lcd_controller:lcd_ctl0|linha1[1][0]                ; clk          ; clk         ; 0.000        ; 0.424      ; 1.743      ;
; 1.169 ; cpu:cpu0|control_unit:cu0|state.OFF ; lcd_controller:lcd_ctl0|linha2[0][2]                ; clk          ; clk         ; 0.000        ; 0.426      ; 1.752      ;
; 1.170 ; cpu:cpu0|control_unit:cu0|state.OFF ; lcd_controller:lcd_ctl0|linha2[3][0]                ; clk          ; clk         ; 0.000        ; 0.432      ; 1.759      ;
; 1.170 ; cpu:cpu0|control_unit:cu0|state.OFF ; lcd_controller:lcd_ctl0|linha2[4][1]                ; clk          ; clk         ; 0.000        ; 0.432      ; 1.759      ;
; 1.170 ; cpu:cpu0|control_unit:cu0|state.OFF ; lcd_controller:lcd_ctl0|linha2[4][2]                ; clk          ; clk         ; 0.000        ; 0.432      ; 1.759      ;
; 1.170 ; cpu:cpu0|control_unit:cu0|state.OFF ; lcd_controller:lcd_ctl0|linha2[4][3]                ; clk          ; clk         ; 0.000        ; 0.432      ; 1.759      ;
; 1.172 ; cpu:cpu0|control_unit:cu0|state.OFF ; lcd_controller:lcd_ctl0|linha2[4][0]                ; clk          ; clk         ; 0.000        ; 0.433      ; 1.762      ;
; 1.172 ; cpu:cpu0|control_unit:cu0|state.OFF ; lcd_controller:lcd_ctl0|linha2[5][1]                ; clk          ; clk         ; 0.000        ; 0.433      ; 1.762      ;
; 1.172 ; cpu:cpu0|control_unit:cu0|state.OFF ; lcd_controller:lcd_ctl0|linha2[5][2]                ; clk          ; clk         ; 0.000        ; 0.433      ; 1.762      ;
; 1.172 ; cpu:cpu0|control_unit:cu0|state.OFF ; lcd_controller:lcd_ctl0|linha2[5][3]                ; clk          ; clk         ; 0.000        ; 0.433      ; 1.762      ;
; 1.178 ; cpu:cpu0|control_unit:cu0|state.OFF ; lcd_controller:lcd_ctl0|cnt_espera[0]               ; clk          ; clk         ; 0.000        ; 0.428      ; 1.763      ;
; 1.178 ; cpu:cpu0|control_unit:cu0|state.OFF ; lcd_controller:lcd_ctl0|cnt_espera[1]               ; clk          ; clk         ; 0.000        ; 0.428      ; 1.763      ;
; 1.178 ; cpu:cpu0|control_unit:cu0|state.OFF ; lcd_controller:lcd_ctl0|cnt_espera[2]               ; clk          ; clk         ; 0.000        ; 0.428      ; 1.763      ;
; 1.178 ; cpu:cpu0|control_unit:cu0|state.OFF ; lcd_controller:lcd_ctl0|cnt_espera[3]               ; clk          ; clk         ; 0.000        ; 0.428      ; 1.763      ;
; 1.178 ; cpu:cpu0|control_unit:cu0|state.OFF ; lcd_controller:lcd_ctl0|cnt_espera[4]               ; clk          ; clk         ; 0.000        ; 0.428      ; 1.763      ;
; 1.178 ; cpu:cpu0|control_unit:cu0|state.OFF ; lcd_controller:lcd_ctl0|cnt_espera[5]               ; clk          ; clk         ; 0.000        ; 0.428      ; 1.763      ;
; 1.178 ; cpu:cpu0|control_unit:cu0|state.OFF ; lcd_controller:lcd_ctl0|cnt_espera[6]               ; clk          ; clk         ; 0.000        ; 0.428      ; 1.763      ;
; 1.178 ; cpu:cpu0|control_unit:cu0|state.OFF ; lcd_controller:lcd_ctl0|cnt_espera[7]               ; clk          ; clk         ; 0.000        ; 0.428      ; 1.763      ;
; 1.312 ; cpu:cpu0|control_unit:cu0|state.OFF ; lcd_controller:lcd_ctl0|linha1[9][0]                ; clk          ; clk         ; 0.000        ; 0.075      ; 1.544      ;
; 1.505 ; cpu:cpu0|control_unit:cu0|state.OFF ; lcd_controller:lcd_ctl0|reg_indice[1]               ; clk          ; clk         ; 0.000        ; 0.062      ; 1.724      ;
; 1.505 ; cpu:cpu0|control_unit:cu0|state.OFF ; lcd_controller:lcd_ctl0|reg_indice[3]               ; clk          ; clk         ; 0.000        ; 0.062      ; 1.724      ;
; 1.561 ; cpu:cpu0|control_unit:cu0|state.OFF ; lcd_controller:lcd_ctl0|linha1[0][3]                ; clk          ; clk         ; 0.000        ; 0.068      ; 1.786      ;
; 1.561 ; cpu:cpu0|control_unit:cu0|state.OFF ; lcd_controller:lcd_ctl0|linha1[1][3]                ; clk          ; clk         ; 0.000        ; 0.068      ; 1.786      ;
; 1.561 ; cpu:cpu0|control_unit:cu0|state.OFF ; lcd_controller:lcd_ctl0|linha1[3][3]                ; clk          ; clk         ; 0.000        ; 0.068      ; 1.786      ;
; 1.561 ; cpu:cpu0|control_unit:cu0|state.OFF ; lcd_controller:lcd_ctl0|linha1[0][4]                ; clk          ; clk         ; 0.000        ; 0.068      ; 1.786      ;
; 1.561 ; cpu:cpu0|control_unit:cu0|state.OFF ; lcd_controller:lcd_ctl0|linha1[2][3]                ; clk          ; clk         ; 0.000        ; 0.068      ; 1.786      ;
; 1.561 ; cpu:cpu0|control_unit:cu0|state.OFF ; lcd_controller:lcd_ctl0|linha1[1][2]                ; clk          ; clk         ; 0.000        ; 0.068      ; 1.786      ;
+-------+-------------------------------------+-----------------------------------------------------+--------------+-------------+--------------+------------+------------+


-----------------------------------------------
; Slow 1200mV 85C Model Metastability Summary ;
-----------------------------------------------
Design MTBF is not calculated because the design doesn't meet its timing requirements.



+-------------------------------------------------+
; Slow 1200mV 0C Model Fmax Summary               ;
+-----------+-----------------+------------+------+
; Fmax      ; Restricted Fmax ; Clock Name ; Note ;
+-----------+-----------------+------------+------+
; 61.16 MHz ; 61.16 MHz       ; clk        ;      ;
+-----------+-----------------+------------+------+
This panel reports FMAX for every clock in the design, regardless of the user-specified clock periods.  FMAX is only computed for paths where the source and destination registers or ports are driven by the same clock.  Paths of different clocks, including generated clocks, are ignored.  For paths between a clock and its inversion, FMAX is computed as if the rising and falling edges are scaled along with FMAX, such that the duty cycle (in terms of a percentage) is maintained. Altera recommends that you always use clock constraints and other slack reports for sign-off analysis.


+------------------------------------+
; Slow 1200mV 0C Model Setup Summary ;
+-------+---------+------------------+
; Clock ; Slack   ; End Point TNS    ;
+-------+---------+------------------+
; clk   ; -15.351 ; -2612.091        ;
+-------+---------+------------------+


+-----------------------------------+
; Slow 1200mV 0C Model Hold Summary ;
+-------+-------+-------------------+
; Clock ; Slack ; End Point TNS     ;
+-------+-------+-------------------+
; clk   ; 0.298 ; 0.000             ;
+-------+-------+-------------------+


+---------------------------------------+
; Slow 1200mV 0C Model Recovery Summary ;
+-------+--------+----------------------+
; Clock ; Slack  ; End Point TNS        ;
+-------+--------+----------------------+
; clk   ; -0.800 ; -25.398              ;
+-------+--------+----------------------+


+--------------------------------------+
; Slow 1200mV 0C Model Removal Summary ;
+-------+-------+----------------------+
; Clock ; Slack ; End Point TNS        ;
+-------+-------+----------------------+
; clk   ; 0.507 ; 0.000                ;
+-------+-------+----------------------+


+--------------------------------------------------+
; Slow 1200mV 0C Model Minimum Pulse Width Summary ;
+-------+--------+---------------------------------+
; Clock ; Slack  ; End Point TNS                   ;
+-------+--------+---------------------------------+
; clk   ; -3.000 ; -525.744                        ;
+-------+--------+---------------------------------+


+----------------------------------------------------------------------------------------------------------------------------------------------------------------+
; Slow 1200mV 0C Model Setup: 'clk'                                                                                                                              ;
+---------+-----------------------------------------+--------------------------------------+--------------+-------------+--------------+------------+------------+
; Slack   ; From Node                               ; To Node                              ; Launch Clock ; Latch Clock ; Relationship ; Clock Skew ; Data Delay ;
+---------+-----------------------------------------+--------------------------------------+--------------+-------------+--------------+------------+------------+
; -15.351 ; cpu:cpu0|control_unit:cu0|opcode[0]     ; lcd_controller:lcd_ctl0|linha2[2][0] ; clk          ; clk         ; 1.000        ; 0.266      ; 16.612     ;
; -15.351 ; cpu:cpu0|control_unit:cu0|opcode[0]     ; lcd_controller:lcd_ctl0|linha2[3][1] ; clk          ; clk         ; 1.000        ; 0.266      ; 16.612     ;
; -15.343 ; cpu:cpu0|control_unit:cu0|opcode[0]     ; lcd_controller:lcd_ctl0|linha2[3][2] ; clk          ; clk         ; 1.000        ; 0.266      ; 16.604     ;
; -15.339 ; cpu:cpu0|control_unit:cu0|opcode[0]     ; lcd_controller:lcd_ctl0|linha2[3][3] ; clk          ; clk         ; 1.000        ; 0.266      ; 16.600     ;
; -15.242 ; cpu:cpu0|control_unit:cu0|opcode[0]     ; lcd_controller:lcd_ctl0|linha2[1][3] ; clk          ; clk         ; 1.000        ; 0.262      ; 16.499     ;
; -15.240 ; cpu:cpu0|control_unit:cu0|opcode[0]     ; lcd_controller:lcd_ctl0|linha2[1][2] ; clk          ; clk         ; 1.000        ; 0.262      ; 16.497     ;
; -15.240 ; cpu:cpu0|control_unit:cu0|opcode[2]     ; lcd_controller:lcd_ctl0|linha2[2][0] ; clk          ; clk         ; 1.000        ; 0.266      ; 16.501     ;
; -15.240 ; cpu:cpu0|control_unit:cu0|opcode[2]     ; lcd_controller:lcd_ctl0|linha2[3][1] ; clk          ; clk         ; 1.000        ; 0.266      ; 16.501     ;
; -15.239 ; cpu:cpu0|control_unit:cu0|opcode[0]     ; lcd_controller:lcd_ctl0|linha2[1][1] ; clk          ; clk         ; 1.000        ; 0.262      ; 16.496     ;
; -15.233 ; cpu:cpu0|control_unit:cu0|opcode[0]     ; lcd_controller:lcd_ctl0|linha2[2][2] ; clk          ; clk         ; 1.000        ; 0.265      ; 16.493     ;
; -15.232 ; cpu:cpu0|control_unit:cu0|opcode[2]     ; lcd_controller:lcd_ctl0|linha2[3][2] ; clk          ; clk         ; 1.000        ; 0.266      ; 16.493     ;
; -15.228 ; cpu:cpu0|control_unit:cu0|opcode[2]     ; lcd_controller:lcd_ctl0|linha2[3][3] ; clk          ; clk         ; 1.000        ; 0.266      ; 16.489     ;
; -15.222 ; cpu:cpu0|control_unit:cu0|opcode[0]     ; lcd_controller:lcd_ctl0|linha2[2][3] ; clk          ; clk         ; 1.000        ; 0.265      ; 16.482     ;
; -15.219 ; cpu:cpu0|control_unit:cu0|opcode[0]     ; lcd_controller:lcd_ctl0|linha2[1][0] ; clk          ; clk         ; 1.000        ; 0.265      ; 16.479     ;
; -15.217 ; cpu:cpu0|control_unit:cu0|opcode[0]     ; lcd_controller:lcd_ctl0|linha2[2][1] ; clk          ; clk         ; 1.000        ; 0.265      ; 16.477     ;
; -15.190 ; cpu:cpu0|control_unit:cu0|state.EXECUTE ; lcd_controller:lcd_ctl0|linha2[2][0] ; clk          ; clk         ; 1.000        ; 0.269      ; 16.454     ;
; -15.190 ; cpu:cpu0|control_unit:cu0|state.EXECUTE ; lcd_controller:lcd_ctl0|linha2[3][1] ; clk          ; clk         ; 1.000        ; 0.269      ; 16.454     ;
; -15.182 ; cpu:cpu0|control_unit:cu0|state.EXECUTE ; lcd_controller:lcd_ctl0|linha2[3][2] ; clk          ; clk         ; 1.000        ; 0.269      ; 16.446     ;
; -15.178 ; cpu:cpu0|control_unit:cu0|opcode[1]     ; lcd_controller:lcd_ctl0|linha2[2][0] ; clk          ; clk         ; 1.000        ; 0.266      ; 16.439     ;
; -15.178 ; cpu:cpu0|control_unit:cu0|opcode[1]     ; lcd_controller:lcd_ctl0|linha2[3][1] ; clk          ; clk         ; 1.000        ; 0.266      ; 16.439     ;
; -15.178 ; cpu:cpu0|control_unit:cu0|state.EXECUTE ; lcd_controller:lcd_ctl0|linha2[3][3] ; clk          ; clk         ; 1.000        ; 0.269      ; 16.442     ;
; -15.170 ; cpu:cpu0|control_unit:cu0|opcode[1]     ; lcd_controller:lcd_ctl0|linha2[3][2] ; clk          ; clk         ; 1.000        ; 0.266      ; 16.431     ;
; -15.166 ; cpu:cpu0|control_unit:cu0|opcode[1]     ; lcd_controller:lcd_ctl0|linha2[3][3] ; clk          ; clk         ; 1.000        ; 0.266      ; 16.427     ;
; -15.131 ; cpu:cpu0|control_unit:cu0|opcode[2]     ; lcd_controller:lcd_ctl0|linha2[1][3] ; clk          ; clk         ; 1.000        ; 0.262      ; 16.388     ;
; -15.129 ; cpu:cpu0|control_unit:cu0|opcode[2]     ; lcd_controller:lcd_ctl0|linha2[1][2] ; clk          ; clk         ; 1.000        ; 0.262      ; 16.386     ;
; -15.128 ; cpu:cpu0|control_unit:cu0|opcode[2]     ; lcd_controller:lcd_ctl0|linha2[1][1] ; clk          ; clk         ; 1.000        ; 0.262      ; 16.385     ;
; -15.122 ; cpu:cpu0|control_unit:cu0|opcode[2]     ; lcd_controller:lcd_ctl0|linha2[2][2] ; clk          ; clk         ; 1.000        ; 0.265      ; 16.382     ;
; -15.111 ; cpu:cpu0|control_unit:cu0|opcode[2]     ; lcd_controller:lcd_ctl0|linha2[2][3] ; clk          ; clk         ; 1.000        ; 0.265      ; 16.371     ;
; -15.108 ; cpu:cpu0|control_unit:cu0|opcode[2]     ; lcd_controller:lcd_ctl0|linha2[1][0] ; clk          ; clk         ; 1.000        ; 0.265      ; 16.368     ;
; -15.106 ; cpu:cpu0|control_unit:cu0|opcode[2]     ; lcd_controller:lcd_ctl0|linha2[2][1] ; clk          ; clk         ; 1.000        ; 0.265      ; 16.366     ;
; -15.088 ; cpu:cpu0|control_unit:cu0|opcode[0]     ; lcd_controller:lcd_ctl0|linha2[4][2] ; clk          ; clk         ; 1.000        ; 0.268      ; 16.351     ;
; -15.085 ; cpu:cpu0|control_unit:cu0|opcode[0]     ; lcd_controller:lcd_ctl0|linha2[3][0] ; clk          ; clk         ; 1.000        ; 0.268      ; 16.348     ;
; -15.085 ; cpu:cpu0|control_unit:cu0|opcode[0]     ; lcd_controller:lcd_ctl0|linha2[4][3] ; clk          ; clk         ; 1.000        ; 0.268      ; 16.348     ;
; -15.081 ; cpu:cpu0|control_unit:cu0|state.EXECUTE ; lcd_controller:lcd_ctl0|linha2[1][3] ; clk          ; clk         ; 1.000        ; 0.265      ; 16.341     ;
; -15.079 ; cpu:cpu0|control_unit:cu0|state.EXECUTE ; lcd_controller:lcd_ctl0|linha2[1][2] ; clk          ; clk         ; 1.000        ; 0.265      ; 16.339     ;
; -15.078 ; cpu:cpu0|control_unit:cu0|state.EXECUTE ; lcd_controller:lcd_ctl0|linha2[1][1] ; clk          ; clk         ; 1.000        ; 0.265      ; 16.338     ;
; -15.072 ; cpu:cpu0|control_unit:cu0|state.EXECUTE ; lcd_controller:lcd_ctl0|linha2[2][2] ; clk          ; clk         ; 1.000        ; 0.268      ; 16.335     ;
; -15.069 ; cpu:cpu0|control_unit:cu0|opcode[1]     ; lcd_controller:lcd_ctl0|linha2[1][3] ; clk          ; clk         ; 1.000        ; 0.262      ; 16.326     ;
; -15.067 ; cpu:cpu0|control_unit:cu0|opcode[0]     ; lcd_controller:lcd_ctl0|linha2[4][1] ; clk          ; clk         ; 1.000        ; 0.268      ; 16.330     ;
; -15.067 ; cpu:cpu0|control_unit:cu0|opcode[1]     ; lcd_controller:lcd_ctl0|linha2[1][2] ; clk          ; clk         ; 1.000        ; 0.262      ; 16.324     ;
; -15.066 ; cpu:cpu0|control_unit:cu0|opcode[1]     ; lcd_controller:lcd_ctl0|linha2[1][1] ; clk          ; clk         ; 1.000        ; 0.262      ; 16.323     ;
; -15.061 ; cpu:cpu0|control_unit:cu0|state.EXECUTE ; lcd_controller:lcd_ctl0|linha2[2][3] ; clk          ; clk         ; 1.000        ; 0.268      ; 16.324     ;
; -15.060 ; cpu:cpu0|control_unit:cu0|opcode[1]     ; lcd_controller:lcd_ctl0|linha2[2][2] ; clk          ; clk         ; 1.000        ; 0.265      ; 16.320     ;
; -15.058 ; cpu:cpu0|control_unit:cu0|state.EXECUTE ; lcd_controller:lcd_ctl0|linha2[1][0] ; clk          ; clk         ; 1.000        ; 0.268      ; 16.321     ;
; -15.056 ; cpu:cpu0|control_unit:cu0|state.EXECUTE ; lcd_controller:lcd_ctl0|linha2[2][1] ; clk          ; clk         ; 1.000        ; 0.268      ; 16.319     ;
; -15.049 ; cpu:cpu0|control_unit:cu0|opcode[1]     ; lcd_controller:lcd_ctl0|linha2[2][3] ; clk          ; clk         ; 1.000        ; 0.265      ; 16.309     ;
; -15.046 ; cpu:cpu0|control_unit:cu0|opcode[1]     ; lcd_controller:lcd_ctl0|linha2[1][0] ; clk          ; clk         ; 1.000        ; 0.265      ; 16.306     ;
; -15.044 ; cpu:cpu0|control_unit:cu0|opcode[1]     ; lcd_controller:lcd_ctl0|linha2[2][1] ; clk          ; clk         ; 1.000        ; 0.265      ; 16.304     ;
; -14.977 ; cpu:cpu0|control_unit:cu0|opcode[2]     ; lcd_controller:lcd_ctl0|linha2[4][2] ; clk          ; clk         ; 1.000        ; 0.268      ; 16.240     ;
; -14.974 ; cpu:cpu0|control_unit:cu0|opcode[2]     ; lcd_controller:lcd_ctl0|linha2[3][0] ; clk          ; clk         ; 1.000        ; 0.268      ; 16.237     ;
; -14.974 ; cpu:cpu0|control_unit:cu0|opcode[2]     ; lcd_controller:lcd_ctl0|linha2[4][3] ; clk          ; clk         ; 1.000        ; 0.268      ; 16.237     ;
; -14.956 ; cpu:cpu0|control_unit:cu0|opcode[2]     ; lcd_controller:lcd_ctl0|linha2[4][1] ; clk          ; clk         ; 1.000        ; 0.268      ; 16.219     ;
; -14.927 ; cpu:cpu0|control_unit:cu0|state.EXECUTE ; lcd_controller:lcd_ctl0|linha2[4][2] ; clk          ; clk         ; 1.000        ; 0.271      ; 16.193     ;
; -14.924 ; cpu:cpu0|control_unit:cu0|state.EXECUTE ; lcd_controller:lcd_ctl0|linha2[3][0] ; clk          ; clk         ; 1.000        ; 0.271      ; 16.190     ;
; -14.924 ; cpu:cpu0|control_unit:cu0|state.EXECUTE ; lcd_controller:lcd_ctl0|linha2[4][3] ; clk          ; clk         ; 1.000        ; 0.271      ; 16.190     ;
; -14.915 ; cpu:cpu0|control_unit:cu0|opcode[1]     ; lcd_controller:lcd_ctl0|linha2[4][2] ; clk          ; clk         ; 1.000        ; 0.268      ; 16.178     ;
; -14.912 ; cpu:cpu0|control_unit:cu0|opcode[1]     ; lcd_controller:lcd_ctl0|linha2[3][0] ; clk          ; clk         ; 1.000        ; 0.268      ; 16.175     ;
; -14.912 ; cpu:cpu0|control_unit:cu0|opcode[1]     ; lcd_controller:lcd_ctl0|linha2[4][3] ; clk          ; clk         ; 1.000        ; 0.268      ; 16.175     ;
; -14.906 ; cpu:cpu0|control_unit:cu0|state.EXECUTE ; lcd_controller:lcd_ctl0|linha2[4][1] ; clk          ; clk         ; 1.000        ; 0.271      ; 16.172     ;
; -14.894 ; cpu:cpu0|control_unit:cu0|opcode[1]     ; lcd_controller:lcd_ctl0|linha2[4][1] ; clk          ; clk         ; 1.000        ; 0.268      ; 16.157     ;
; -14.856 ; cpu:cpu0|control_unit:cu0|opcode[0]     ; lcd_controller:lcd_ctl0|linha2[4][0] ; clk          ; clk         ; 1.000        ; 0.268      ; 16.119     ;
; -14.855 ; cpu:cpu0|control_unit:cu0|opcode[0]     ; lcd_controller:lcd_ctl0|linha2[5][1] ; clk          ; clk         ; 1.000        ; 0.268      ; 16.118     ;
; -14.839 ; cpu:cpu0|control_unit:cu0|opcode[0]     ; lcd_controller:lcd_ctl0|linha2[5][2] ; clk          ; clk         ; 1.000        ; 0.268      ; 16.102     ;
; -14.820 ; cpu:cpu0|control_unit:cu0|opcode[0]     ; lcd_controller:lcd_ctl0|linha2[5][3] ; clk          ; clk         ; 1.000        ; 0.268      ; 16.083     ;
; -14.745 ; cpu:cpu0|control_unit:cu0|opcode[2]     ; lcd_controller:lcd_ctl0|linha2[4][0] ; clk          ; clk         ; 1.000        ; 0.268      ; 16.008     ;
; -14.744 ; cpu:cpu0|control_unit:cu0|opcode[2]     ; lcd_controller:lcd_ctl0|linha2[5][1] ; clk          ; clk         ; 1.000        ; 0.268      ; 16.007     ;
; -14.728 ; cpu:cpu0|control_unit:cu0|opcode[2]     ; lcd_controller:lcd_ctl0|linha2[5][2] ; clk          ; clk         ; 1.000        ; 0.268      ; 15.991     ;
; -14.709 ; cpu:cpu0|control_unit:cu0|opcode[2]     ; lcd_controller:lcd_ctl0|linha2[5][3] ; clk          ; clk         ; 1.000        ; 0.268      ; 15.972     ;
; -14.695 ; cpu:cpu0|control_unit:cu0|state.EXECUTE ; lcd_controller:lcd_ctl0|linha2[4][0] ; clk          ; clk         ; 1.000        ; 0.271      ; 15.961     ;
; -14.694 ; cpu:cpu0|control_unit:cu0|state.EXECUTE ; lcd_controller:lcd_ctl0|linha2[5][1] ; clk          ; clk         ; 1.000        ; 0.271      ; 15.960     ;
; -14.683 ; cpu:cpu0|control_unit:cu0|opcode[1]     ; lcd_controller:lcd_ctl0|linha2[4][0] ; clk          ; clk         ; 1.000        ; 0.268      ; 15.946     ;
; -14.682 ; cpu:cpu0|control_unit:cu0|opcode[1]     ; lcd_controller:lcd_ctl0|linha2[5][1] ; clk          ; clk         ; 1.000        ; 0.268      ; 15.945     ;
; -14.681 ; cpu:cpu0|control_unit:cu0|imm[10]       ; lcd_controller:lcd_ctl0|linha2[2][0] ; clk          ; clk         ; 1.000        ; 0.266      ; 15.942     ;
; -14.681 ; cpu:cpu0|control_unit:cu0|imm[10]       ; lcd_controller:lcd_ctl0|linha2[3][1] ; clk          ; clk         ; 1.000        ; 0.266      ; 15.942     ;
; -14.678 ; cpu:cpu0|control_unit:cu0|state.EXECUTE ; lcd_controller:lcd_ctl0|linha2[5][2] ; clk          ; clk         ; 1.000        ; 0.271      ; 15.944     ;
; -14.673 ; cpu:cpu0|control_unit:cu0|imm[10]       ; lcd_controller:lcd_ctl0|linha2[3][2] ; clk          ; clk         ; 1.000        ; 0.266      ; 15.934     ;
; -14.669 ; cpu:cpu0|control_unit:cu0|imm[10]       ; lcd_controller:lcd_ctl0|linha2[3][3] ; clk          ; clk         ; 1.000        ; 0.266      ; 15.930     ;
; -14.666 ; cpu:cpu0|control_unit:cu0|opcode[1]     ; lcd_controller:lcd_ctl0|linha2[5][2] ; clk          ; clk         ; 1.000        ; 0.268      ; 15.929     ;
; -14.659 ; cpu:cpu0|control_unit:cu0|state.EXECUTE ; lcd_controller:lcd_ctl0|linha2[5][3] ; clk          ; clk         ; 1.000        ; 0.271      ; 15.925     ;
; -14.647 ; cpu:cpu0|control_unit:cu0|opcode[1]     ; lcd_controller:lcd_ctl0|linha2[5][3] ; clk          ; clk         ; 1.000        ; 0.268      ; 15.910     ;
; -14.604 ; cpu:cpu0|control_unit:cu0|imm[2]        ; lcd_controller:lcd_ctl0|linha2[2][0] ; clk          ; clk         ; 1.000        ; 0.273      ; 15.872     ;
; -14.604 ; cpu:cpu0|control_unit:cu0|imm[2]        ; lcd_controller:lcd_ctl0|linha2[3][1] ; clk          ; clk         ; 1.000        ; 0.273      ; 15.872     ;
; -14.597 ; cpu:cpu0|control_unit:cu0|imm[1]        ; lcd_controller:lcd_ctl0|linha2[2][0] ; clk          ; clk         ; 1.000        ; 0.273      ; 15.865     ;
; -14.597 ; cpu:cpu0|control_unit:cu0|imm[1]        ; lcd_controller:lcd_ctl0|linha2[3][1] ; clk          ; clk         ; 1.000        ; 0.273      ; 15.865     ;
; -14.596 ; cpu:cpu0|control_unit:cu0|imm[2]        ; lcd_controller:lcd_ctl0|linha2[3][2] ; clk          ; clk         ; 1.000        ; 0.273      ; 15.864     ;
; -14.592 ; cpu:cpu0|control_unit:cu0|imm[2]        ; lcd_controller:lcd_ctl0|linha2[3][3] ; clk          ; clk         ; 1.000        ; 0.273      ; 15.860     ;
; -14.589 ; cpu:cpu0|control_unit:cu0|imm[1]        ; lcd_controller:lcd_ctl0|linha2[3][2] ; clk          ; clk         ; 1.000        ; 0.273      ; 15.857     ;
; -14.585 ; cpu:cpu0|control_unit:cu0|imm[1]        ; lcd_controller:lcd_ctl0|linha2[3][3] ; clk          ; clk         ; 1.000        ; 0.273      ; 15.853     ;
; -14.574 ; cpu:cpu0|control_unit:cu0|imm[4]        ; lcd_controller:lcd_ctl0|linha2[2][0] ; clk          ; clk         ; 1.000        ; 0.269      ; 15.838     ;
; -14.574 ; cpu:cpu0|control_unit:cu0|imm[4]        ; lcd_controller:lcd_ctl0|linha2[3][1] ; clk          ; clk         ; 1.000        ; 0.269      ; 15.838     ;
; -14.572 ; cpu:cpu0|control_unit:cu0|imm[10]       ; lcd_controller:lcd_ctl0|linha2[1][3] ; clk          ; clk         ; 1.000        ; 0.262      ; 15.829     ;
; -14.570 ; cpu:cpu0|control_unit:cu0|imm[10]       ; lcd_controller:lcd_ctl0|linha2[1][2] ; clk          ; clk         ; 1.000        ; 0.262      ; 15.827     ;
; -14.569 ; cpu:cpu0|control_unit:cu0|imm[10]       ; lcd_controller:lcd_ctl0|linha2[1][1] ; clk          ; clk         ; 1.000        ; 0.262      ; 15.826     ;
; -14.566 ; cpu:cpu0|control_unit:cu0|imm[4]        ; lcd_controller:lcd_ctl0|linha2[3][2] ; clk          ; clk         ; 1.000        ; 0.269      ; 15.830     ;
; -14.563 ; cpu:cpu0|control_unit:cu0|imm[10]       ; lcd_controller:lcd_ctl0|linha2[2][2] ; clk          ; clk         ; 1.000        ; 0.265      ; 15.823     ;
; -14.562 ; cpu:cpu0|control_unit:cu0|imm[4]        ; lcd_controller:lcd_ctl0|linha2[3][3] ; clk          ; clk         ; 1.000        ; 0.269      ; 15.826     ;
; -14.552 ; cpu:cpu0|control_unit:cu0|imm[10]       ; lcd_controller:lcd_ctl0|linha2[2][3] ; clk          ; clk         ; 1.000        ; 0.265      ; 15.812     ;
; -14.549 ; cpu:cpu0|control_unit:cu0|imm[10]       ; lcd_controller:lcd_ctl0|linha2[1][0] ; clk          ; clk         ; 1.000        ; 0.265      ; 15.809     ;
; -14.547 ; cpu:cpu0|control_unit:cu0|imm[10]       ; lcd_controller:lcd_ctl0|linha2[2][1] ; clk          ; clk         ; 1.000        ; 0.265      ; 15.807     ;
; -14.495 ; cpu:cpu0|control_unit:cu0|imm[2]        ; lcd_controller:lcd_ctl0|linha2[1][3] ; clk          ; clk         ; 1.000        ; 0.269      ; 15.759     ;
+---------+-----------------------------------------+--------------------------------------+--------------+-------------+--------------+------------+------------+


+-----------------------------------------------------------------------------------------------------------------------------------------------------------------------------------------+
; Slow 1200mV 0C Model Hold: 'clk'                                                                                                                                                        ;
+-------+-----------------------------------------------------+-----------------------------------------------------+--------------+-------------+--------------+------------+------------+
; Slack ; From Node                                           ; To Node                                             ; Launch Clock ; Latch Clock ; Relationship ; Clock Skew ; Data Delay ;
+-------+-----------------------------------------------------+-----------------------------------------------------+--------------+-------------+--------------+------------+------------+
; 0.298 ; lcd_controller:lcd_ctl0|estado_atual.EST_INIT_4     ; lcd_controller:lcd_ctl0|estado_atual.EST_INIT_4     ; clk          ; clk         ; 0.000        ; 0.069      ; 0.511      ;
; 0.298 ; lcd_controller:lcd_ctl0|estado_atual.EST_LINHA1_POS ; lcd_controller:lcd_ctl0|estado_atual.EST_LINHA1_POS ; clk          ; clk         ; 0.000        ; 0.069      ; 0.511      ;
; 0.298 ; lcd_controller:lcd_ctl0|estado_atual.EST_ESCREVE_L1 ; lcd_controller:lcd_ctl0|estado_atual.EST_ESCREVE_L1 ; clk          ; clk         ; 0.000        ; 0.069      ; 0.511      ;
; 0.298 ; lcd_controller:lcd_ctl0|reg_indice[2]               ; lcd_controller:lcd_ctl0|reg_indice[2]               ; clk          ; clk         ; 0.000        ; 0.069      ; 0.511      ;
; 0.298 ; lcd_controller:lcd_ctl0|estado_atual.EST_INIT_1     ; lcd_controller:lcd_ctl0|estado_atual.EST_INIT_1     ; clk          ; clk         ; 0.000        ; 0.069      ; 0.511      ;
; 0.298 ; lcd_controller:lcd_ctl0|estado_atual.EST_ESPERA_CPU ; lcd_controller:lcd_ctl0|estado_atual.EST_ESPERA_CPU ; clk          ; clk         ; 0.000        ; 0.069      ; 0.511      ;
; 0.306 ; lcd_controller:lcd_ctl0|reg_indice[0]               ; lcd_controller:lcd_ctl0|reg_indice[0]               ; clk          ; clk         ; 0.000        ; 0.069      ; 0.519      ;
; 0.310 ; button_handler:btn0|btn_stable                      ; button_handler:btn0|btn_stable                      ; clk          ; clk         ; 0.000        ; 0.057      ; 0.511      ;
; 0.311 ; cpu:cpu0|control_unit:cu0|state.IDLE                ; cpu:cpu0|control_unit:cu0|state.IDLE                ; clk          ; clk         ; 0.000        ; 0.056      ; 0.511      ;
; 0.311 ; lcd_controller:lcd_ctl0|estado_atual.EST_LINHA2_POS ; lcd_controller:lcd_ctl0|estado_atual.EST_LINHA2_POS ; clk          ; clk         ; 0.000        ; 0.056      ; 0.511      ;
; 0.311 ; lcd_controller:lcd_ctl0|estado_atual.EST_ESCREVE_L2 ; lcd_controller:lcd_ctl0|estado_atual.EST_ESCREVE_L2 ; clk          ; clk         ; 0.000        ; 0.056      ; 0.511      ;
; 0.311 ; lcd_controller:lcd_ctl0|reg_indice[1]               ; lcd_controller:lcd_ctl0|reg_indice[1]               ; clk          ; clk         ; 0.000        ; 0.056      ; 0.511      ;
; 0.311 ; lcd_controller:lcd_ctl0|reg_indice[3]               ; lcd_controller:lcd_ctl0|reg_indice[3]               ; clk          ; clk         ; 0.000        ; 0.056      ; 0.511      ;
; 0.311 ; button_handler:btn1|btn_stable                      ; button_handler:btn1|btn_stable                      ; clk          ; clk         ; 0.000        ; 0.056      ; 0.511      ;
; 0.312 ; lcd_controller:lcd_ctl0|estado_atual.EST_INIT_2     ; lcd_controller:lcd_ctl0|estado_atual.EST_INIT_2     ; clk          ; clk         ; 0.000        ; 0.055      ; 0.511      ;
; 0.312 ; cpu:cpu0|control_unit:cu0|state.OFF                 ; cpu:cpu0|control_unit:cu0|state.OFF                 ; clk          ; clk         ; 0.000        ; 0.055      ; 0.511      ;
; 0.350 ; button_handler:btn0|btn_stable                      ; button_handler:btn0|pulse_out                       ; clk          ; clk         ; 0.000        ; 0.057      ; 0.551      ;
; 0.350 ; button_handler:btn0|btn_stable                      ; button_handler:btn0|btn_stable_prev                 ; clk          ; clk         ; 0.000        ; 0.057      ; 0.551      ;
; 0.353 ; lcd_controller:lcd_ctl0|cnt_espera[16]              ; lcd_controller:lcd_ctl0|cnt_espera[16]              ; clk          ; clk         ; 0.000        ; 0.056      ; 0.553      ;
; 0.421 ; button_handler:btn0|btn_stable_prev                 ; button_handler:btn0|pulse_out                       ; clk          ; clk         ; 0.000        ; 0.057      ; 0.622      ;
; 0.432 ; cpu:cpu0|control_unit:cu0|state.IDLE                ; cpu:cpu0|control_unit:cu0|state.FETCH               ; clk          ; clk         ; 0.000        ; 0.056      ; 0.632      ;
; 0.444 ; button_handler:btn1|btn_stable                      ; button_handler:btn1|pulse_out                       ; clk          ; clk         ; 0.000        ; 0.056      ; 0.644      ;
; 0.452 ; lcd_controller:lcd_ctl0|reg_indice[1]               ; lcd_controller:lcd_ctl0|reg_indice[2]               ; clk          ; clk         ; 0.000        ; 0.393      ; 0.989      ;
; 0.460 ; lcd_controller:lcd_ctl0|estado_atual.EST_INIT_3     ; lcd_controller:lcd_ctl0|estado_atual.EST_INIT_4     ; clk          ; clk         ; 0.000        ; 0.069      ; 0.673      ;
; 0.464 ; button_handler:btn0|sync_0                          ; button_handler:btn0|sync_1                          ; clk          ; clk         ; 0.000        ; 0.057      ; 0.665      ;
; 0.466 ; button_handler:btn1|sync_0                          ; button_handler:btn1|sync_1                          ; clk          ; clk         ; 0.000        ; 0.056      ; 0.666      ;
; 0.474 ; lcd_controller:lcd_ctl0|cnt_espera[16]              ; lcd_controller:lcd_ctl0|estado_atual.EST_LINHA1_POS ; clk          ; clk         ; 0.000        ; 0.394      ; 1.012      ;
; 0.478 ; button_handler:btn1|btn_stable                      ; button_handler:btn1|btn_stable_prev                 ; clk          ; clk         ; 0.000        ; 0.056      ; 0.678      ;
; 0.487 ; cpu:cpu0|control_unit:cu0|instruction[2]            ; cpu:cpu0|control_unit:cu0|instruction[2]            ; clk          ; clk         ; 0.000        ; 0.056      ; 0.687      ;
; 0.489 ; cpu:cpu0|control_unit:cu0|imm[1]                    ; cpu:cpu0|control_unit:cu0|imm[1]                    ; clk          ; clk         ; 0.000        ; 0.055      ; 0.688      ;
; 0.489 ; cpu:cpu0|control_unit:cu0|instruction[9]            ; cpu:cpu0|control_unit:cu0|instruction[9]            ; clk          ; clk         ; 0.000        ; 0.056      ; 0.689      ;
; 0.489 ; cpu:cpu0|control_unit:cu0|instruction[16]           ; cpu:cpu0|control_unit:cu0|instruction[16]           ; clk          ; clk         ; 0.000        ; 0.056      ; 0.689      ;
; 0.489 ; lcd_controller:lcd_ctl0|cnt_espera[16]              ; lcd_controller:lcd_ctl0|estado_atual.EST_ESCREVE_L1 ; clk          ; clk         ; 0.000        ; 0.394      ; 1.027      ;
; 0.491 ; lcd_controller:lcd_ctl0|cnt_espera[7]               ; lcd_controller:lcd_ctl0|cnt_espera[7]               ; clk          ; clk         ; 0.000        ; 0.069      ; 0.704      ;
; 0.493 ; cpu:cpu0|control_unit:cu0|dst[3]                    ; cpu:cpu0|control_unit:cu0|dst[3]                    ; clk          ; clk         ; 0.000        ; 0.056      ; 0.693      ;
; 0.493 ; cpu:cpu0|control_unit:cu0|instruction[8]            ; cpu:cpu0|control_unit:cu0|instruction[8]            ; clk          ; clk         ; 0.000        ; 0.056      ; 0.693      ;
; 0.493 ; cpu:cpu0|control_unit:cu0|instruction[7]            ; cpu:cpu0|control_unit:cu0|instruction[7]            ; clk          ; clk         ; 0.000        ; 0.056      ; 0.693      ;
; 0.493 ; lcd_controller:lcd_ctl0|cnt_espera[5]               ; lcd_controller:lcd_ctl0|cnt_espera[5]               ; clk          ; clk         ; 0.000        ; 0.069      ; 0.706      ;
; 0.494 ; cpu:cpu0|control_unit:cu0|dst[0]                    ; cpu:cpu0|control_unit:cu0|dst[0]                    ; clk          ; clk         ; 0.000        ; 0.056      ; 0.694      ;
; 0.494 ; cpu:cpu0|control_unit:cu0|dst[1]                    ; cpu:cpu0|control_unit:cu0|dst[1]                    ; clk          ; clk         ; 0.000        ; 0.056      ; 0.694      ;
; 0.494 ; button_handler:btn1|sync_1                          ; button_handler:btn1|btn_stable                      ; clk          ; clk         ; 0.000        ; 0.056      ; 0.694      ;
; 0.495 ; cpu:cpu0|control_unit:cu0|src1[3]                   ; cpu:cpu0|control_unit:cu0|src1[3]                   ; clk          ; clk         ; 0.000        ; 0.056      ; 0.695      ;
; 0.495 ; cpu:cpu0|control_unit:cu0|instruction[10]           ; cpu:cpu0|control_unit:cu0|instruction[10]           ; clk          ; clk         ; 0.000        ; 0.056      ; 0.695      ;
; 0.495 ; button_handler:btn0|sync_1                          ; button_handler:btn0|btn_stable                      ; clk          ; clk         ; 0.000        ; 0.057      ; 0.696      ;
; 0.496 ; lcd_controller:lcd_ctl0|cnt_espera[1]               ; lcd_controller:lcd_ctl0|cnt_espera[1]               ; clk          ; clk         ; 0.000        ; 0.069      ; 0.709      ;
; 0.496 ; lcd_controller:lcd_ctl0|cnt_espera[6]               ; lcd_controller:lcd_ctl0|cnt_espera[6]               ; clk          ; clk         ; 0.000        ; 0.069      ; 0.709      ;
; 0.499 ; lcd_controller:lcd_ctl0|cnt_espera[11]              ; lcd_controller:lcd_ctl0|cnt_espera[11]              ; clk          ; clk         ; 0.000        ; 0.056      ; 0.699      ;
; 0.500 ; cpu:cpu0|control_unit:cu0|instruction[13]           ; cpu:cpu0|control_unit:cu0|instruction[13]           ; clk          ; clk         ; 0.000        ; 0.056      ; 0.700      ;
; 0.500 ; lcd_controller:lcd_ctl0|cnt_espera[4]               ; lcd_controller:lcd_ctl0|cnt_espera[4]               ; clk          ; clk         ; 0.000        ; 0.069      ; 0.713      ;
; 0.500 ; lcd_controller:lcd_ctl0|cnt_espera[13]              ; lcd_controller:lcd_ctl0|cnt_espera[13]              ; clk          ; clk         ; 0.000        ; 0.056      ; 0.700      ;
; 0.501 ; lcd_controller:lcd_ctl0|cnt_espera[2]               ; lcd_controller:lcd_ctl0|cnt_espera[2]               ; clk          ; clk         ; 0.000        ; 0.069      ; 0.714      ;
; 0.502 ; lcd_controller:lcd_ctl0|cnt_espera[10]              ; lcd_controller:lcd_ctl0|cnt_espera[10]              ; clk          ; clk         ; 0.000        ; 0.056      ; 0.702      ;
; 0.504 ; lcd_controller:lcd_ctl0|cnt_espera[12]              ; lcd_controller:lcd_ctl0|cnt_espera[12]              ; clk          ; clk         ; 0.000        ; 0.056      ; 0.704      ;
; 0.506 ; cpu:cpu0|control_unit:cu0|src1[2]                   ; cpu:cpu0|control_unit:cu0|src1[2]                   ; clk          ; clk         ; 0.000        ; 0.056      ; 0.706      ;
; 0.509 ; cpu:cpu0|control_unit:cu0|src1[0]                   ; cpu:cpu0|control_unit:cu0|src1[0]                   ; clk          ; clk         ; 0.000        ; 0.056      ; 0.709      ;
; 0.509 ; lcd_controller:lcd_ctl0|cnt_espera[3]               ; lcd_controller:lcd_ctl0|cnt_espera[3]               ; clk          ; clk         ; 0.000        ; 0.069      ; 0.722      ;
; 0.509 ; button_handler:btn0|counter[3]                      ; button_handler:btn0|counter[3]                      ; clk          ; clk         ; 0.000        ; 0.056      ; 0.709      ;
; 0.509 ; button_handler:btn0|counter[13]                     ; button_handler:btn0|counter[13]                     ; clk          ; clk         ; 0.000        ; 0.056      ; 0.709      ;
; 0.509 ; button_handler:btn0|counter[15]                     ; button_handler:btn0|counter[15]                     ; clk          ; clk         ; 0.000        ; 0.056      ; 0.709      ;
; 0.509 ; button_handler:btn1|counter[3]                      ; button_handler:btn1|counter[3]                      ; clk          ; clk         ; 0.000        ; 0.056      ; 0.709      ;
; 0.509 ; button_handler:btn1|counter[13]                     ; button_handler:btn1|counter[13]                     ; clk          ; clk         ; 0.000        ; 0.056      ; 0.709      ;
; 0.509 ; button_handler:btn1|counter[15]                     ; button_handler:btn1|counter[15]                     ; clk          ; clk         ; 0.000        ; 0.056      ; 0.709      ;
; 0.510 ; cpu:cpu0|control_unit:cu0|imm[4]                    ; cpu:cpu0|control_unit:cu0|imm[4]                    ; clk          ; clk         ; 0.000        ; 0.056      ; 0.710      ;
; 0.510 ; cpu:cpu0|control_unit:cu0|src0[0]                   ; cpu:cpu0|control_unit:cu0|src0[0]                   ; clk          ; clk         ; 0.000        ; 0.056      ; 0.710      ;
; 0.510 ; button_handler:btn0|counter[5]                      ; button_handler:btn0|counter[5]                      ; clk          ; clk         ; 0.000        ; 0.056      ; 0.710      ;
; 0.510 ; button_handler:btn0|counter[11]                     ; button_handler:btn0|counter[11]                     ; clk          ; clk         ; 0.000        ; 0.056      ; 0.710      ;
; 0.510 ; button_handler:btn0|counter[19]                     ; button_handler:btn0|counter[19]                     ; clk          ; clk         ; 0.000        ; 0.056      ; 0.710      ;
; 0.510 ; button_handler:btn0|counter[29]                     ; button_handler:btn0|counter[29]                     ; clk          ; clk         ; 0.000        ; 0.056      ; 0.710      ;
; 0.510 ; button_handler:btn1|counter[5]                      ; button_handler:btn1|counter[5]                      ; clk          ; clk         ; 0.000        ; 0.056      ; 0.710      ;
; 0.510 ; button_handler:btn1|counter[11]                     ; button_handler:btn1|counter[11]                     ; clk          ; clk         ; 0.000        ; 0.056      ; 0.710      ;
; 0.510 ; button_handler:btn1|counter[19]                     ; button_handler:btn1|counter[19]                     ; clk          ; clk         ; 0.000        ; 0.056      ; 0.710      ;
; 0.510 ; button_handler:btn1|counter[29]                     ; button_handler:btn1|counter[29]                     ; clk          ; clk         ; 0.000        ; 0.056      ; 0.710      ;
; 0.511 ; button_handler:btn0|counter[1]                      ; button_handler:btn0|counter[1]                      ; clk          ; clk         ; 0.000        ; 0.056      ; 0.711      ;
; 0.511 ; button_handler:btn0|counter[6]                      ; button_handler:btn0|counter[6]                      ; clk          ; clk         ; 0.000        ; 0.056      ; 0.711      ;
; 0.511 ; button_handler:btn0|counter[17]                     ; button_handler:btn0|counter[17]                     ; clk          ; clk         ; 0.000        ; 0.056      ; 0.711      ;
; 0.511 ; button_handler:btn0|counter[21]                     ; button_handler:btn0|counter[21]                     ; clk          ; clk         ; 0.000        ; 0.056      ; 0.711      ;
; 0.511 ; button_handler:btn0|counter[27]                     ; button_handler:btn0|counter[27]                     ; clk          ; clk         ; 0.000        ; 0.056      ; 0.711      ;
; 0.511 ; button_handler:btn0|counter[31]                     ; button_handler:btn0|counter[31]                     ; clk          ; clk         ; 0.000        ; 0.056      ; 0.711      ;
; 0.511 ; button_handler:btn1|counter[1]                      ; button_handler:btn1|counter[1]                      ; clk          ; clk         ; 0.000        ; 0.056      ; 0.711      ;
; 0.511 ; button_handler:btn1|counter[6]                      ; button_handler:btn1|counter[6]                      ; clk          ; clk         ; 0.000        ; 0.056      ; 0.711      ;
; 0.511 ; button_handler:btn1|counter[17]                     ; button_handler:btn1|counter[17]                     ; clk          ; clk         ; 0.000        ; 0.056      ; 0.711      ;
; 0.511 ; button_handler:btn1|counter[21]                     ; button_handler:btn1|counter[21]                     ; clk          ; clk         ; 0.000        ; 0.056      ; 0.711      ;
; 0.511 ; button_handler:btn1|counter[27]                     ; button_handler:btn1|counter[27]                     ; clk          ; clk         ; 0.000        ; 0.056      ; 0.711      ;
; 0.511 ; button_handler:btn1|counter[31]                     ; button_handler:btn1|counter[31]                     ; clk          ; clk         ; 0.000        ; 0.056      ; 0.711      ;
; 0.512 ; cpu:cpu0|control_unit:cu0|src0[2]                   ; cpu:cpu0|control_unit:cu0|src0[2]                   ; clk          ; clk         ; 0.000        ; 0.056      ; 0.712      ;
; 0.512 ; button_handler:btn0|counter[22]                     ; button_handler:btn0|counter[22]                     ; clk          ; clk         ; 0.000        ; 0.056      ; 0.712      ;
; 0.512 ; button_handler:btn1|counter[22]                     ; button_handler:btn1|counter[22]                     ; clk          ; clk         ; 0.000        ; 0.056      ; 0.712      ;
; 0.513 ; button_handler:btn0|counter[2]                      ; button_handler:btn0|counter[2]                      ; clk          ; clk         ; 0.000        ; 0.056      ; 0.713      ;
; 0.513 ; button_handler:btn0|counter[7]                      ; button_handler:btn0|counter[7]                      ; clk          ; clk         ; 0.000        ; 0.056      ; 0.713      ;
; 0.513 ; button_handler:btn0|counter[9]                      ; button_handler:btn0|counter[9]                      ; clk          ; clk         ; 0.000        ; 0.056      ; 0.713      ;
; 0.513 ; button_handler:btn0|counter[14]                     ; button_handler:btn0|counter[14]                     ; clk          ; clk         ; 0.000        ; 0.056      ; 0.713      ;
; 0.513 ; button_handler:btn0|counter[16]                     ; button_handler:btn0|counter[16]                     ; clk          ; clk         ; 0.000        ; 0.056      ; 0.713      ;
; 0.513 ; button_handler:btn1|counter[2]                      ; button_handler:btn1|counter[2]                      ; clk          ; clk         ; 0.000        ; 0.056      ; 0.713      ;
; 0.513 ; button_handler:btn1|counter[7]                      ; button_handler:btn1|counter[7]                      ; clk          ; clk         ; 0.000        ; 0.056      ; 0.713      ;
; 0.513 ; button_handler:btn1|counter[9]                      ; button_handler:btn1|counter[9]                      ; clk          ; clk         ; 0.000        ; 0.056      ; 0.713      ;
; 0.513 ; button_handler:btn1|counter[14]                     ; button_handler:btn1|counter[14]                     ; clk          ; clk         ; 0.000        ; 0.056      ; 0.713      ;
; 0.513 ; button_handler:btn1|counter[16]                     ; button_handler:btn1|counter[16]                     ; clk          ; clk         ; 0.000        ; 0.056      ; 0.713      ;
; 0.514 ; button_handler:btn0|counter[25]                     ; button_handler:btn0|counter[25]                     ; clk          ; clk         ; 0.000        ; 0.056      ; 0.714      ;
; 0.514 ; button_handler:btn0|counter[4]                      ; button_handler:btn0|counter[4]                      ; clk          ; clk         ; 0.000        ; 0.056      ; 0.714      ;
; 0.514 ; button_handler:btn0|counter[12]                     ; button_handler:btn0|counter[12]                     ; clk          ; clk         ; 0.000        ; 0.056      ; 0.714      ;
+-------+-----------------------------------------------------+-----------------------------------------------------+--------------+-------------+--------------+------------+------------+


+--------------------------------------------------------------------------------------------------------------------------------------------------------------------------+
; Slow 1200mV 0C Model Recovery: 'clk'                                                                                                                                     ;
+--------+-------------------------------------+-----------------------------------------------------+--------------+-------------+--------------+------------+------------+
; Slack  ; From Node                           ; To Node                                             ; Launch Clock ; Latch Clock ; Relationship ; Clock Skew ; Data Delay ;
+--------+-------------------------------------+-----------------------------------------------------+--------------+-------------+--------------+------------+------------+
; -0.800 ; cpu:cpu0|control_unit:cu0|state.OFF ; lcd_controller:lcd_ctl0|linha1[0][3]                ; clk          ; clk         ; 1.000        ; -0.050     ; 1.745      ;
; -0.800 ; cpu:cpu0|control_unit:cu0|state.OFF ; lcd_controller:lcd_ctl0|linha1[1][3]                ; clk          ; clk         ; 1.000        ; -0.050     ; 1.745      ;
; -0.800 ; cpu:cpu0|control_unit:cu0|state.OFF ; lcd_controller:lcd_ctl0|linha1[3][3]                ; clk          ; clk         ; 1.000        ; -0.050     ; 1.745      ;
; -0.800 ; cpu:cpu0|control_unit:cu0|state.OFF ; lcd_controller:lcd_ctl0|linha1[0][4]                ; clk          ; clk         ; 1.000        ; -0.050     ; 1.745      ;
; -0.800 ; cpu:cpu0|control_unit:cu0|state.OFF ; lcd_controller:lcd_ctl0|linha1[2][3]                ; clk          ; clk         ; 1.000        ; -0.050     ; 1.745      ;
; -0.800 ; cpu:cpu0|control_unit:cu0|state.OFF ; lcd_controller:lcd_ctl0|linha1[1][2]                ; clk          ; clk         ; 1.000        ; -0.050     ; 1.745      ;
; -0.743 ; cpu:cpu0|control_unit:cu0|state.OFF ; lcd_controller:lcd_ctl0|reg_indice[1]               ; clk          ; clk         ; 1.000        ; -0.055     ; 1.683      ;
; -0.743 ; cpu:cpu0|control_unit:cu0|state.OFF ; lcd_controller:lcd_ctl0|reg_indice[3]               ; clk          ; clk         ; 1.000        ; -0.055     ; 1.683      ;
; -0.576 ; cpu:cpu0|control_unit:cu0|state.OFF ; lcd_controller:lcd_ctl0|linha1[9][0]                ; clk          ; clk         ; 1.000        ; -0.044     ; 1.527      ;
; -0.447 ; cpu:cpu0|control_unit:cu0|state.OFF ; lcd_controller:lcd_ctl0|linha2[0][2]                ; clk          ; clk         ; 1.000        ; 0.268      ; 1.710      ;
; -0.442 ; cpu:cpu0|control_unit:cu0|state.OFF ; lcd_controller:lcd_ctl0|cnt_espera[0]               ; clk          ; clk         ; 1.000        ; 0.271      ; 1.708      ;
; -0.442 ; cpu:cpu0|control_unit:cu0|state.OFF ; lcd_controller:lcd_ctl0|cnt_espera[1]               ; clk          ; clk         ; 1.000        ; 0.271      ; 1.708      ;
; -0.442 ; cpu:cpu0|control_unit:cu0|state.OFF ; lcd_controller:lcd_ctl0|cnt_espera[2]               ; clk          ; clk         ; 1.000        ; 0.271      ; 1.708      ;
; -0.442 ; cpu:cpu0|control_unit:cu0|state.OFF ; lcd_controller:lcd_ctl0|cnt_espera[3]               ; clk          ; clk         ; 1.000        ; 0.271      ; 1.708      ;
; -0.442 ; cpu:cpu0|control_unit:cu0|state.OFF ; lcd_controller:lcd_ctl0|cnt_espera[4]               ; clk          ; clk         ; 1.000        ; 0.271      ; 1.708      ;
; -0.442 ; cpu:cpu0|control_unit:cu0|state.OFF ; lcd_controller:lcd_ctl0|cnt_espera[5]               ; clk          ; clk         ; 1.000        ; 0.271      ; 1.708      ;
; -0.442 ; cpu:cpu0|control_unit:cu0|state.OFF ; lcd_controller:lcd_ctl0|cnt_espera[6]               ; clk          ; clk         ; 1.000        ; 0.271      ; 1.708      ;
; -0.442 ; cpu:cpu0|control_unit:cu0|state.OFF ; lcd_controller:lcd_ctl0|cnt_espera[7]               ; clk          ; clk         ; 1.000        ; 0.271      ; 1.708      ;
; -0.440 ; cpu:cpu0|control_unit:cu0|state.OFF ; lcd_controller:lcd_ctl0|linha2[4][0]                ; clk          ; clk         ; 1.000        ; 0.275      ; 1.710      ;
; -0.440 ; cpu:cpu0|control_unit:cu0|state.OFF ; lcd_controller:lcd_ctl0|linha2[5][1]                ; clk          ; clk         ; 1.000        ; 0.275      ; 1.710      ;
; -0.440 ; cpu:cpu0|control_unit:cu0|state.OFF ; lcd_controller:lcd_ctl0|linha2[5][2]                ; clk          ; clk         ; 1.000        ; 0.275      ; 1.710      ;
; -0.440 ; cpu:cpu0|control_unit:cu0|state.OFF ; lcd_controller:lcd_ctl0|linha2[5][3]                ; clk          ; clk         ; 1.000        ; 0.275      ; 1.710      ;
; -0.440 ; cpu:cpu0|control_unit:cu0|state.OFF ; lcd_controller:lcd_ctl0|linha2[3][0]                ; clk          ; clk         ; 1.000        ; 0.275      ; 1.710      ;
; -0.440 ; cpu:cpu0|control_unit:cu0|state.OFF ; lcd_controller:lcd_ctl0|linha2[4][1]                ; clk          ; clk         ; 1.000        ; 0.275      ; 1.710      ;
; -0.440 ; cpu:cpu0|control_unit:cu0|state.OFF ; lcd_controller:lcd_ctl0|linha2[4][2]                ; clk          ; clk         ; 1.000        ; 0.275      ; 1.710      ;
; -0.440 ; cpu:cpu0|control_unit:cu0|state.OFF ; lcd_controller:lcd_ctl0|linha2[4][3]                ; clk          ; clk         ; 1.000        ; 0.275      ; 1.710      ;
; -0.438 ; cpu:cpu0|control_unit:cu0|state.OFF ; lcd_controller:lcd_ctl0|linha2[5][0]                ; clk          ; clk         ; 1.000        ; 0.266      ; 1.699      ;
; -0.438 ; cpu:cpu0|control_unit:cu0|state.OFF ; lcd_controller:lcd_ctl0|linha1[1][0]                ; clk          ; clk         ; 1.000        ; 0.266      ; 1.699      ;
; -0.419 ; cpu:cpu0|control_unit:cu0|state.OFF ; lcd_controller:lcd_ctl0|reg_indice[2]               ; clk          ; clk         ; 1.000        ; 0.269      ; 1.683      ;
; -0.419 ; cpu:cpu0|control_unit:cu0|state.OFF ; lcd_controller:lcd_ctl0|reg_indice[0]               ; clk          ; clk         ; 1.000        ; 0.269      ; 1.683      ;
; -0.355 ; cpu:cpu0|control_unit:cu0|state.OFF ; lcd_controller:lcd_ctl0|cnt_espera[10]              ; clk          ; clk         ; 1.000        ; -0.048     ; 1.302      ;
; -0.355 ; cpu:cpu0|control_unit:cu0|state.OFF ; lcd_controller:lcd_ctl0|cnt_espera[16]              ; clk          ; clk         ; 1.000        ; -0.048     ; 1.302      ;
; -0.355 ; cpu:cpu0|control_unit:cu0|state.OFF ; lcd_controller:lcd_ctl0|cnt_espera[8]               ; clk          ; clk         ; 1.000        ; -0.048     ; 1.302      ;
; -0.355 ; cpu:cpu0|control_unit:cu0|state.OFF ; lcd_controller:lcd_ctl0|cnt_espera[9]               ; clk          ; clk         ; 1.000        ; -0.048     ; 1.302      ;
; -0.355 ; cpu:cpu0|control_unit:cu0|state.OFF ; lcd_controller:lcd_ctl0|cnt_espera[11]              ; clk          ; clk         ; 1.000        ; -0.048     ; 1.302      ;
; -0.355 ; cpu:cpu0|control_unit:cu0|state.OFF ; lcd_controller:lcd_ctl0|cnt_espera[12]              ; clk          ; clk         ; 1.000        ; -0.048     ; 1.302      ;
; -0.355 ; cpu:cpu0|control_unit:cu0|state.OFF ; lcd_controller:lcd_ctl0|cnt_espera[13]              ; clk          ; clk         ; 1.000        ; -0.048     ; 1.302      ;
; -0.355 ; cpu:cpu0|control_unit:cu0|state.OFF ; lcd_controller:lcd_ctl0|cnt_espera[14]              ; clk          ; clk         ; 1.000        ; -0.048     ; 1.302      ;
; -0.355 ; cpu:cpu0|control_unit:cu0|state.OFF ; lcd_controller:lcd_ctl0|cnt_espera[15]              ; clk          ; clk         ; 1.000        ; -0.048     ; 1.302      ;
; -0.355 ; cpu:cpu0|control_unit:cu0|state.OFF ; lcd_controller:lcd_ctl0|estado_atual.EST_LINHA2_POS ; clk          ; clk         ; 1.000        ; -0.048     ; 1.302      ;
; -0.355 ; cpu:cpu0|control_unit:cu0|state.OFF ; lcd_controller:lcd_ctl0|estado_atual.EST_ESCREVE_L2 ; clk          ; clk         ; 1.000        ; -0.048     ; 1.302      ;
; -0.322 ; cpu:cpu0|control_unit:cu0|state.OFF ; lcd_controller:lcd_ctl0|linha1[0][2]                ; clk          ; clk         ; 1.000        ; 0.270      ; 1.587      ;
; -0.238 ; cpu:cpu0|control_unit:cu0|state.OFF ; lcd_controller:lcd_ctl0|estado_atual.EST_OCIOSO     ; clk          ; clk         ; 1.000        ; 0.277      ; 1.510      ;
; -0.238 ; cpu:cpu0|control_unit:cu0|state.OFF ; lcd_controller:lcd_ctl0|estado_atual.EST_INIT_3     ; clk          ; clk         ; 1.000        ; 0.277      ; 1.510      ;
; -0.238 ; cpu:cpu0|control_unit:cu0|state.OFF ; lcd_controller:lcd_ctl0|estado_atual.EST_INIT_4     ; clk          ; clk         ; 1.000        ; 0.277      ; 1.510      ;
; -0.238 ; cpu:cpu0|control_unit:cu0|state.OFF ; lcd_controller:lcd_ctl0|estado_atual.EST_LINHA1_POS ; clk          ; clk         ; 1.000        ; 0.277      ; 1.510      ;
; -0.238 ; cpu:cpu0|control_unit:cu0|state.OFF ; lcd_controller:lcd_ctl0|estado_atual.EST_ESCREVE_L1 ; clk          ; clk         ; 1.000        ; 0.277      ; 1.510      ;
; -0.238 ; cpu:cpu0|control_unit:cu0|state.OFF ; lcd_controller:lcd_ctl0|estado_atual.EST_ESPERA_CPU ; clk          ; clk         ; 1.000        ; 0.277      ; 1.510      ;
; -0.237 ; cpu:cpu0|control_unit:cu0|state.OFF ; lcd_controller:lcd_ctl0|linha2[0][1]                ; clk          ; clk         ; 1.000        ; 0.272      ; 1.504      ;
; -0.222 ; cpu:cpu0|control_unit:cu0|state.OFF ; lcd_controller:lcd_ctl0|estado_atual.EST_INIT_2     ; clk          ; clk         ; 1.000        ; -0.055     ; 1.162      ;
; -0.218 ; cpu:cpu0|control_unit:cu0|state.OFF ; lcd_controller:lcd_ctl0|linha2[2][0]                ; clk          ; clk         ; 1.000        ; 0.273      ; 1.486      ;
; -0.218 ; cpu:cpu0|control_unit:cu0|state.OFF ; lcd_controller:lcd_ctl0|linha2[3][1]                ; clk          ; clk         ; 1.000        ; 0.273      ; 1.486      ;
; -0.218 ; cpu:cpu0|control_unit:cu0|state.OFF ; lcd_controller:lcd_ctl0|linha2[3][2]                ; clk          ; clk         ; 1.000        ; 0.273      ; 1.486      ;
; -0.218 ; cpu:cpu0|control_unit:cu0|state.OFF ; lcd_controller:lcd_ctl0|linha2[3][3]                ; clk          ; clk         ; 1.000        ; 0.273      ; 1.486      ;
; -0.212 ; cpu:cpu0|control_unit:cu0|state.OFF ; lcd_controller:lcd_ctl0|estado_atual.EST_INIT_1     ; clk          ; clk         ; 1.000        ; 0.271      ; 1.478      ;
; -0.183 ; cpu:cpu0|control_unit:cu0|state.OFF ; lcd_controller:lcd_ctl0|linha1[7][0]                ; clk          ; clk         ; 1.000        ; 0.300      ; 1.478      ;
; -0.183 ; cpu:cpu0|control_unit:cu0|state.OFF ; lcd_controller:lcd_ctl0|linha1[10][0]               ; clk          ; clk         ; 1.000        ; 0.300      ; 1.478      ;
; -0.183 ; cpu:cpu0|control_unit:cu0|state.OFF ; lcd_controller:lcd_ctl0|linha1[8][0]                ; clk          ; clk         ; 1.000        ; 0.300      ; 1.478      ;
; -0.178 ; cpu:cpu0|control_unit:cu0|state.OFF ; lcd_controller:lcd_ctl0|linha2[1][0]                ; clk          ; clk         ; 1.000        ; 0.272      ; 1.445      ;
; -0.178 ; cpu:cpu0|control_unit:cu0|state.OFF ; lcd_controller:lcd_ctl0|linha2[2][1]                ; clk          ; clk         ; 1.000        ; 0.272      ; 1.445      ;
; -0.178 ; cpu:cpu0|control_unit:cu0|state.OFF ; lcd_controller:lcd_ctl0|linha2[2][2]                ; clk          ; clk         ; 1.000        ; 0.272      ; 1.445      ;
; -0.178 ; cpu:cpu0|control_unit:cu0|state.OFF ; lcd_controller:lcd_ctl0|linha2[2][3]                ; clk          ; clk         ; 1.000        ; 0.272      ; 1.445      ;
; -0.172 ; cpu:cpu0|control_unit:cu0|state.OFF ; lcd_controller:lcd_ctl0|linha2[1][1]                ; clk          ; clk         ; 1.000        ; 0.269      ; 1.436      ;
; -0.172 ; cpu:cpu0|control_unit:cu0|state.OFF ; lcd_controller:lcd_ctl0|linha2[1][2]                ; clk          ; clk         ; 1.000        ; 0.269      ; 1.436      ;
; -0.172 ; cpu:cpu0|control_unit:cu0|state.OFF ; lcd_controller:lcd_ctl0|linha2[1][3]                ; clk          ; clk         ; 1.000        ; 0.269      ; 1.436      ;
; -0.172 ; cpu:cpu0|control_unit:cu0|state.OFF ; lcd_controller:lcd_ctl0|linha1[0][0]                ; clk          ; clk         ; 1.000        ; 0.269      ; 1.436      ;
; -0.172 ; cpu:cpu0|control_unit:cu0|state.OFF ; lcd_controller:lcd_ctl0|linha1[2][4]                ; clk          ; clk         ; 1.000        ; 0.269      ; 1.436      ;
; 0.101  ; cpu:cpu0|control_unit:cu0|state.OFF ; lcd_controller:lcd_ctl0|linha1[3][6]                ; clk          ; clk         ; 1.000        ; 0.268      ; 1.162      ;
; 0.101  ; cpu:cpu0|control_unit:cu0|state.OFF ; lcd_controller:lcd_ctl0|linha1[1][4]                ; clk          ; clk         ; 1.000        ; 0.268      ; 1.162      ;
; 0.101  ; cpu:cpu0|control_unit:cu0|state.OFF ; lcd_controller:lcd_ctl0|linha1[2][2]                ; clk          ; clk         ; 1.000        ; 0.268      ; 1.162      ;
; 0.101  ; cpu:cpu0|control_unit:cu0|state.OFF ; lcd_controller:lcd_ctl0|linha1[0][1]                ; clk          ; clk         ; 1.000        ; 0.268      ; 1.162      ;
; 0.101  ; cpu:cpu0|control_unit:cu0|state.OFF ; lcd_controller:lcd_ctl0|linha1[1][1]                ; clk          ; clk         ; 1.000        ; 0.268      ; 1.162      ;
; 0.101  ; cpu:cpu0|control_unit:cu0|state.OFF ; lcd_controller:lcd_ctl0|linha1[9][4]                ; clk          ; clk         ; 1.000        ; 0.268      ; 1.162      ;
+--------+-------------------------------------+-----------------------------------------------------+--------------+-------------+--------------+------------+------------+


+-------------------------------------------------------------------------------------------------------------------------------------------------------------------------+
; Slow 1200mV 0C Model Removal: 'clk'                                                                                                                                     ;
+-------+-------------------------------------+-----------------------------------------------------+--------------+-------------+--------------+------------+------------+
; Slack ; From Node                           ; To Node                                             ; Launch Clock ; Latch Clock ; Relationship ; Clock Skew ; Data Delay ;
+-------+-------------------------------------+-----------------------------------------------------+--------------+-------------+--------------+------------+------------+
; 0.507 ; cpu:cpu0|control_unit:cu0|state.OFF ; lcd_controller:lcd_ctl0|linha1[3][6]                ; clk          ; clk         ; 0.000        ; 0.393      ; 1.044      ;
; 0.507 ; cpu:cpu0|control_unit:cu0|state.OFF ; lcd_controller:lcd_ctl0|linha1[1][4]                ; clk          ; clk         ; 0.000        ; 0.393      ; 1.044      ;
; 0.507 ; cpu:cpu0|control_unit:cu0|state.OFF ; lcd_controller:lcd_ctl0|linha1[2][2]                ; clk          ; clk         ; 0.000        ; 0.393      ; 1.044      ;
; 0.507 ; cpu:cpu0|control_unit:cu0|state.OFF ; lcd_controller:lcd_ctl0|linha1[0][1]                ; clk          ; clk         ; 0.000        ; 0.393      ; 1.044      ;
; 0.507 ; cpu:cpu0|control_unit:cu0|state.OFF ; lcd_controller:lcd_ctl0|linha1[1][1]                ; clk          ; clk         ; 0.000        ; 0.393      ; 1.044      ;
; 0.507 ; cpu:cpu0|control_unit:cu0|state.OFF ; lcd_controller:lcd_ctl0|linha1[9][4]                ; clk          ; clk         ; 0.000        ; 0.393      ; 1.044      ;
; 0.801 ; cpu:cpu0|control_unit:cu0|state.OFF ; lcd_controller:lcd_ctl0|linha1[7][0]                ; clk          ; clk         ; 0.000        ; 0.425      ; 1.370      ;
; 0.801 ; cpu:cpu0|control_unit:cu0|state.OFF ; lcd_controller:lcd_ctl0|linha1[10][0]               ; clk          ; clk         ; 0.000        ; 0.425      ; 1.370      ;
; 0.801 ; cpu:cpu0|control_unit:cu0|state.OFF ; lcd_controller:lcd_ctl0|linha1[8][0]                ; clk          ; clk         ; 0.000        ; 0.425      ; 1.370      ;
; 0.807 ; cpu:cpu0|control_unit:cu0|state.OFF ; lcd_controller:lcd_ctl0|linha2[1][1]                ; clk          ; clk         ; 0.000        ; 0.393      ; 1.344      ;
; 0.807 ; cpu:cpu0|control_unit:cu0|state.OFF ; lcd_controller:lcd_ctl0|linha2[1][2]                ; clk          ; clk         ; 0.000        ; 0.393      ; 1.344      ;
; 0.807 ; cpu:cpu0|control_unit:cu0|state.OFF ; lcd_controller:lcd_ctl0|linha2[1][3]                ; clk          ; clk         ; 0.000        ; 0.393      ; 1.344      ;
; 0.807 ; cpu:cpu0|control_unit:cu0|state.OFF ; lcd_controller:lcd_ctl0|linha1[0][0]                ; clk          ; clk         ; 0.000        ; 0.393      ; 1.344      ;
; 0.807 ; cpu:cpu0|control_unit:cu0|state.OFF ; lcd_controller:lcd_ctl0|linha1[2][4]                ; clk          ; clk         ; 0.000        ; 0.393      ; 1.344      ;
; 0.812 ; cpu:cpu0|control_unit:cu0|state.OFF ; lcd_controller:lcd_ctl0|linha2[1][0]                ; clk          ; clk         ; 0.000        ; 0.397      ; 1.353      ;
; 0.812 ; cpu:cpu0|control_unit:cu0|state.OFF ; lcd_controller:lcd_ctl0|linha2[2][1]                ; clk          ; clk         ; 0.000        ; 0.397      ; 1.353      ;
; 0.812 ; cpu:cpu0|control_unit:cu0|state.OFF ; lcd_controller:lcd_ctl0|linha2[2][2]                ; clk          ; clk         ; 0.000        ; 0.397      ; 1.353      ;
; 0.812 ; cpu:cpu0|control_unit:cu0|state.OFF ; lcd_controller:lcd_ctl0|linha2[2][3]                ; clk          ; clk         ; 0.000        ; 0.397      ; 1.353      ;
; 0.831 ; cpu:cpu0|control_unit:cu0|state.OFF ; lcd_controller:lcd_ctl0|estado_atual.EST_INIT_1     ; clk          ; clk         ; 0.000        ; 0.395      ; 1.370      ;
; 0.845 ; cpu:cpu0|control_unit:cu0|state.OFF ; lcd_controller:lcd_ctl0|estado_atual.EST_INIT_2     ; clk          ; clk         ; 0.000        ; 0.055      ; 1.044      ;
; 0.846 ; cpu:cpu0|control_unit:cu0|state.OFF ; lcd_controller:lcd_ctl0|linha2[2][0]                ; clk          ; clk         ; 0.000        ; 0.398      ; 1.388      ;
; 0.846 ; cpu:cpu0|control_unit:cu0|state.OFF ; lcd_controller:lcd_ctl0|linha2[3][1]                ; clk          ; clk         ; 0.000        ; 0.398      ; 1.388      ;
; 0.846 ; cpu:cpu0|control_unit:cu0|state.OFF ; lcd_controller:lcd_ctl0|linha2[3][2]                ; clk          ; clk         ; 0.000        ; 0.398      ; 1.388      ;
; 0.846 ; cpu:cpu0|control_unit:cu0|state.OFF ; lcd_controller:lcd_ctl0|linha2[3][3]                ; clk          ; clk         ; 0.000        ; 0.398      ; 1.388      ;
; 0.857 ; cpu:cpu0|control_unit:cu0|state.OFF ; lcd_controller:lcd_ctl0|estado_atual.EST_OCIOSO     ; clk          ; clk         ; 0.000        ; 0.401      ; 1.402      ;
; 0.857 ; cpu:cpu0|control_unit:cu0|state.OFF ; lcd_controller:lcd_ctl0|estado_atual.EST_INIT_3     ; clk          ; clk         ; 0.000        ; 0.401      ; 1.402      ;
; 0.857 ; cpu:cpu0|control_unit:cu0|state.OFF ; lcd_controller:lcd_ctl0|estado_atual.EST_INIT_4     ; clk          ; clk         ; 0.000        ; 0.401      ; 1.402      ;
; 0.857 ; cpu:cpu0|control_unit:cu0|state.OFF ; lcd_controller:lcd_ctl0|estado_atual.EST_LINHA1_POS ; clk          ; clk         ; 0.000        ; 0.401      ; 1.402      ;
; 0.857 ; cpu:cpu0|control_unit:cu0|state.OFF ; lcd_controller:lcd_ctl0|estado_atual.EST_ESCREVE_L1 ; clk          ; clk         ; 0.000        ; 0.401      ; 1.402      ;
; 0.857 ; cpu:cpu0|control_unit:cu0|state.OFF ; lcd_controller:lcd_ctl0|estado_atual.EST_ESPERA_CPU ; clk          ; clk         ; 0.000        ; 0.401      ; 1.402      ;
; 0.859 ; cpu:cpu0|control_unit:cu0|state.OFF ; lcd_controller:lcd_ctl0|linha2[0][1]                ; clk          ; clk         ; 0.000        ; 0.396      ; 1.399      ;
; 0.931 ; cpu:cpu0|control_unit:cu0|state.OFF ; lcd_controller:lcd_ctl0|linha1[0][2]                ; clk          ; clk         ; 0.000        ; 0.394      ; 1.469      ;
; 0.981 ; cpu:cpu0|control_unit:cu0|state.OFF ; lcd_controller:lcd_ctl0|cnt_espera[10]              ; clk          ; clk         ; 0.000        ; 0.063      ; 1.188      ;
; 0.981 ; cpu:cpu0|control_unit:cu0|state.OFF ; lcd_controller:lcd_ctl0|cnt_espera[16]              ; clk          ; clk         ; 0.000        ; 0.063      ; 1.188      ;
; 0.981 ; cpu:cpu0|control_unit:cu0|state.OFF ; lcd_controller:lcd_ctl0|cnt_espera[8]               ; clk          ; clk         ; 0.000        ; 0.063      ; 1.188      ;
; 0.981 ; cpu:cpu0|control_unit:cu0|state.OFF ; lcd_controller:lcd_ctl0|cnt_espera[9]               ; clk          ; clk         ; 0.000        ; 0.063      ; 1.188      ;
; 0.981 ; cpu:cpu0|control_unit:cu0|state.OFF ; lcd_controller:lcd_ctl0|cnt_espera[11]              ; clk          ; clk         ; 0.000        ; 0.063      ; 1.188      ;
; 0.981 ; cpu:cpu0|control_unit:cu0|state.OFF ; lcd_controller:lcd_ctl0|cnt_espera[12]              ; clk          ; clk         ; 0.000        ; 0.063      ; 1.188      ;
; 0.981 ; cpu:cpu0|control_unit:cu0|state.OFF ; lcd_controller:lcd_ctl0|cnt_espera[13]              ; clk          ; clk         ; 0.000        ; 0.063      ; 1.188      ;
; 0.981 ; cpu:cpu0|control_unit:cu0|state.OFF ; lcd_controller:lcd_ctl0|cnt_espera[14]              ; clk          ; clk         ; 0.000        ; 0.063      ; 1.188      ;
; 0.981 ; cpu:cpu0|control_unit:cu0|state.OFF ; lcd_controller:lcd_ctl0|cnt_espera[15]              ; clk          ; clk         ; 0.000        ; 0.063      ; 1.188      ;
; 0.981 ; cpu:cpu0|control_unit:cu0|state.OFF ; lcd_controller:lcd_ctl0|estado_atual.EST_LINHA2_POS ; clk          ; clk         ; 0.000        ; 0.063      ; 1.188      ;
; 0.981 ; cpu:cpu0|control_unit:cu0|state.OFF ; lcd_controller:lcd_ctl0|estado_atual.EST_ESCREVE_L2 ; clk          ; clk         ; 0.000        ; 0.063      ; 1.188      ;
; 1.042 ; cpu:cpu0|control_unit:cu0|state.OFF ; lcd_controller:lcd_ctl0|reg_indice[2]               ; clk          ; clk         ; 0.000        ; 0.393      ; 1.579      ;
; 1.042 ; cpu:cpu0|control_unit:cu0|state.OFF ; lcd_controller:lcd_ctl0|reg_indice[0]               ; clk          ; clk         ; 0.000        ; 0.393      ; 1.579      ;
; 1.047 ; cpu:cpu0|control_unit:cu0|state.OFF ; lcd_controller:lcd_ctl0|linha2[5][0]                ; clk          ; clk         ; 0.000        ; 0.391      ; 1.582      ;
; 1.047 ; cpu:cpu0|control_unit:cu0|state.OFF ; lcd_controller:lcd_ctl0|linha1[1][0]                ; clk          ; clk         ; 0.000        ; 0.391      ; 1.582      ;
; 1.058 ; cpu:cpu0|control_unit:cu0|state.OFF ; lcd_controller:lcd_ctl0|linha2[3][0]                ; clk          ; clk         ; 0.000        ; 0.399      ; 1.601      ;
; 1.058 ; cpu:cpu0|control_unit:cu0|state.OFF ; lcd_controller:lcd_ctl0|linha2[4][1]                ; clk          ; clk         ; 0.000        ; 0.399      ; 1.601      ;
; 1.058 ; cpu:cpu0|control_unit:cu0|state.OFF ; lcd_controller:lcd_ctl0|linha2[4][2]                ; clk          ; clk         ; 0.000        ; 0.399      ; 1.601      ;
; 1.058 ; cpu:cpu0|control_unit:cu0|state.OFF ; lcd_controller:lcd_ctl0|linha2[4][3]                ; clk          ; clk         ; 0.000        ; 0.399      ; 1.601      ;
; 1.062 ; cpu:cpu0|control_unit:cu0|state.OFF ; lcd_controller:lcd_ctl0|linha2[4][0]                ; clk          ; clk         ; 0.000        ; 0.400      ; 1.606      ;
; 1.062 ; cpu:cpu0|control_unit:cu0|state.OFF ; lcd_controller:lcd_ctl0|linha2[5][1]                ; clk          ; clk         ; 0.000        ; 0.400      ; 1.606      ;
; 1.062 ; cpu:cpu0|control_unit:cu0|state.OFF ; lcd_controller:lcd_ctl0|linha2[5][2]                ; clk          ; clk         ; 0.000        ; 0.400      ; 1.606      ;
; 1.062 ; cpu:cpu0|control_unit:cu0|state.OFF ; lcd_controller:lcd_ctl0|linha2[5][3]                ; clk          ; clk         ; 0.000        ; 0.400      ; 1.606      ;
; 1.065 ; cpu:cpu0|control_unit:cu0|state.OFF ; lcd_controller:lcd_ctl0|cnt_espera[0]               ; clk          ; clk         ; 0.000        ; 0.395      ; 1.604      ;
; 1.065 ; cpu:cpu0|control_unit:cu0|state.OFF ; lcd_controller:lcd_ctl0|cnt_espera[1]               ; clk          ; clk         ; 0.000        ; 0.395      ; 1.604      ;
; 1.065 ; cpu:cpu0|control_unit:cu0|state.OFF ; lcd_controller:lcd_ctl0|cnt_espera[2]               ; clk          ; clk         ; 0.000        ; 0.395      ; 1.604      ;
; 1.065 ; cpu:cpu0|control_unit:cu0|state.OFF ; lcd_controller:lcd_ctl0|cnt_espera[3]               ; clk          ; clk         ; 0.000        ; 0.395      ; 1.604      ;
; 1.065 ; cpu:cpu0|control_unit:cu0|state.OFF ; lcd_controller:lcd_ctl0|cnt_espera[4]               ; clk          ; clk         ; 0.000        ; 0.395      ; 1.604      ;
; 1.065 ; cpu:cpu0|control_unit:cu0|state.OFF ; lcd_controller:lcd_ctl0|cnt_espera[5]               ; clk          ; clk         ; 0.000        ; 0.395      ; 1.604      ;
; 1.065 ; cpu:cpu0|control_unit:cu0|state.OFF ; lcd_controller:lcd_ctl0|cnt_espera[6]               ; clk          ; clk         ; 0.000        ; 0.395      ; 1.604      ;
; 1.065 ; cpu:cpu0|control_unit:cu0|state.OFF ; lcd_controller:lcd_ctl0|cnt_espera[7]               ; clk          ; clk         ; 0.000        ; 0.395      ; 1.604      ;
; 1.071 ; cpu:cpu0|control_unit:cu0|state.OFF ; lcd_controller:lcd_ctl0|linha2[0][2]                ; clk          ; clk         ; 0.000        ; 0.392      ; 1.607      ;
; 1.198 ; cpu:cpu0|control_unit:cu0|state.OFF ; lcd_controller:lcd_ctl0|linha1[9][0]                ; clk          ; clk         ; 0.000        ; 0.067      ; 1.409      ;
; 1.379 ; cpu:cpu0|control_unit:cu0|state.OFF ; lcd_controller:lcd_ctl0|reg_indice[1]               ; clk          ; clk         ; 0.000        ; 0.056      ; 1.579      ;
; 1.379 ; cpu:cpu0|control_unit:cu0|state.OFF ; lcd_controller:lcd_ctl0|reg_indice[3]               ; clk          ; clk         ; 0.000        ; 0.056      ; 1.579      ;
; 1.421 ; cpu:cpu0|control_unit:cu0|state.OFF ; lcd_controller:lcd_ctl0|linha1[0][3]                ; clk          ; clk         ; 0.000        ; 0.061      ; 1.626      ;
; 1.421 ; cpu:cpu0|control_unit:cu0|state.OFF ; lcd_controller:lcd_ctl0|linha1[1][3]                ; clk          ; clk         ; 0.000        ; 0.061      ; 1.626      ;
; 1.421 ; cpu:cpu0|control_unit:cu0|state.OFF ; lcd_controller:lcd_ctl0|linha1[3][3]                ; clk          ; clk         ; 0.000        ; 0.061      ; 1.626      ;
; 1.421 ; cpu:cpu0|control_unit:cu0|state.OFF ; lcd_controller:lcd_ctl0|linha1[0][4]                ; clk          ; clk         ; 0.000        ; 0.061      ; 1.626      ;
; 1.421 ; cpu:cpu0|control_unit:cu0|state.OFF ; lcd_controller:lcd_ctl0|linha1[2][3]                ; clk          ; clk         ; 0.000        ; 0.061      ; 1.626      ;
; 1.421 ; cpu:cpu0|control_unit:cu0|state.OFF ; lcd_controller:lcd_ctl0|linha1[1][2]                ; clk          ; clk         ; 0.000        ; 0.061      ; 1.626      ;
+-------+-------------------------------------+-----------------------------------------------------+--------------+-------------+--------------+------------+------------+


----------------------------------------------
; Slow 1200mV 0C Model Metastability Summary ;
----------------------------------------------
Design MTBF is not calculated because the design doesn't meet its timing requirements.



+------------------------------------+
; Fast 1200mV 0C Model Setup Summary ;
+-------+--------+-------------------+
; Clock ; Slack  ; End Point TNS     ;
+-------+--------+-------------------+
; clk   ; -9.330 ; -1482.619         ;
+-------+--------+-------------------+


+-----------------------------------+
; Fast 1200mV 0C Model Hold Summary ;
+-------+-------+-------------------+
; Clock ; Slack ; End Point TNS     ;
+-------+-------+-------------------+
; clk   ; 0.179 ; 0.000             ;
+-------+-------+-------------------+


+---------------------------------------+
; Fast 1200mV 0C Model Recovery Summary ;
+-------+--------+----------------------+
; Clock ; Slack  ; End Point TNS        ;
+-------+--------+----------------------+
; clk   ; -0.188 ; -1.449               ;
+-------+--------+----------------------+


+--------------------------------------+
; Fast 1200mV 0C Model Removal Summary ;
+-------+-------+----------------------+
; Clock ; Slack ; End Point TNS        ;
+-------+-------+----------------------+
; clk   ; 0.314 ; 0.000                ;
+-------+-------+----------------------+


+--------------------------------------------------+
; Fast 1200mV 0C Model Minimum Pulse Width Summary ;
+-------+--------+---------------------------------+
; Clock ; Slack  ; End Point TNS                   ;
+-------+--------+---------------------------------+
; clk   ; -3.000 ; -535.955                        ;
+-------+--------+---------------------------------+


+---------------------------------------------------------------------------------------------------------------------------------------------------------------+
; Fast 1200mV 0C Model Setup: 'clk'                                                                                                                             ;
+--------+-----------------------------------------+--------------------------------------+--------------+-------------+--------------+------------+------------+
; Slack  ; From Node                               ; To Node                              ; Launch Clock ; Latch Clock ; Relationship ; Clock Skew ; Data Delay ;
+--------+-----------------------------------------+--------------------------------------+--------------+-------------+--------------+------------+------------+
; -9.330 ; cpu:cpu0|control_unit:cu0|opcode[0]     ; lcd_controller:lcd_ctl0|linha2[3][1] ; clk          ; clk         ; 1.000        ; 0.155      ; 10.472     ;
; -9.328 ; cpu:cpu0|control_unit:cu0|opcode[0]     ; lcd_controller:lcd_ctl0|linha2[2][0] ; clk          ; clk         ; 1.000        ; 0.155      ; 10.470     ;
; -9.320 ; cpu:cpu0|control_unit:cu0|opcode[0]     ; lcd_controller:lcd_ctl0|linha2[3][2] ; clk          ; clk         ; 1.000        ; 0.155      ; 10.462     ;
; -9.317 ; cpu:cpu0|control_unit:cu0|opcode[0]     ; lcd_controller:lcd_ctl0|linha2[3][3] ; clk          ; clk         ; 1.000        ; 0.155      ; 10.459     ;
; -9.304 ; cpu:cpu0|control_unit:cu0|opcode[2]     ; lcd_controller:lcd_ctl0|linha2[3][1] ; clk          ; clk         ; 1.000        ; 0.155      ; 10.446     ;
; -9.302 ; cpu:cpu0|control_unit:cu0|opcode[2]     ; lcd_controller:lcd_ctl0|linha2[2][0] ; clk          ; clk         ; 1.000        ; 0.155      ; 10.444     ;
; -9.294 ; cpu:cpu0|control_unit:cu0|opcode[2]     ; lcd_controller:lcd_ctl0|linha2[3][2] ; clk          ; clk         ; 1.000        ; 0.155      ; 10.436     ;
; -9.291 ; cpu:cpu0|control_unit:cu0|opcode[2]     ; lcd_controller:lcd_ctl0|linha2[3][3] ; clk          ; clk         ; 1.000        ; 0.155      ; 10.433     ;
; -9.280 ; cpu:cpu0|control_unit:cu0|opcode[0]     ; lcd_controller:lcd_ctl0|linha2[2][2] ; clk          ; clk         ; 1.000        ; 0.154      ; 10.421     ;
; -9.277 ; cpu:cpu0|control_unit:cu0|opcode[0]     ; lcd_controller:lcd_ctl0|linha2[1][3] ; clk          ; clk         ; 1.000        ; 0.152      ; 10.416     ;
; -9.274 ; cpu:cpu0|control_unit:cu0|opcode[0]     ; lcd_controller:lcd_ctl0|linha2[2][3] ; clk          ; clk         ; 1.000        ; 0.154      ; 10.415     ;
; -9.274 ; cpu:cpu0|control_unit:cu0|opcode[0]     ; lcd_controller:lcd_ctl0|linha2[1][1] ; clk          ; clk         ; 1.000        ; 0.152      ; 10.413     ;
; -9.274 ; cpu:cpu0|control_unit:cu0|opcode[0]     ; lcd_controller:lcd_ctl0|linha2[1][2] ; clk          ; clk         ; 1.000        ; 0.152      ; 10.413     ;
; -9.271 ; cpu:cpu0|control_unit:cu0|opcode[0]     ; lcd_controller:lcd_ctl0|linha2[1][0] ; clk          ; clk         ; 1.000        ; 0.154      ; 10.412     ;
; -9.269 ; cpu:cpu0|control_unit:cu0|opcode[0]     ; lcd_controller:lcd_ctl0|linha2[2][1] ; clk          ; clk         ; 1.000        ; 0.154      ; 10.410     ;
; -9.266 ; cpu:cpu0|control_unit:cu0|state.EXECUTE ; lcd_controller:lcd_ctl0|linha2[3][1] ; clk          ; clk         ; 1.000        ; 0.157      ; 10.410     ;
; -9.264 ; cpu:cpu0|control_unit:cu0|state.EXECUTE ; lcd_controller:lcd_ctl0|linha2[2][0] ; clk          ; clk         ; 1.000        ; 0.157      ; 10.408     ;
; -9.256 ; cpu:cpu0|control_unit:cu0|state.EXECUTE ; lcd_controller:lcd_ctl0|linha2[3][2] ; clk          ; clk         ; 1.000        ; 0.157      ; 10.400     ;
; -9.254 ; cpu:cpu0|control_unit:cu0|opcode[2]     ; lcd_controller:lcd_ctl0|linha2[2][2] ; clk          ; clk         ; 1.000        ; 0.154      ; 10.395     ;
; -9.253 ; cpu:cpu0|control_unit:cu0|state.EXECUTE ; lcd_controller:lcd_ctl0|linha2[3][3] ; clk          ; clk         ; 1.000        ; 0.157      ; 10.397     ;
; -9.251 ; cpu:cpu0|control_unit:cu0|opcode[2]     ; lcd_controller:lcd_ctl0|linha2[1][3] ; clk          ; clk         ; 1.000        ; 0.152      ; 10.390     ;
; -9.248 ; cpu:cpu0|control_unit:cu0|opcode[2]     ; lcd_controller:lcd_ctl0|linha2[2][3] ; clk          ; clk         ; 1.000        ; 0.154      ; 10.389     ;
; -9.248 ; cpu:cpu0|control_unit:cu0|opcode[2]     ; lcd_controller:lcd_ctl0|linha2[1][1] ; clk          ; clk         ; 1.000        ; 0.152      ; 10.387     ;
; -9.248 ; cpu:cpu0|control_unit:cu0|opcode[2]     ; lcd_controller:lcd_ctl0|linha2[1][2] ; clk          ; clk         ; 1.000        ; 0.152      ; 10.387     ;
; -9.246 ; cpu:cpu0|control_unit:cu0|opcode[1]     ; lcd_controller:lcd_ctl0|linha2[3][1] ; clk          ; clk         ; 1.000        ; 0.155      ; 10.388     ;
; -9.245 ; cpu:cpu0|control_unit:cu0|opcode[2]     ; lcd_controller:lcd_ctl0|linha2[1][0] ; clk          ; clk         ; 1.000        ; 0.154      ; 10.386     ;
; -9.244 ; cpu:cpu0|control_unit:cu0|opcode[1]     ; lcd_controller:lcd_ctl0|linha2[2][0] ; clk          ; clk         ; 1.000        ; 0.155      ; 10.386     ;
; -9.243 ; cpu:cpu0|control_unit:cu0|opcode[2]     ; lcd_controller:lcd_ctl0|linha2[2][1] ; clk          ; clk         ; 1.000        ; 0.154      ; 10.384     ;
; -9.236 ; cpu:cpu0|control_unit:cu0|opcode[1]     ; lcd_controller:lcd_ctl0|linha2[3][2] ; clk          ; clk         ; 1.000        ; 0.155      ; 10.378     ;
; -9.233 ; cpu:cpu0|control_unit:cu0|opcode[1]     ; lcd_controller:lcd_ctl0|linha2[3][3] ; clk          ; clk         ; 1.000        ; 0.155      ; 10.375     ;
; -9.216 ; cpu:cpu0|control_unit:cu0|state.EXECUTE ; lcd_controller:lcd_ctl0|linha2[2][2] ; clk          ; clk         ; 1.000        ; 0.156      ; 10.359     ;
; -9.213 ; cpu:cpu0|control_unit:cu0|state.EXECUTE ; lcd_controller:lcd_ctl0|linha2[1][3] ; clk          ; clk         ; 1.000        ; 0.154      ; 10.354     ;
; -9.210 ; cpu:cpu0|control_unit:cu0|state.EXECUTE ; lcd_controller:lcd_ctl0|linha2[2][3] ; clk          ; clk         ; 1.000        ; 0.156      ; 10.353     ;
; -9.210 ; cpu:cpu0|control_unit:cu0|state.EXECUTE ; lcd_controller:lcd_ctl0|linha2[1][1] ; clk          ; clk         ; 1.000        ; 0.154      ; 10.351     ;
; -9.210 ; cpu:cpu0|control_unit:cu0|state.EXECUTE ; lcd_controller:lcd_ctl0|linha2[1][2] ; clk          ; clk         ; 1.000        ; 0.154      ; 10.351     ;
; -9.207 ; cpu:cpu0|control_unit:cu0|state.EXECUTE ; lcd_controller:lcd_ctl0|linha2[1][0] ; clk          ; clk         ; 1.000        ; 0.156      ; 10.350     ;
; -9.205 ; cpu:cpu0|control_unit:cu0|state.EXECUTE ; lcd_controller:lcd_ctl0|linha2[2][1] ; clk          ; clk         ; 1.000        ; 0.156      ; 10.348     ;
; -9.196 ; cpu:cpu0|control_unit:cu0|opcode[1]     ; lcd_controller:lcd_ctl0|linha2[2][2] ; clk          ; clk         ; 1.000        ; 0.154      ; 10.337     ;
; -9.193 ; cpu:cpu0|control_unit:cu0|opcode[1]     ; lcd_controller:lcd_ctl0|linha2[1][3] ; clk          ; clk         ; 1.000        ; 0.152      ; 10.332     ;
; -9.190 ; cpu:cpu0|control_unit:cu0|opcode[1]     ; lcd_controller:lcd_ctl0|linha2[2][3] ; clk          ; clk         ; 1.000        ; 0.154      ; 10.331     ;
; -9.190 ; cpu:cpu0|control_unit:cu0|opcode[1]     ; lcd_controller:lcd_ctl0|linha2[1][1] ; clk          ; clk         ; 1.000        ; 0.152      ; 10.329     ;
; -9.190 ; cpu:cpu0|control_unit:cu0|opcode[1]     ; lcd_controller:lcd_ctl0|linha2[1][2] ; clk          ; clk         ; 1.000        ; 0.152      ; 10.329     ;
; -9.187 ; cpu:cpu0|control_unit:cu0|opcode[1]     ; lcd_controller:lcd_ctl0|linha2[1][0] ; clk          ; clk         ; 1.000        ; 0.154      ; 10.328     ;
; -9.185 ; cpu:cpu0|control_unit:cu0|opcode[1]     ; lcd_controller:lcd_ctl0|linha2[2][1] ; clk          ; clk         ; 1.000        ; 0.154      ; 10.326     ;
; -9.138 ; cpu:cpu0|control_unit:cu0|opcode[0]     ; lcd_controller:lcd_ctl0|linha2[4][3] ; clk          ; clk         ; 1.000        ; 0.156      ; 10.281     ;
; -9.132 ; cpu:cpu0|control_unit:cu0|opcode[0]     ; lcd_controller:lcd_ctl0|linha2[4][1] ; clk          ; clk         ; 1.000        ; 0.156      ; 10.275     ;
; -9.130 ; cpu:cpu0|control_unit:cu0|opcode[0]     ; lcd_controller:lcd_ctl0|linha2[4][2] ; clk          ; clk         ; 1.000        ; 0.156      ; 10.273     ;
; -9.119 ; cpu:cpu0|control_unit:cu0|opcode[0]     ; lcd_controller:lcd_ctl0|linha2[3][0] ; clk          ; clk         ; 1.000        ; 0.156      ; 10.262     ;
; -9.112 ; cpu:cpu0|control_unit:cu0|opcode[2]     ; lcd_controller:lcd_ctl0|linha2[4][3] ; clk          ; clk         ; 1.000        ; 0.156      ; 10.255     ;
; -9.106 ; cpu:cpu0|control_unit:cu0|opcode[2]     ; lcd_controller:lcd_ctl0|linha2[4][1] ; clk          ; clk         ; 1.000        ; 0.156      ; 10.249     ;
; -9.104 ; cpu:cpu0|control_unit:cu0|opcode[2]     ; lcd_controller:lcd_ctl0|linha2[4][2] ; clk          ; clk         ; 1.000        ; 0.156      ; 10.247     ;
; -9.093 ; cpu:cpu0|control_unit:cu0|opcode[2]     ; lcd_controller:lcd_ctl0|linha2[3][0] ; clk          ; clk         ; 1.000        ; 0.156      ; 10.236     ;
; -9.074 ; cpu:cpu0|control_unit:cu0|state.EXECUTE ; lcd_controller:lcd_ctl0|linha2[4][3] ; clk          ; clk         ; 1.000        ; 0.158      ; 10.219     ;
; -9.068 ; cpu:cpu0|control_unit:cu0|state.EXECUTE ; lcd_controller:lcd_ctl0|linha2[4][1] ; clk          ; clk         ; 1.000        ; 0.158      ; 10.213     ;
; -9.066 ; cpu:cpu0|control_unit:cu0|state.EXECUTE ; lcd_controller:lcd_ctl0|linha2[4][2] ; clk          ; clk         ; 1.000        ; 0.158      ; 10.211     ;
; -9.055 ; cpu:cpu0|control_unit:cu0|state.EXECUTE ; lcd_controller:lcd_ctl0|linha2[3][0] ; clk          ; clk         ; 1.000        ; 0.158      ; 10.200     ;
; -9.054 ; cpu:cpu0|control_unit:cu0|opcode[1]     ; lcd_controller:lcd_ctl0|linha2[4][3] ; clk          ; clk         ; 1.000        ; 0.156      ; 10.197     ;
; -9.048 ; cpu:cpu0|control_unit:cu0|opcode[1]     ; lcd_controller:lcd_ctl0|linha2[4][1] ; clk          ; clk         ; 1.000        ; 0.156      ; 10.191     ;
; -9.046 ; cpu:cpu0|control_unit:cu0|opcode[1]     ; lcd_controller:lcd_ctl0|linha2[4][2] ; clk          ; clk         ; 1.000        ; 0.156      ; 10.189     ;
; -9.035 ; cpu:cpu0|control_unit:cu0|opcode[1]     ; lcd_controller:lcd_ctl0|linha2[3][0] ; clk          ; clk         ; 1.000        ; 0.156      ; 10.178     ;
; -9.025 ; cpu:cpu0|control_unit:cu0|opcode[0]     ; lcd_controller:lcd_ctl0|linha2[5][1] ; clk          ; clk         ; 1.000        ; 0.157      ; 10.169     ;
; -9.021 ; cpu:cpu0|control_unit:cu0|opcode[0]     ; lcd_controller:lcd_ctl0|linha2[4][0] ; clk          ; clk         ; 1.000        ; 0.157      ; 10.165     ;
; -9.011 ; cpu:cpu0|control_unit:cu0|opcode[0]     ; lcd_controller:lcd_ctl0|linha2[5][2] ; clk          ; clk         ; 1.000        ; 0.157      ; 10.155     ;
; -9.003 ; cpu:cpu0|control_unit:cu0|opcode[0]     ; lcd_controller:lcd_ctl0|linha2[5][3] ; clk          ; clk         ; 1.000        ; 0.157      ; 10.147     ;
; -8.999 ; cpu:cpu0|control_unit:cu0|opcode[2]     ; lcd_controller:lcd_ctl0|linha2[5][1] ; clk          ; clk         ; 1.000        ; 0.157      ; 10.143     ;
; -8.995 ; cpu:cpu0|control_unit:cu0|opcode[2]     ; lcd_controller:lcd_ctl0|linha2[4][0] ; clk          ; clk         ; 1.000        ; 0.157      ; 10.139     ;
; -8.985 ; cpu:cpu0|control_unit:cu0|opcode[2]     ; lcd_controller:lcd_ctl0|linha2[5][2] ; clk          ; clk         ; 1.000        ; 0.157      ; 10.129     ;
; -8.977 ; cpu:cpu0|control_unit:cu0|opcode[2]     ; lcd_controller:lcd_ctl0|linha2[5][3] ; clk          ; clk         ; 1.000        ; 0.157      ; 10.121     ;
; -8.961 ; cpu:cpu0|control_unit:cu0|state.EXECUTE ; lcd_controller:lcd_ctl0|linha2[5][1] ; clk          ; clk         ; 1.000        ; 0.159      ; 10.107     ;
; -8.957 ; cpu:cpu0|control_unit:cu0|state.EXECUTE ; lcd_controller:lcd_ctl0|linha2[4][0] ; clk          ; clk         ; 1.000        ; 0.159      ; 10.103     ;
; -8.947 ; cpu:cpu0|control_unit:cu0|state.EXECUTE ; lcd_controller:lcd_ctl0|linha2[5][2] ; clk          ; clk         ; 1.000        ; 0.159      ; 10.093     ;
; -8.945 ; cpu:cpu0|control_unit:cu0|imm[10]       ; lcd_controller:lcd_ctl0|linha2[3][1] ; clk          ; clk         ; 1.000        ; 0.155      ; 10.087     ;
; -8.943 ; cpu:cpu0|control_unit:cu0|imm[10]       ; lcd_controller:lcd_ctl0|linha2[2][0] ; clk          ; clk         ; 1.000        ; 0.155      ; 10.085     ;
; -8.941 ; cpu:cpu0|control_unit:cu0|opcode[1]     ; lcd_controller:lcd_ctl0|linha2[5][1] ; clk          ; clk         ; 1.000        ; 0.157      ; 10.085     ;
; -8.939 ; cpu:cpu0|control_unit:cu0|state.EXECUTE ; lcd_controller:lcd_ctl0|linha2[5][3] ; clk          ; clk         ; 1.000        ; 0.159      ; 10.085     ;
; -8.937 ; cpu:cpu0|control_unit:cu0|opcode[1]     ; lcd_controller:lcd_ctl0|linha2[4][0] ; clk          ; clk         ; 1.000        ; 0.157      ; 10.081     ;
; -8.935 ; cpu:cpu0|control_unit:cu0|imm[10]       ; lcd_controller:lcd_ctl0|linha2[3][2] ; clk          ; clk         ; 1.000        ; 0.155      ; 10.077     ;
; -8.932 ; cpu:cpu0|control_unit:cu0|imm[10]       ; lcd_controller:lcd_ctl0|linha2[3][3] ; clk          ; clk         ; 1.000        ; 0.155      ; 10.074     ;
; -8.927 ; cpu:cpu0|control_unit:cu0|opcode[1]     ; lcd_controller:lcd_ctl0|linha2[5][2] ; clk          ; clk         ; 1.000        ; 0.157      ; 10.071     ;
; -8.919 ; cpu:cpu0|control_unit:cu0|opcode[1]     ; lcd_controller:lcd_ctl0|linha2[5][3] ; clk          ; clk         ; 1.000        ; 0.157      ; 10.063     ;
; -8.898 ; cpu:cpu0|control_unit:cu0|imm[2]        ; lcd_controller:lcd_ctl0|linha2[3][1] ; clk          ; clk         ; 1.000        ; 0.163      ; 10.048     ;
; -8.897 ; cpu:cpu0|control_unit:cu0|imm[1]        ; lcd_controller:lcd_ctl0|linha2[3][1] ; clk          ; clk         ; 1.000        ; 0.163      ; 10.047     ;
; -8.896 ; cpu:cpu0|control_unit:cu0|imm[2]        ; lcd_controller:lcd_ctl0|linha2[2][0] ; clk          ; clk         ; 1.000        ; 0.163      ; 10.046     ;
; -8.895 ; cpu:cpu0|control_unit:cu0|imm[1]        ; lcd_controller:lcd_ctl0|linha2[2][0] ; clk          ; clk         ; 1.000        ; 0.163      ; 10.045     ;
; -8.895 ; cpu:cpu0|control_unit:cu0|imm[10]       ; lcd_controller:lcd_ctl0|linha2[2][2] ; clk          ; clk         ; 1.000        ; 0.154      ; 10.036     ;
; -8.892 ; cpu:cpu0|control_unit:cu0|imm[10]       ; lcd_controller:lcd_ctl0|linha2[1][3] ; clk          ; clk         ; 1.000        ; 0.152      ; 10.031     ;
; -8.889 ; cpu:cpu0|control_unit:cu0|imm[10]       ; lcd_controller:lcd_ctl0|linha2[2][3] ; clk          ; clk         ; 1.000        ; 0.154      ; 10.030     ;
; -8.889 ; cpu:cpu0|control_unit:cu0|imm[10]       ; lcd_controller:lcd_ctl0|linha2[1][1] ; clk          ; clk         ; 1.000        ; 0.152      ; 10.028     ;
; -8.889 ; cpu:cpu0|control_unit:cu0|imm[10]       ; lcd_controller:lcd_ctl0|linha2[1][2] ; clk          ; clk         ; 1.000        ; 0.152      ; 10.028     ;
; -8.888 ; cpu:cpu0|control_unit:cu0|imm[2]        ; lcd_controller:lcd_ctl0|linha2[3][2] ; clk          ; clk         ; 1.000        ; 0.163      ; 10.038     ;
; -8.887 ; cpu:cpu0|control_unit:cu0|imm[1]        ; lcd_controller:lcd_ctl0|linha2[3][2] ; clk          ; clk         ; 1.000        ; 0.163      ; 10.037     ;
; -8.886 ; cpu:cpu0|control_unit:cu0|imm[10]       ; lcd_controller:lcd_ctl0|linha2[1][0] ; clk          ; clk         ; 1.000        ; 0.154      ; 10.027     ;
; -8.885 ; cpu:cpu0|control_unit:cu0|imm[2]        ; lcd_controller:lcd_ctl0|linha2[3][3] ; clk          ; clk         ; 1.000        ; 0.163      ; 10.035     ;
; -8.884 ; cpu:cpu0|control_unit:cu0|imm[1]        ; lcd_controller:lcd_ctl0|linha2[3][3] ; clk          ; clk         ; 1.000        ; 0.163      ; 10.034     ;
; -8.884 ; cpu:cpu0|control_unit:cu0|imm[10]       ; lcd_controller:lcd_ctl0|linha2[2][1] ; clk          ; clk         ; 1.000        ; 0.154      ; 10.025     ;
; -8.882 ; cpu:cpu0|control_unit:cu0|imm[4]        ; lcd_controller:lcd_ctl0|linha2[3][1] ; clk          ; clk         ; 1.000        ; 0.157      ; 10.026     ;
; -8.880 ; cpu:cpu0|control_unit:cu0|imm[4]        ; lcd_controller:lcd_ctl0|linha2[2][0] ; clk          ; clk         ; 1.000        ; 0.157      ; 10.024     ;
; -8.872 ; cpu:cpu0|control_unit:cu0|imm[4]        ; lcd_controller:lcd_ctl0|linha2[3][2] ; clk          ; clk         ; 1.000        ; 0.157      ; 10.016     ;
; -8.869 ; cpu:cpu0|control_unit:cu0|imm[4]        ; lcd_controller:lcd_ctl0|linha2[3][3] ; clk          ; clk         ; 1.000        ; 0.157      ; 10.013     ;
; -8.848 ; cpu:cpu0|control_unit:cu0|imm[2]        ; lcd_controller:lcd_ctl0|linha2[2][2] ; clk          ; clk         ; 1.000        ; 0.162      ; 9.997      ;
+--------+-----------------------------------------+--------------------------------------+--------------+-------------+--------------+------------+------------+


+-----------------------------------------------------------------------------------------------------------------------------------------------------------------------------------------+
; Fast 1200mV 0C Model Hold: 'clk'                                                                                                                                                        ;
+-------+-----------------------------------------------------+-----------------------------------------------------+--------------+-------------+--------------+------------+------------+
; Slack ; From Node                                           ; To Node                                             ; Launch Clock ; Latch Clock ; Relationship ; Clock Skew ; Data Delay ;
+-------+-----------------------------------------------------+-----------------------------------------------------+--------------+-------------+--------------+------------+------------+
; 0.179 ; lcd_controller:lcd_ctl0|estado_atual.EST_INIT_4     ; lcd_controller:lcd_ctl0|estado_atual.EST_INIT_4     ; clk          ; clk         ; 0.000        ; 0.044      ; 0.307      ;
; 0.179 ; lcd_controller:lcd_ctl0|estado_atual.EST_LINHA1_POS ; lcd_controller:lcd_ctl0|estado_atual.EST_LINHA1_POS ; clk          ; clk         ; 0.000        ; 0.044      ; 0.307      ;
; 0.179 ; lcd_controller:lcd_ctl0|estado_atual.EST_ESCREVE_L1 ; lcd_controller:lcd_ctl0|estado_atual.EST_ESCREVE_L1 ; clk          ; clk         ; 0.000        ; 0.044      ; 0.307      ;
; 0.179 ; lcd_controller:lcd_ctl0|reg_indice[2]               ; lcd_controller:lcd_ctl0|reg_indice[2]               ; clk          ; clk         ; 0.000        ; 0.044      ; 0.307      ;
; 0.179 ; lcd_controller:lcd_ctl0|estado_atual.EST_INIT_1     ; lcd_controller:lcd_ctl0|estado_atual.EST_INIT_1     ; clk          ; clk         ; 0.000        ; 0.044      ; 0.307      ;
; 0.179 ; lcd_controller:lcd_ctl0|estado_atual.EST_ESPERA_CPU ; lcd_controller:lcd_ctl0|estado_atual.EST_ESPERA_CPU ; clk          ; clk         ; 0.000        ; 0.044      ; 0.307      ;
; 0.186 ; lcd_controller:lcd_ctl0|reg_indice[0]               ; lcd_controller:lcd_ctl0|reg_indice[0]               ; clk          ; clk         ; 0.000        ; 0.044      ; 0.314      ;
; 0.187 ; cpu:cpu0|control_unit:cu0|state.IDLE                ; cpu:cpu0|control_unit:cu0|state.IDLE                ; clk          ; clk         ; 0.000        ; 0.036      ; 0.307      ;
; 0.187 ; lcd_controller:lcd_ctl0|estado_atual.EST_INIT_2     ; lcd_controller:lcd_ctl0|estado_atual.EST_INIT_2     ; clk          ; clk         ; 0.000        ; 0.036      ; 0.307      ;
; 0.187 ; lcd_controller:lcd_ctl0|estado_atual.EST_LINHA2_POS ; lcd_controller:lcd_ctl0|estado_atual.EST_LINHA2_POS ; clk          ; clk         ; 0.000        ; 0.036      ; 0.307      ;
; 0.187 ; lcd_controller:lcd_ctl0|estado_atual.EST_ESCREVE_L2 ; lcd_controller:lcd_ctl0|estado_atual.EST_ESCREVE_L2 ; clk          ; clk         ; 0.000        ; 0.036      ; 0.307      ;
; 0.187 ; lcd_controller:lcd_ctl0|reg_indice[1]               ; lcd_controller:lcd_ctl0|reg_indice[1]               ; clk          ; clk         ; 0.000        ; 0.036      ; 0.307      ;
; 0.187 ; lcd_controller:lcd_ctl0|reg_indice[3]               ; lcd_controller:lcd_ctl0|reg_indice[3]               ; clk          ; clk         ; 0.000        ; 0.036      ; 0.307      ;
; 0.187 ; cpu:cpu0|control_unit:cu0|state.OFF                 ; cpu:cpu0|control_unit:cu0|state.OFF                 ; clk          ; clk         ; 0.000        ; 0.036      ; 0.307      ;
; 0.187 ; button_handler:btn0|btn_stable                      ; button_handler:btn0|btn_stable                      ; clk          ; clk         ; 0.000        ; 0.036      ; 0.307      ;
; 0.187 ; button_handler:btn1|btn_stable                      ; button_handler:btn1|btn_stable                      ; clk          ; clk         ; 0.000        ; 0.036      ; 0.307      ;
; 0.203 ; button_handler:btn0|btn_stable                      ; button_handler:btn0|pulse_out                       ; clk          ; clk         ; 0.000        ; 0.036      ; 0.323      ;
; 0.203 ; button_handler:btn0|btn_stable                      ; button_handler:btn0|btn_stable_prev                 ; clk          ; clk         ; 0.000        ; 0.036      ; 0.323      ;
; 0.209 ; lcd_controller:lcd_ctl0|cnt_espera[16]              ; lcd_controller:lcd_ctl0|cnt_espera[16]              ; clk          ; clk         ; 0.000        ; 0.036      ; 0.329      ;
; 0.253 ; button_handler:btn0|btn_stable_prev                 ; button_handler:btn0|pulse_out                       ; clk          ; clk         ; 0.000        ; 0.036      ; 0.373      ;
; 0.254 ; cpu:cpu0|control_unit:cu0|state.IDLE                ; cpu:cpu0|control_unit:cu0|state.FETCH               ; clk          ; clk         ; 0.000        ; 0.036      ; 0.374      ;
; 0.259 ; lcd_controller:lcd_ctl0|estado_atual.EST_INIT_3     ; lcd_controller:lcd_ctl0|estado_atual.EST_INIT_4     ; clk          ; clk         ; 0.000        ; 0.044      ; 0.387      ;
; 0.263 ; button_handler:btn1|btn_stable                      ; button_handler:btn1|pulse_out                       ; clk          ; clk         ; 0.000        ; 0.036      ; 0.383      ;
; 0.268 ; button_handler:btn1|sync_0                          ; button_handler:btn1|sync_1                          ; clk          ; clk         ; 0.000        ; 0.036      ; 0.388      ;
; 0.269 ; button_handler:btn0|sync_0                          ; button_handler:btn0|sync_1                          ; clk          ; clk         ; 0.000        ; 0.036      ; 0.389      ;
; 0.274 ; lcd_controller:lcd_ctl0|reg_indice[1]               ; lcd_controller:lcd_ctl0|reg_indice[2]               ; clk          ; clk         ; 0.000        ; 0.236      ; 0.594      ;
; 0.276 ; button_handler:btn1|btn_stable                      ; button_handler:btn1|btn_stable_prev                 ; clk          ; clk         ; 0.000        ; 0.036      ; 0.396      ;
; 0.281 ; cpu:cpu0|control_unit:cu0|instruction[9]            ; cpu:cpu0|control_unit:cu0|instruction[9]            ; clk          ; clk         ; 0.000        ; 0.037      ; 0.402      ;
; 0.282 ; cpu:cpu0|control_unit:cu0|instruction[2]            ; cpu:cpu0|control_unit:cu0|instruction[2]            ; clk          ; clk         ; 0.000        ; 0.036      ; 0.402      ;
; 0.283 ; cpu:cpu0|control_unit:cu0|imm[1]                    ; cpu:cpu0|control_unit:cu0|imm[1]                    ; clk          ; clk         ; 0.000        ; 0.035      ; 0.402      ;
; 0.283 ; cpu:cpu0|control_unit:cu0|instruction[16]           ; cpu:cpu0|control_unit:cu0|instruction[16]           ; clk          ; clk         ; 0.000        ; 0.036      ; 0.403      ;
; 0.285 ; cpu:cpu0|control_unit:cu0|src1[3]                   ; cpu:cpu0|control_unit:cu0|src1[3]                   ; clk          ; clk         ; 0.000        ; 0.037      ; 0.406      ;
; 0.285 ; cpu:cpu0|control_unit:cu0|instruction[10]           ; cpu:cpu0|control_unit:cu0|instruction[10]           ; clk          ; clk         ; 0.000        ; 0.036      ; 0.405      ;
; 0.285 ; cpu:cpu0|control_unit:cu0|instruction[8]            ; cpu:cpu0|control_unit:cu0|instruction[8]            ; clk          ; clk         ; 0.000        ; 0.037      ; 0.406      ;
; 0.286 ; cpu:cpu0|control_unit:cu0|dst[3]                    ; cpu:cpu0|control_unit:cu0|dst[3]                    ; clk          ; clk         ; 0.000        ; 0.037      ; 0.407      ;
; 0.286 ; cpu:cpu0|control_unit:cu0|dst[0]                    ; cpu:cpu0|control_unit:cu0|dst[0]                    ; clk          ; clk         ; 0.000        ; 0.037      ; 0.407      ;
; 0.286 ; cpu:cpu0|control_unit:cu0|instruction[7]            ; cpu:cpu0|control_unit:cu0|instruction[7]            ; clk          ; clk         ; 0.000        ; 0.037      ; 0.407      ;
; 0.287 ; cpu:cpu0|control_unit:cu0|dst[1]                    ; cpu:cpu0|control_unit:cu0|dst[1]                    ; clk          ; clk         ; 0.000        ; 0.036      ; 0.407      ;
; 0.291 ; cpu:cpu0|control_unit:cu0|instruction[13]           ; cpu:cpu0|control_unit:cu0|instruction[13]           ; clk          ; clk         ; 0.000        ; 0.037      ; 0.412      ;
; 0.292 ; lcd_controller:lcd_ctl0|cnt_espera[7]               ; lcd_controller:lcd_ctl0|cnt_espera[7]               ; clk          ; clk         ; 0.000        ; 0.044      ; 0.420      ;
; 0.294 ; cpu:cpu0|control_unit:cu0|src1[2]                   ; cpu:cpu0|control_unit:cu0|src1[2]                   ; clk          ; clk         ; 0.000        ; 0.036      ; 0.414      ;
; 0.294 ; lcd_controller:lcd_ctl0|cnt_espera[5]               ; lcd_controller:lcd_ctl0|cnt_espera[5]               ; clk          ; clk         ; 0.000        ; 0.044      ; 0.422      ;
; 0.294 ; lcd_controller:lcd_ctl0|cnt_espera[6]               ; lcd_controller:lcd_ctl0|cnt_espera[6]               ; clk          ; clk         ; 0.000        ; 0.044      ; 0.422      ;
; 0.294 ; button_handler:btn1|sync_1                          ; button_handler:btn1|btn_stable                      ; clk          ; clk         ; 0.000        ; 0.036      ; 0.414      ;
; 0.295 ; lcd_controller:lcd_ctl0|cnt_espera[1]               ; lcd_controller:lcd_ctl0|cnt_espera[1]               ; clk          ; clk         ; 0.000        ; 0.044      ; 0.423      ;
; 0.295 ; button_handler:btn0|sync_1                          ; button_handler:btn0|btn_stable                      ; clk          ; clk         ; 0.000        ; 0.036      ; 0.415      ;
; 0.297 ; cpu:cpu0|control_unit:cu0|src0[2]                   ; cpu:cpu0|control_unit:cu0|src0[2]                   ; clk          ; clk         ; 0.000        ; 0.037      ; 0.418      ;
; 0.297 ; cpu:cpu0|control_unit:cu0|state.DECODE              ; cpu:cpu0|control_unit:cu0|src1[0]                   ; clk          ; clk         ; 0.000        ; 0.036      ; 0.417      ;
; 0.297 ; cpu:cpu0|control_unit:cu0|src1[0]                   ; cpu:cpu0|control_unit:cu0|src1[0]                   ; clk          ; clk         ; 0.000        ; 0.037      ; 0.418      ;
; 0.298 ; cpu:cpu0|control_unit:cu0|imm[4]                    ; cpu:cpu0|control_unit:cu0|imm[4]                    ; clk          ; clk         ; 0.000        ; 0.036      ; 0.418      ;
; 0.298 ; cpu:cpu0|control_unit:cu0|src0[0]                   ; cpu:cpu0|control_unit:cu0|src0[0]                   ; clk          ; clk         ; 0.000        ; 0.037      ; 0.419      ;
; 0.298 ; lcd_controller:lcd_ctl0|cnt_espera[11]              ; lcd_controller:lcd_ctl0|cnt_espera[11]              ; clk          ; clk         ; 0.000        ; 0.036      ; 0.418      ;
; 0.298 ; lcd_controller:lcd_ctl0|cnt_espera[13]              ; lcd_controller:lcd_ctl0|cnt_espera[13]              ; clk          ; clk         ; 0.000        ; 0.036      ; 0.418      ;
; 0.299 ; lcd_controller:lcd_ctl0|cnt_espera[10]              ; lcd_controller:lcd_ctl0|cnt_espera[10]              ; clk          ; clk         ; 0.000        ; 0.036      ; 0.419      ;
; 0.300 ; lcd_controller:lcd_ctl0|cnt_espera[4]               ; lcd_controller:lcd_ctl0|cnt_espera[4]               ; clk          ; clk         ; 0.000        ; 0.044      ; 0.428      ;
; 0.300 ; lcd_controller:lcd_ctl0|cnt_espera[12]              ; lcd_controller:lcd_ctl0|cnt_espera[12]              ; clk          ; clk         ; 0.000        ; 0.036      ; 0.420      ;
; 0.301 ; lcd_controller:lcd_ctl0|cnt_espera[2]               ; lcd_controller:lcd_ctl0|cnt_espera[2]               ; clk          ; clk         ; 0.000        ; 0.044      ; 0.429      ;
; 0.303 ; button_handler:btn0|counter[15]                     ; button_handler:btn0|counter[15]                     ; clk          ; clk         ; 0.000        ; 0.036      ; 0.423      ;
; 0.303 ; button_handler:btn1|counter[15]                     ; button_handler:btn1|counter[15]                     ; clk          ; clk         ; 0.000        ; 0.036      ; 0.423      ;
; 0.304 ; button_handler:btn0|counter[3]                      ; button_handler:btn0|counter[3]                      ; clk          ; clk         ; 0.000        ; 0.036      ; 0.424      ;
; 0.304 ; button_handler:btn0|counter[5]                      ; button_handler:btn0|counter[5]                      ; clk          ; clk         ; 0.000        ; 0.036      ; 0.424      ;
; 0.304 ; button_handler:btn0|counter[13]                     ; button_handler:btn0|counter[13]                     ; clk          ; clk         ; 0.000        ; 0.036      ; 0.424      ;
; 0.304 ; button_handler:btn0|counter[31]                     ; button_handler:btn0|counter[31]                     ; clk          ; clk         ; 0.000        ; 0.036      ; 0.424      ;
; 0.304 ; button_handler:btn1|counter[3]                      ; button_handler:btn1|counter[3]                      ; clk          ; clk         ; 0.000        ; 0.036      ; 0.424      ;
; 0.304 ; button_handler:btn1|counter[5]                      ; button_handler:btn1|counter[5]                      ; clk          ; clk         ; 0.000        ; 0.036      ; 0.424      ;
; 0.304 ; button_handler:btn1|counter[13]                     ; button_handler:btn1|counter[13]                     ; clk          ; clk         ; 0.000        ; 0.036      ; 0.424      ;
; 0.304 ; button_handler:btn1|counter[31]                     ; button_handler:btn1|counter[31]                     ; clk          ; clk         ; 0.000        ; 0.036      ; 0.424      ;
; 0.304 ; lcd_controller:lcd_ctl0|cnt_espera[16]              ; lcd_controller:lcd_ctl0|estado_atual.EST_LINHA1_POS ; clk          ; clk         ; 0.000        ; 0.237      ; 0.625      ;
; 0.305 ; button_handler:btn0|counter[1]                      ; button_handler:btn0|counter[1]                      ; clk          ; clk         ; 0.000        ; 0.036      ; 0.425      ;
; 0.305 ; button_handler:btn0|counter[6]                      ; button_handler:btn0|counter[6]                      ; clk          ; clk         ; 0.000        ; 0.036      ; 0.425      ;
; 0.305 ; button_handler:btn0|counter[7]                      ; button_handler:btn0|counter[7]                      ; clk          ; clk         ; 0.000        ; 0.036      ; 0.425      ;
; 0.305 ; button_handler:btn0|counter[11]                     ; button_handler:btn0|counter[11]                     ; clk          ; clk         ; 0.000        ; 0.036      ; 0.425      ;
; 0.305 ; button_handler:btn0|counter[17]                     ; button_handler:btn0|counter[17]                     ; clk          ; clk         ; 0.000        ; 0.036      ; 0.425      ;
; 0.305 ; button_handler:btn0|counter[19]                     ; button_handler:btn0|counter[19]                     ; clk          ; clk         ; 0.000        ; 0.036      ; 0.425      ;
; 0.305 ; button_handler:btn0|counter[21]                     ; button_handler:btn0|counter[21]                     ; clk          ; clk         ; 0.000        ; 0.036      ; 0.425      ;
; 0.305 ; button_handler:btn0|counter[27]                     ; button_handler:btn0|counter[27]                     ; clk          ; clk         ; 0.000        ; 0.036      ; 0.425      ;
; 0.305 ; button_handler:btn0|counter[29]                     ; button_handler:btn0|counter[29]                     ; clk          ; clk         ; 0.000        ; 0.036      ; 0.425      ;
; 0.305 ; button_handler:btn1|counter[1]                      ; button_handler:btn1|counter[1]                      ; clk          ; clk         ; 0.000        ; 0.036      ; 0.425      ;
; 0.305 ; button_handler:btn1|counter[6]                      ; button_handler:btn1|counter[6]                      ; clk          ; clk         ; 0.000        ; 0.036      ; 0.425      ;
; 0.305 ; button_handler:btn1|counter[7]                      ; button_handler:btn1|counter[7]                      ; clk          ; clk         ; 0.000        ; 0.036      ; 0.425      ;
; 0.305 ; button_handler:btn1|counter[11]                     ; button_handler:btn1|counter[11]                     ; clk          ; clk         ; 0.000        ; 0.036      ; 0.425      ;
; 0.305 ; button_handler:btn1|counter[17]                     ; button_handler:btn1|counter[17]                     ; clk          ; clk         ; 0.000        ; 0.036      ; 0.425      ;
; 0.305 ; button_handler:btn1|counter[19]                     ; button_handler:btn1|counter[19]                     ; clk          ; clk         ; 0.000        ; 0.036      ; 0.425      ;
; 0.305 ; button_handler:btn1|counter[21]                     ; button_handler:btn1|counter[21]                     ; clk          ; clk         ; 0.000        ; 0.036      ; 0.425      ;
; 0.305 ; button_handler:btn1|counter[27]                     ; button_handler:btn1|counter[27]                     ; clk          ; clk         ; 0.000        ; 0.036      ; 0.425      ;
; 0.305 ; button_handler:btn1|counter[29]                     ; button_handler:btn1|counter[29]                     ; clk          ; clk         ; 0.000        ; 0.036      ; 0.425      ;
; 0.306 ; cpu:cpu0|control_unit:cu0|opcode[1]                 ; cpu:cpu0|control_unit:cu0|opcode[1]                 ; clk          ; clk         ; 0.000        ; 0.036      ; 0.426      ;
; 0.306 ; lcd_controller:lcd_ctl0|cnt_espera[3]               ; lcd_controller:lcd_ctl0|cnt_espera[3]               ; clk          ; clk         ; 0.000        ; 0.044      ; 0.434      ;
; 0.306 ; button_handler:btn0|counter[25]                     ; button_handler:btn0|counter[25]                     ; clk          ; clk         ; 0.000        ; 0.036      ; 0.426      ;
; 0.306 ; button_handler:btn0|counter[2]                      ; button_handler:btn0|counter[2]                      ; clk          ; clk         ; 0.000        ; 0.036      ; 0.426      ;
; 0.306 ; button_handler:btn0|counter[8]                      ; button_handler:btn0|counter[8]                      ; clk          ; clk         ; 0.000        ; 0.036      ; 0.426      ;
; 0.306 ; button_handler:btn0|counter[9]                      ; button_handler:btn0|counter[9]                      ; clk          ; clk         ; 0.000        ; 0.036      ; 0.426      ;
; 0.306 ; button_handler:btn0|counter[14]                     ; button_handler:btn0|counter[14]                     ; clk          ; clk         ; 0.000        ; 0.036      ; 0.426      ;
; 0.306 ; button_handler:btn0|counter[16]                     ; button_handler:btn0|counter[16]                     ; clk          ; clk         ; 0.000        ; 0.036      ; 0.426      ;
; 0.306 ; button_handler:btn0|counter[22]                     ; button_handler:btn0|counter[22]                     ; clk          ; clk         ; 0.000        ; 0.036      ; 0.426      ;
; 0.306 ; button_handler:btn0|counter[23]                     ; button_handler:btn0|counter[23]                     ; clk          ; clk         ; 0.000        ; 0.036      ; 0.426      ;
; 0.306 ; button_handler:btn1|counter[2]                      ; button_handler:btn1|counter[2]                      ; clk          ; clk         ; 0.000        ; 0.036      ; 0.426      ;
; 0.306 ; button_handler:btn1|counter[8]                      ; button_handler:btn1|counter[8]                      ; clk          ; clk         ; 0.000        ; 0.036      ; 0.426      ;
; 0.306 ; button_handler:btn1|counter[9]                      ; button_handler:btn1|counter[9]                      ; clk          ; clk         ; 0.000        ; 0.036      ; 0.426      ;
; 0.306 ; button_handler:btn1|counter[14]                     ; button_handler:btn1|counter[14]                     ; clk          ; clk         ; 0.000        ; 0.036      ; 0.426      ;
+-------+-----------------------------------------------------+-----------------------------------------------------+--------------+-------------+--------------+------------+------------+


+--------------------------------------------------------------------------------------------------------------------------------------------------------------------------+
; Fast 1200mV 0C Model Recovery: 'clk'                                                                                                                                     ;
+--------+-------------------------------------+-----------------------------------------------------+--------------+-------------+--------------+------------+------------+
; Slack  ; From Node                           ; To Node                                             ; Launch Clock ; Latch Clock ; Relationship ; Clock Skew ; Data Delay ;
+--------+-------------------------------------+-----------------------------------------------------+--------------+-------------+--------------+------------+------------+
; -0.188 ; cpu:cpu0|control_unit:cu0|state.OFF ; lcd_controller:lcd_ctl0|linha1[0][3]                ; clk          ; clk         ; 1.000        ; -0.032     ; 1.143      ;
; -0.188 ; cpu:cpu0|control_unit:cu0|state.OFF ; lcd_controller:lcd_ctl0|linha1[1][3]                ; clk          ; clk         ; 1.000        ; -0.032     ; 1.143      ;
; -0.188 ; cpu:cpu0|control_unit:cu0|state.OFF ; lcd_controller:lcd_ctl0|linha1[3][3]                ; clk          ; clk         ; 1.000        ; -0.032     ; 1.143      ;
; -0.188 ; cpu:cpu0|control_unit:cu0|state.OFF ; lcd_controller:lcd_ctl0|linha1[0][4]                ; clk          ; clk         ; 1.000        ; -0.032     ; 1.143      ;
; -0.188 ; cpu:cpu0|control_unit:cu0|state.OFF ; lcd_controller:lcd_ctl0|linha1[2][3]                ; clk          ; clk         ; 1.000        ; -0.032     ; 1.143      ;
; -0.188 ; cpu:cpu0|control_unit:cu0|state.OFF ; lcd_controller:lcd_ctl0|linha1[1][2]                ; clk          ; clk         ; 1.000        ; -0.032     ; 1.143      ;
; -0.147 ; cpu:cpu0|control_unit:cu0|state.OFF ; lcd_controller:lcd_ctl0|reg_indice[1]               ; clk          ; clk         ; 1.000        ; -0.038     ; 1.096      ;
; -0.147 ; cpu:cpu0|control_unit:cu0|state.OFF ; lcd_controller:lcd_ctl0|reg_indice[3]               ; clk          ; clk         ; 1.000        ; -0.038     ; 1.096      ;
; -0.027 ; cpu:cpu0|control_unit:cu0|state.OFF ; lcd_controller:lcd_ctl0|linha1[9][0]                ; clk          ; clk         ; 1.000        ; -0.028     ; 0.986      ;
; 0.021  ; cpu:cpu0|control_unit:cu0|state.OFF ; lcd_controller:lcd_ctl0|linha2[0][2]                ; clk          ; clk         ; 1.000        ; 0.153      ; 1.119      ;
; 0.030  ; cpu:cpu0|control_unit:cu0|state.OFF ; lcd_controller:lcd_ctl0|linha2[4][0]                ; clk          ; clk         ; 1.000        ; 0.161      ; 1.118      ;
; 0.030  ; cpu:cpu0|control_unit:cu0|state.OFF ; lcd_controller:lcd_ctl0|linha2[5][1]                ; clk          ; clk         ; 1.000        ; 0.161      ; 1.118      ;
; 0.030  ; cpu:cpu0|control_unit:cu0|state.OFF ; lcd_controller:lcd_ctl0|linha2[5][2]                ; clk          ; clk         ; 1.000        ; 0.161      ; 1.118      ;
; 0.030  ; cpu:cpu0|control_unit:cu0|state.OFF ; lcd_controller:lcd_ctl0|linha2[5][3]                ; clk          ; clk         ; 1.000        ; 0.161      ; 1.118      ;
; 0.032  ; cpu:cpu0|control_unit:cu0|state.OFF ; lcd_controller:lcd_ctl0|cnt_espera[0]               ; clk          ; clk         ; 1.000        ; 0.157      ; 1.112      ;
; 0.032  ; cpu:cpu0|control_unit:cu0|state.OFF ; lcd_controller:lcd_ctl0|cnt_espera[1]               ; clk          ; clk         ; 1.000        ; 0.157      ; 1.112      ;
; 0.032  ; cpu:cpu0|control_unit:cu0|state.OFF ; lcd_controller:lcd_ctl0|cnt_espera[2]               ; clk          ; clk         ; 1.000        ; 0.157      ; 1.112      ;
; 0.032  ; cpu:cpu0|control_unit:cu0|state.OFF ; lcd_controller:lcd_ctl0|cnt_espera[3]               ; clk          ; clk         ; 1.000        ; 0.157      ; 1.112      ;
; 0.032  ; cpu:cpu0|control_unit:cu0|state.OFF ; lcd_controller:lcd_ctl0|cnt_espera[4]               ; clk          ; clk         ; 1.000        ; 0.157      ; 1.112      ;
; 0.032  ; cpu:cpu0|control_unit:cu0|state.OFF ; lcd_controller:lcd_ctl0|cnt_espera[5]               ; clk          ; clk         ; 1.000        ; 0.157      ; 1.112      ;
; 0.032  ; cpu:cpu0|control_unit:cu0|state.OFF ; lcd_controller:lcd_ctl0|cnt_espera[6]               ; clk          ; clk         ; 1.000        ; 0.157      ; 1.112      ;
; 0.032  ; cpu:cpu0|control_unit:cu0|state.OFF ; lcd_controller:lcd_ctl0|cnt_espera[7]               ; clk          ; clk         ; 1.000        ; 0.157      ; 1.112      ;
; 0.034  ; cpu:cpu0|control_unit:cu0|state.OFF ; lcd_controller:lcd_ctl0|linha2[3][0]                ; clk          ; clk         ; 1.000        ; 0.160      ; 1.113      ;
; 0.034  ; cpu:cpu0|control_unit:cu0|state.OFF ; lcd_controller:lcd_ctl0|linha2[4][1]                ; clk          ; clk         ; 1.000        ; 0.160      ; 1.113      ;
; 0.034  ; cpu:cpu0|control_unit:cu0|state.OFF ; lcd_controller:lcd_ctl0|linha2[4][2]                ; clk          ; clk         ; 1.000        ; 0.160      ; 1.113      ;
; 0.034  ; cpu:cpu0|control_unit:cu0|state.OFF ; lcd_controller:lcd_ctl0|linha2[4][3]                ; clk          ; clk         ; 1.000        ; 0.160      ; 1.113      ;
; 0.038  ; cpu:cpu0|control_unit:cu0|state.OFF ; lcd_controller:lcd_ctl0|linha2[5][0]                ; clk          ; clk         ; 1.000        ; 0.152      ; 1.101      ;
; 0.038  ; cpu:cpu0|control_unit:cu0|state.OFF ; lcd_controller:lcd_ctl0|linha1[1][0]                ; clk          ; clk         ; 1.000        ; 0.152      ; 1.101      ;
; 0.045  ; cpu:cpu0|control_unit:cu0|state.OFF ; lcd_controller:lcd_ctl0|reg_indice[2]               ; clk          ; clk         ; 1.000        ; 0.154      ; 1.096      ;
; 0.045  ; cpu:cpu0|control_unit:cu0|state.OFF ; lcd_controller:lcd_ctl0|reg_indice[0]               ; clk          ; clk         ; 1.000        ; 0.154      ; 1.096      ;
; 0.105  ; cpu:cpu0|control_unit:cu0|state.OFF ; lcd_controller:lcd_ctl0|linha1[0][2]                ; clk          ; clk         ; 1.000        ; 0.156      ; 1.038      ;
; 0.123  ; cpu:cpu0|control_unit:cu0|state.OFF ; lcd_controller:lcd_ctl0|cnt_espera[10]              ; clk          ; clk         ; 1.000        ; -0.032     ; 0.832      ;
; 0.123  ; cpu:cpu0|control_unit:cu0|state.OFF ; lcd_controller:lcd_ctl0|cnt_espera[16]              ; clk          ; clk         ; 1.000        ; -0.032     ; 0.832      ;
; 0.123  ; cpu:cpu0|control_unit:cu0|state.OFF ; lcd_controller:lcd_ctl0|cnt_espera[8]               ; clk          ; clk         ; 1.000        ; -0.032     ; 0.832      ;
; 0.123  ; cpu:cpu0|control_unit:cu0|state.OFF ; lcd_controller:lcd_ctl0|cnt_espera[9]               ; clk          ; clk         ; 1.000        ; -0.032     ; 0.832      ;
; 0.123  ; cpu:cpu0|control_unit:cu0|state.OFF ; lcd_controller:lcd_ctl0|cnt_espera[11]              ; clk          ; clk         ; 1.000        ; -0.032     ; 0.832      ;
; 0.123  ; cpu:cpu0|control_unit:cu0|state.OFF ; lcd_controller:lcd_ctl0|cnt_espera[12]              ; clk          ; clk         ; 1.000        ; -0.032     ; 0.832      ;
; 0.123  ; cpu:cpu0|control_unit:cu0|state.OFF ; lcd_controller:lcd_ctl0|cnt_espera[13]              ; clk          ; clk         ; 1.000        ; -0.032     ; 0.832      ;
; 0.123  ; cpu:cpu0|control_unit:cu0|state.OFF ; lcd_controller:lcd_ctl0|cnt_espera[14]              ; clk          ; clk         ; 1.000        ; -0.032     ; 0.832      ;
; 0.123  ; cpu:cpu0|control_unit:cu0|state.OFF ; lcd_controller:lcd_ctl0|cnt_espera[15]              ; clk          ; clk         ; 1.000        ; -0.032     ; 0.832      ;
; 0.123  ; cpu:cpu0|control_unit:cu0|state.OFF ; lcd_controller:lcd_ctl0|estado_atual.EST_LINHA2_POS ; clk          ; clk         ; 1.000        ; -0.032     ; 0.832      ;
; 0.123  ; cpu:cpu0|control_unit:cu0|state.OFF ; lcd_controller:lcd_ctl0|estado_atual.EST_ESCREVE_L2 ; clk          ; clk         ; 1.000        ; -0.032     ; 0.832      ;
; 0.174  ; cpu:cpu0|control_unit:cu0|state.OFF ; lcd_controller:lcd_ctl0|estado_atual.EST_OCIOSO     ; clk          ; clk         ; 1.000        ; 0.161      ; 0.974      ;
; 0.174  ; cpu:cpu0|control_unit:cu0|state.OFF ; lcd_controller:lcd_ctl0|estado_atual.EST_INIT_3     ; clk          ; clk         ; 1.000        ; 0.161      ; 0.974      ;
; 0.174  ; cpu:cpu0|control_unit:cu0|state.OFF ; lcd_controller:lcd_ctl0|estado_atual.EST_INIT_4     ; clk          ; clk         ; 1.000        ; 0.161      ; 0.974      ;
; 0.174  ; cpu:cpu0|control_unit:cu0|state.OFF ; lcd_controller:lcd_ctl0|estado_atual.EST_LINHA1_POS ; clk          ; clk         ; 1.000        ; 0.161      ; 0.974      ;
; 0.174  ; cpu:cpu0|control_unit:cu0|state.OFF ; lcd_controller:lcd_ctl0|estado_atual.EST_ESCREVE_L1 ; clk          ; clk         ; 1.000        ; 0.161      ; 0.974      ;
; 0.174  ; cpu:cpu0|control_unit:cu0|state.OFF ; lcd_controller:lcd_ctl0|estado_atual.EST_ESPERA_CPU ; clk          ; clk         ; 1.000        ; 0.161      ; 0.974      ;
; 0.176  ; cpu:cpu0|control_unit:cu0|state.OFF ; lcd_controller:lcd_ctl0|linha2[0][1]                ; clk          ; clk         ; 1.000        ; 0.157      ; 0.968      ;
; 0.192  ; cpu:cpu0|control_unit:cu0|state.OFF ; lcd_controller:lcd_ctl0|linha2[2][0]                ; clk          ; clk         ; 1.000        ; 0.159      ; 0.954      ;
; 0.192  ; cpu:cpu0|control_unit:cu0|state.OFF ; lcd_controller:lcd_ctl0|linha2[3][1]                ; clk          ; clk         ; 1.000        ; 0.159      ; 0.954      ;
; 0.192  ; cpu:cpu0|control_unit:cu0|state.OFF ; lcd_controller:lcd_ctl0|linha2[3][2]                ; clk          ; clk         ; 1.000        ; 0.159      ; 0.954      ;
; 0.192  ; cpu:cpu0|control_unit:cu0|state.OFF ; lcd_controller:lcd_ctl0|linha2[3][3]                ; clk          ; clk         ; 1.000        ; 0.159      ; 0.954      ;
; 0.194  ; cpu:cpu0|control_unit:cu0|state.OFF ; lcd_controller:lcd_ctl0|estado_atual.EST_INIT_1     ; clk          ; clk         ; 1.000        ; 0.160      ; 0.953      ;
; 0.210  ; cpu:cpu0|control_unit:cu0|state.OFF ; lcd_controller:lcd_ctl0|linha1[7][0]                ; clk          ; clk         ; 1.000        ; 0.176      ; 0.953      ;
; 0.210  ; cpu:cpu0|control_unit:cu0|state.OFF ; lcd_controller:lcd_ctl0|linha1[10][0]               ; clk          ; clk         ; 1.000        ; 0.176      ; 0.953      ;
; 0.210  ; cpu:cpu0|control_unit:cu0|state.OFF ; lcd_controller:lcd_ctl0|linha1[8][0]                ; clk          ; clk         ; 1.000        ; 0.176      ; 0.953      ;
; 0.215  ; cpu:cpu0|control_unit:cu0|state.OFF ; lcd_controller:lcd_ctl0|estado_atual.EST_INIT_2     ; clk          ; clk         ; 1.000        ; -0.036     ; 0.736      ;
; 0.220  ; cpu:cpu0|control_unit:cu0|state.OFF ; lcd_controller:lcd_ctl0|linha2[1][0]                ; clk          ; clk         ; 1.000        ; 0.158      ; 0.925      ;
; 0.220  ; cpu:cpu0|control_unit:cu0|state.OFF ; lcd_controller:lcd_ctl0|linha2[2][1]                ; clk          ; clk         ; 1.000        ; 0.158      ; 0.925      ;
; 0.220  ; cpu:cpu0|control_unit:cu0|state.OFF ; lcd_controller:lcd_ctl0|linha2[2][2]                ; clk          ; clk         ; 1.000        ; 0.158      ; 0.925      ;
; 0.220  ; cpu:cpu0|control_unit:cu0|state.OFF ; lcd_controller:lcd_ctl0|linha2[2][3]                ; clk          ; clk         ; 1.000        ; 0.158      ; 0.925      ;
; 0.228  ; cpu:cpu0|control_unit:cu0|state.OFF ; lcd_controller:lcd_ctl0|linha2[1][1]                ; clk          ; clk         ; 1.000        ; 0.156      ; 0.915      ;
; 0.228  ; cpu:cpu0|control_unit:cu0|state.OFF ; lcd_controller:lcd_ctl0|linha2[1][2]                ; clk          ; clk         ; 1.000        ; 0.156      ; 0.915      ;
; 0.228  ; cpu:cpu0|control_unit:cu0|state.OFF ; lcd_controller:lcd_ctl0|linha2[1][3]                ; clk          ; clk         ; 1.000        ; 0.156      ; 0.915      ;
; 0.228  ; cpu:cpu0|control_unit:cu0|state.OFF ; lcd_controller:lcd_ctl0|linha1[0][0]                ; clk          ; clk         ; 1.000        ; 0.156      ; 0.915      ;
; 0.228  ; cpu:cpu0|control_unit:cu0|state.OFF ; lcd_controller:lcd_ctl0|linha1[2][4]                ; clk          ; clk         ; 1.000        ; 0.156      ; 0.915      ;
; 0.407  ; cpu:cpu0|control_unit:cu0|state.OFF ; lcd_controller:lcd_ctl0|linha1[3][6]                ; clk          ; clk         ; 1.000        ; 0.156      ; 0.736      ;
; 0.407  ; cpu:cpu0|control_unit:cu0|state.OFF ; lcd_controller:lcd_ctl0|linha1[1][4]                ; clk          ; clk         ; 1.000        ; 0.156      ; 0.736      ;
; 0.407  ; cpu:cpu0|control_unit:cu0|state.OFF ; lcd_controller:lcd_ctl0|linha1[2][2]                ; clk          ; clk         ; 1.000        ; 0.156      ; 0.736      ;
; 0.407  ; cpu:cpu0|control_unit:cu0|state.OFF ; lcd_controller:lcd_ctl0|linha1[0][1]                ; clk          ; clk         ; 1.000        ; 0.156      ; 0.736      ;
; 0.407  ; cpu:cpu0|control_unit:cu0|state.OFF ; lcd_controller:lcd_ctl0|linha1[1][1]                ; clk          ; clk         ; 1.000        ; 0.156      ; 0.736      ;
; 0.407  ; cpu:cpu0|control_unit:cu0|state.OFF ; lcd_controller:lcd_ctl0|linha1[9][4]                ; clk          ; clk         ; 1.000        ; 0.156      ; 0.736      ;
+--------+-------------------------------------+-----------------------------------------------------+--------------+-------------+--------------+------------+------------+


+-------------------------------------------------------------------------------------------------------------------------------------------------------------------------+
; Fast 1200mV 0C Model Removal: 'clk'                                                                                                                                     ;
+-------+-------------------------------------+-----------------------------------------------------+--------------+-------------+--------------+------------+------------+
; Slack ; From Node                           ; To Node                                             ; Launch Clock ; Latch Clock ; Relationship ; Clock Skew ; Data Delay ;
+-------+-------------------------------------+-----------------------------------------------------+--------------+-------------+--------------+------------+------------+
; 0.314 ; cpu:cpu0|control_unit:cu0|state.OFF ; lcd_controller:lcd_ctl0|linha1[3][6]                ; clk          ; clk         ; 0.000        ; 0.236      ; 0.634      ;
; 0.314 ; cpu:cpu0|control_unit:cu0|state.OFF ; lcd_controller:lcd_ctl0|linha1[1][4]                ; clk          ; clk         ; 0.000        ; 0.236      ; 0.634      ;
; 0.314 ; cpu:cpu0|control_unit:cu0|state.OFF ; lcd_controller:lcd_ctl0|linha1[2][2]                ; clk          ; clk         ; 0.000        ; 0.236      ; 0.634      ;
; 0.314 ; cpu:cpu0|control_unit:cu0|state.OFF ; lcd_controller:lcd_ctl0|linha1[0][1]                ; clk          ; clk         ; 0.000        ; 0.236      ; 0.634      ;
; 0.314 ; cpu:cpu0|control_unit:cu0|state.OFF ; lcd_controller:lcd_ctl0|linha1[1][1]                ; clk          ; clk         ; 0.000        ; 0.236      ; 0.634      ;
; 0.314 ; cpu:cpu0|control_unit:cu0|state.OFF ; lcd_controller:lcd_ctl0|linha1[9][4]                ; clk          ; clk         ; 0.000        ; 0.236      ; 0.634      ;
; 0.476 ; cpu:cpu0|control_unit:cu0|state.OFF ; lcd_controller:lcd_ctl0|linha1[7][0]                ; clk          ; clk         ; 0.000        ; 0.257      ; 0.817      ;
; 0.476 ; cpu:cpu0|control_unit:cu0|state.OFF ; lcd_controller:lcd_ctl0|linha1[10][0]               ; clk          ; clk         ; 0.000        ; 0.257      ; 0.817      ;
; 0.476 ; cpu:cpu0|control_unit:cu0|state.OFF ; lcd_controller:lcd_ctl0|linha1[8][0]                ; clk          ; clk         ; 0.000        ; 0.257      ; 0.817      ;
; 0.477 ; cpu:cpu0|control_unit:cu0|state.OFF ; lcd_controller:lcd_ctl0|linha2[1][1]                ; clk          ; clk         ; 0.000        ; 0.236      ; 0.797      ;
; 0.477 ; cpu:cpu0|control_unit:cu0|state.OFF ; lcd_controller:lcd_ctl0|linha2[1][2]                ; clk          ; clk         ; 0.000        ; 0.236      ; 0.797      ;
; 0.477 ; cpu:cpu0|control_unit:cu0|state.OFF ; lcd_controller:lcd_ctl0|linha2[1][3]                ; clk          ; clk         ; 0.000        ; 0.236      ; 0.797      ;
; 0.477 ; cpu:cpu0|control_unit:cu0|state.OFF ; lcd_controller:lcd_ctl0|linha1[0][0]                ; clk          ; clk         ; 0.000        ; 0.236      ; 0.797      ;
; 0.477 ; cpu:cpu0|control_unit:cu0|state.OFF ; lcd_controller:lcd_ctl0|linha1[2][4]                ; clk          ; clk         ; 0.000        ; 0.236      ; 0.797      ;
; 0.482 ; cpu:cpu0|control_unit:cu0|state.OFF ; lcd_controller:lcd_ctl0|linha2[1][0]                ; clk          ; clk         ; 0.000        ; 0.238      ; 0.804      ;
; 0.482 ; cpu:cpu0|control_unit:cu0|state.OFF ; lcd_controller:lcd_ctl0|linha2[2][1]                ; clk          ; clk         ; 0.000        ; 0.238      ; 0.804      ;
; 0.482 ; cpu:cpu0|control_unit:cu0|state.OFF ; lcd_controller:lcd_ctl0|linha2[2][2]                ; clk          ; clk         ; 0.000        ; 0.238      ; 0.804      ;
; 0.482 ; cpu:cpu0|control_unit:cu0|state.OFF ; lcd_controller:lcd_ctl0|linha2[2][3]                ; clk          ; clk         ; 0.000        ; 0.238      ; 0.804      ;
; 0.493 ; cpu:cpu0|control_unit:cu0|state.OFF ; lcd_controller:lcd_ctl0|estado_atual.EST_INIT_1     ; clk          ; clk         ; 0.000        ; 0.240      ; 0.817      ;
; 0.500 ; cpu:cpu0|control_unit:cu0|state.OFF ; lcd_controller:lcd_ctl0|linha2[2][0]                ; clk          ; clk         ; 0.000        ; 0.239      ; 0.823      ;
; 0.500 ; cpu:cpu0|control_unit:cu0|state.OFF ; lcd_controller:lcd_ctl0|linha2[3][1]                ; clk          ; clk         ; 0.000        ; 0.239      ; 0.823      ;
; 0.500 ; cpu:cpu0|control_unit:cu0|state.OFF ; lcd_controller:lcd_ctl0|linha2[3][2]                ; clk          ; clk         ; 0.000        ; 0.239      ; 0.823      ;
; 0.500 ; cpu:cpu0|control_unit:cu0|state.OFF ; lcd_controller:lcd_ctl0|linha2[3][3]                ; clk          ; clk         ; 0.000        ; 0.239      ; 0.823      ;
; 0.503 ; cpu:cpu0|control_unit:cu0|state.OFF ; lcd_controller:lcd_ctl0|estado_atual.EST_OCIOSO     ; clk          ; clk         ; 0.000        ; 0.241      ; 0.828      ;
; 0.503 ; cpu:cpu0|control_unit:cu0|state.OFF ; lcd_controller:lcd_ctl0|estado_atual.EST_INIT_3     ; clk          ; clk         ; 0.000        ; 0.241      ; 0.828      ;
; 0.503 ; cpu:cpu0|control_unit:cu0|state.OFF ; lcd_controller:lcd_ctl0|estado_atual.EST_INIT_4     ; clk          ; clk         ; 0.000        ; 0.241      ; 0.828      ;
; 0.503 ; cpu:cpu0|control_unit:cu0|state.OFF ; lcd_controller:lcd_ctl0|estado_atual.EST_LINHA1_POS ; clk          ; clk         ; 0.000        ; 0.241      ; 0.828      ;
; 0.503 ; cpu:cpu0|control_unit:cu0|state.OFF ; lcd_controller:lcd_ctl0|estado_atual.EST_ESCREVE_L1 ; clk          ; clk         ; 0.000        ; 0.241      ; 0.828      ;
; 0.503 ; cpu:cpu0|control_unit:cu0|state.OFF ; lcd_controller:lcd_ctl0|estado_atual.EST_ESPERA_CPU ; clk          ; clk         ; 0.000        ; 0.241      ; 0.828      ;
; 0.504 ; cpu:cpu0|control_unit:cu0|state.OFF ; lcd_controller:lcd_ctl0|linha2[0][1]                ; clk          ; clk         ; 0.000        ; 0.237      ; 0.825      ;
; 0.514 ; cpu:cpu0|control_unit:cu0|state.OFF ; lcd_controller:lcd_ctl0|estado_atual.EST_INIT_2     ; clk          ; clk         ; 0.000        ; 0.036      ; 0.634      ;
; 0.558 ; cpu:cpu0|control_unit:cu0|state.OFF ; lcd_controller:lcd_ctl0|linha1[0][2]                ; clk          ; clk         ; 0.000        ; 0.236      ; 0.878      ;
; 0.589 ; cpu:cpu0|control_unit:cu0|state.OFF ; lcd_controller:lcd_ctl0|cnt_espera[10]              ; clk          ; clk         ; 0.000        ; 0.040      ; 0.713      ;
; 0.589 ; cpu:cpu0|control_unit:cu0|state.OFF ; lcd_controller:lcd_ctl0|cnt_espera[16]              ; clk          ; clk         ; 0.000        ; 0.040      ; 0.713      ;
; 0.589 ; cpu:cpu0|control_unit:cu0|state.OFF ; lcd_controller:lcd_ctl0|cnt_espera[8]               ; clk          ; clk         ; 0.000        ; 0.040      ; 0.713      ;
; 0.589 ; cpu:cpu0|control_unit:cu0|state.OFF ; lcd_controller:lcd_ctl0|cnt_espera[9]               ; clk          ; clk         ; 0.000        ; 0.040      ; 0.713      ;
; 0.589 ; cpu:cpu0|control_unit:cu0|state.OFF ; lcd_controller:lcd_ctl0|cnt_espera[11]              ; clk          ; clk         ; 0.000        ; 0.040      ; 0.713      ;
; 0.589 ; cpu:cpu0|control_unit:cu0|state.OFF ; lcd_controller:lcd_ctl0|cnt_espera[12]              ; clk          ; clk         ; 0.000        ; 0.040      ; 0.713      ;
; 0.589 ; cpu:cpu0|control_unit:cu0|state.OFF ; lcd_controller:lcd_ctl0|cnt_espera[13]              ; clk          ; clk         ; 0.000        ; 0.040      ; 0.713      ;
; 0.589 ; cpu:cpu0|control_unit:cu0|state.OFF ; lcd_controller:lcd_ctl0|cnt_espera[14]              ; clk          ; clk         ; 0.000        ; 0.040      ; 0.713      ;
; 0.589 ; cpu:cpu0|control_unit:cu0|state.OFF ; lcd_controller:lcd_ctl0|cnt_espera[15]              ; clk          ; clk         ; 0.000        ; 0.040      ; 0.713      ;
; 0.589 ; cpu:cpu0|control_unit:cu0|state.OFF ; lcd_controller:lcd_ctl0|estado_atual.EST_LINHA2_POS ; clk          ; clk         ; 0.000        ; 0.040      ; 0.713      ;
; 0.589 ; cpu:cpu0|control_unit:cu0|state.OFF ; lcd_controller:lcd_ctl0|estado_atual.EST_ESCREVE_L2 ; clk          ; clk         ; 0.000        ; 0.040      ; 0.713      ;
; 0.631 ; cpu:cpu0|control_unit:cu0|state.OFF ; lcd_controller:lcd_ctl0|reg_indice[2]               ; clk          ; clk         ; 0.000        ; 0.234      ; 0.949      ;
; 0.631 ; cpu:cpu0|control_unit:cu0|state.OFF ; lcd_controller:lcd_ctl0|reg_indice[0]               ; clk          ; clk         ; 0.000        ; 0.234      ; 0.949      ;
; 0.634 ; cpu:cpu0|control_unit:cu0|state.OFF ; lcd_controller:lcd_ctl0|linha2[3][0]                ; clk          ; clk         ; 0.000        ; 0.240      ; 0.958      ;
; 0.634 ; cpu:cpu0|control_unit:cu0|state.OFF ; lcd_controller:lcd_ctl0|linha2[4][1]                ; clk          ; clk         ; 0.000        ; 0.240      ; 0.958      ;
; 0.634 ; cpu:cpu0|control_unit:cu0|state.OFF ; lcd_controller:lcd_ctl0|linha2[4][2]                ; clk          ; clk         ; 0.000        ; 0.240      ; 0.958      ;
; 0.634 ; cpu:cpu0|control_unit:cu0|state.OFF ; lcd_controller:lcd_ctl0|linha2[4][3]                ; clk          ; clk         ; 0.000        ; 0.240      ; 0.958      ;
; 0.635 ; cpu:cpu0|control_unit:cu0|state.OFF ; lcd_controller:lcd_ctl0|linha2[4][0]                ; clk          ; clk         ; 0.000        ; 0.241      ; 0.960      ;
; 0.635 ; cpu:cpu0|control_unit:cu0|state.OFF ; lcd_controller:lcd_ctl0|linha2[5][1]                ; clk          ; clk         ; 0.000        ; 0.241      ; 0.960      ;
; 0.635 ; cpu:cpu0|control_unit:cu0|state.OFF ; lcd_controller:lcd_ctl0|linha2[5][2]                ; clk          ; clk         ; 0.000        ; 0.241      ; 0.960      ;
; 0.635 ; cpu:cpu0|control_unit:cu0|state.OFF ; lcd_controller:lcd_ctl0|linha2[5][3]                ; clk          ; clk         ; 0.000        ; 0.241      ; 0.960      ;
; 0.635 ; cpu:cpu0|control_unit:cu0|state.OFF ; lcd_controller:lcd_ctl0|linha2[5][0]                ; clk          ; clk         ; 0.000        ; 0.232      ; 0.951      ;
; 0.635 ; cpu:cpu0|control_unit:cu0|state.OFF ; lcd_controller:lcd_ctl0|linha1[1][0]                ; clk          ; clk         ; 0.000        ; 0.232      ; 0.951      ;
; 0.638 ; cpu:cpu0|control_unit:cu0|state.OFF ; lcd_controller:lcd_ctl0|cnt_espera[0]               ; clk          ; clk         ; 0.000        ; 0.237      ; 0.959      ;
; 0.638 ; cpu:cpu0|control_unit:cu0|state.OFF ; lcd_controller:lcd_ctl0|cnt_espera[1]               ; clk          ; clk         ; 0.000        ; 0.237      ; 0.959      ;
; 0.638 ; cpu:cpu0|control_unit:cu0|state.OFF ; lcd_controller:lcd_ctl0|cnt_espera[2]               ; clk          ; clk         ; 0.000        ; 0.237      ; 0.959      ;
; 0.638 ; cpu:cpu0|control_unit:cu0|state.OFF ; lcd_controller:lcd_ctl0|cnt_espera[3]               ; clk          ; clk         ; 0.000        ; 0.237      ; 0.959      ;
; 0.638 ; cpu:cpu0|control_unit:cu0|state.OFF ; lcd_controller:lcd_ctl0|cnt_espera[4]               ; clk          ; clk         ; 0.000        ; 0.237      ; 0.959      ;
; 0.638 ; cpu:cpu0|control_unit:cu0|state.OFF ; lcd_controller:lcd_ctl0|cnt_espera[5]               ; clk          ; clk         ; 0.000        ; 0.237      ; 0.959      ;
; 0.638 ; cpu:cpu0|control_unit:cu0|state.OFF ; lcd_controller:lcd_ctl0|cnt_espera[6]               ; clk          ; clk         ; 0.000        ; 0.237      ; 0.959      ;
; 0.638 ; cpu:cpu0|control_unit:cu0|state.OFF ; lcd_controller:lcd_ctl0|cnt_espera[7]               ; clk          ; clk         ; 0.000        ; 0.237      ; 0.959      ;
; 0.642 ; cpu:cpu0|control_unit:cu0|state.OFF ; lcd_controller:lcd_ctl0|linha2[0][2]                ; clk          ; clk         ; 0.000        ; 0.233      ; 0.959      ;
; 0.710 ; cpu:cpu0|control_unit:cu0|state.OFF ; lcd_controller:lcd_ctl0|linha1[9][0]                ; clk          ; clk         ; 0.000        ; 0.044      ; 0.838      ;
; 0.831 ; cpu:cpu0|control_unit:cu0|state.OFF ; lcd_controller:lcd_ctl0|reg_indice[1]               ; clk          ; clk         ; 0.000        ; 0.034      ; 0.949      ;
; 0.831 ; cpu:cpu0|control_unit:cu0|state.OFF ; lcd_controller:lcd_ctl0|reg_indice[3]               ; clk          ; clk         ; 0.000        ; 0.034      ; 0.949      ;
; 0.854 ; cpu:cpu0|control_unit:cu0|state.OFF ; lcd_controller:lcd_ctl0|linha1[0][3]                ; clk          ; clk         ; 0.000        ; 0.040      ; 0.978      ;
; 0.854 ; cpu:cpu0|control_unit:cu0|state.OFF ; lcd_controller:lcd_ctl0|linha1[1][3]                ; clk          ; clk         ; 0.000        ; 0.040      ; 0.978      ;
; 0.854 ; cpu:cpu0|control_unit:cu0|state.OFF ; lcd_controller:lcd_ctl0|linha1[3][3]                ; clk          ; clk         ; 0.000        ; 0.040      ; 0.978      ;
; 0.854 ; cpu:cpu0|control_unit:cu0|state.OFF ; lcd_controller:lcd_ctl0|linha1[0][4]                ; clk          ; clk         ; 0.000        ; 0.040      ; 0.978      ;
; 0.854 ; cpu:cpu0|control_unit:cu0|state.OFF ; lcd_controller:lcd_ctl0|linha1[2][3]                ; clk          ; clk         ; 0.000        ; 0.040      ; 0.978      ;
; 0.854 ; cpu:cpu0|control_unit:cu0|state.OFF ; lcd_controller:lcd_ctl0|linha1[1][2]                ; clk          ; clk         ; 0.000        ; 0.040      ; 0.978      ;
+-------+-------------------------------------+-----------------------------------------------------+--------------+-------------+--------------+------------+------------+


----------------------------------------------
; Fast 1200mV 0C Model Metastability Summary ;
----------------------------------------------
Design MTBF is not calculated because the design doesn't meet its timing requirements.



+---------------------------------------------------------------------------------+
; Multicorner Timing Analysis Summary                                             ;
+------------------+-----------+-------+----------+---------+---------------------+
; Clock            ; Setup     ; Hold  ; Recovery ; Removal ; Minimum Pulse Width ;
+------------------+-----------+-------+----------+---------+---------------------+
; Worst-case Slack ; -17.322   ; 0.179 ; -1.033   ; 0.314   ; -3.000              ;
;  clk             ; -17.322   ; 0.179 ; -1.033   ; 0.314   ; -3.000              ;
; Design-wide TNS  ; -2960.536 ; 0.0   ; -37.339  ; 0.0     ; -535.955            ;
;  clk             ; -2960.536 ; 0.000 ; -37.339  ; 0.000   ; -535.955            ;
+------------------+-----------+-------+----------+---------+---------------------+


+------------------------------------------------------------------------------------------------------------------------------------------------------------------------------------------------------------------------------------------------------------------------------------------------------------------------------------------------------------------------------------------------------------------+
; Board Trace Model Assignments                                                                                                                                                                                                                                                                                                                                                                                    ;
+---------------+--------------+-------------------+-------------------------+-------------------------+---------------+---------------------+----------------+------------------+--------+------------------+------------------------+------------------------+--------------+---------------+-----------------+-------+---------------------+--------------------+---------------+-----------------+-------------+
; Pin           ; I/O Standard ; Near Tline Length ; Near Tline L per Length ; Near Tline C per Length ; Near Series R ; Near Differential R ; Near Pull-up R ; Near Pull-down R ; Near C ; Far Tline Length ; Far Tline L per Length ; Far Tline C per Length ; Far Series R ; Far Pull-up R ; Far Pull-down R ; Far C ; Termination Voltage ; Far Differential R ; EBD File Name ; EBD Signal Name ; EBD Far-end ;
+---------------+--------------+-------------------+-------------------------+-------------------------+---------------+---------------------+----------------+------------------+--------+------------------+------------------------+------------------------+--------------+---------------+-----------------+-------+---------------------+--------------------+---------------+-----------------+-------------+
; lcd_data[0]   ; 2.5 V        ; 0 in              ; 0 H/in                  ; 0 F/in                  ; short         ; -                   ; open           ; open             ; open   ; 0 in             ; 0 H/in                 ; 0 F/in                 ; short        ; open          ; open            ; open  ; 0 V                 ; -                  ; n/a           ; n/a             ; n/a         ;
; lcd_data[1]   ; 2.5 V        ; 0 in              ; 0 H/in                  ; 0 F/in                  ; short         ; -                   ; open           ; open             ; open   ; 0 in             ; 0 H/in                 ; 0 F/in                 ; short        ; open          ; open            ; open  ; 0 V                 ; -                  ; n/a           ; n/a             ; n/a         ;
; lcd_data[2]   ; 2.5 V        ; 0 in              ; 0 H/in                  ; 0 F/in                  ; short         ; -                   ; open           ; open             ; open   ; 0 in             ; 0 H/in                 ; 0 F/in                 ; short        ; open          ; open            ; open  ; 0 V                 ; -                  ; n/a           ; n/a             ; n/a         ;
; lcd_data[3]   ; 2.5 V        ; 0 in              ; 0 H/in                  ; 0 F/in                  ; short         ; -                   ; open           ; open             ; open   ; 0 in             ; 0 H/in                 ; 0 F/in                 ; short        ; open          ; open            ; open  ; 0 V                 ; -                  ; n/a           ; n/a             ; n/a         ;
; lcd_data[4]   ; 2.5 V        ; 0 in              ; 0 H/in                  ; 0 F/in                  ; short         ; -                   ; open           ; open             ; open   ; 0 in             ; 0 H/in                 ; 0 F/in                 ; short        ; open          ; open            ; open  ; 0 V                 ; -                  ; n/a           ; n/a             ; n/a         ;
; lcd_data[5]   ; 2.5 V        ; 0 in              ; 0 H/in                  ; 0 F/in                  ; short         ; -                   ; open           ; open             ; open   ; 0 in             ; 0 H/in                 ; 0 F/in                 ; short        ; open          ; open            ; open  ; 0 V                 ; -                  ; n/a           ; n/a             ; n/a         ;
; lcd_data[6]   ; 2.5 V        ; 0 in              ; 0 H/in                  ; 0 F/in                  ; short         ; -                   ; open           ; open             ; open   ; 0 in             ; 0 H/in                 ; 0 F/in                 ; short        ; open          ; open            ; open  ; 0 V                 ; -                  ; n/a           ; n/a             ; n/a         ;
; lcd_data[7]   ; 2.5 V        ; 0 in              ; 0 H/in                  ; 0 F/in                  ; short         ; -                   ; open           ; open             ; open   ; 0 in             ; 0 H/in                 ; 0 F/in                 ; short        ; open          ; open            ; open  ; 0 V                 ; -                  ; n/a           ; n/a             ; n/a         ;
; lcd_rs        ; 2.5 V        ; 0 in              ; 0 H/in                  ; 0 F/in                  ; short         ; -                   ; open           ; open             ; open   ; 0 in             ; 0 H/in                 ; 0 F/in                 ; short        ; open          ; open            ; open  ; 0 V                 ; -                  ; n/a           ; n/a             ; n/a         ;
; lcd_rw        ; 2.5 V        ; 0 in              ; 0 H/in                  ; 0 F/in                  ; short         ; -                   ; open           ; open             ; open   ; 0 in             ; 0 H/in                 ; 0 F/in                 ; short        ; open          ; open            ; open  ; 0 V                 ; -                  ; n/a           ; n/a             ; n/a         ;
; lcd_en        ; 2.5 V        ; 0 in              ; 0 H/in                  ; 0 F/in                  ; short         ; -                   ; open           ; open             ; open   ; 0 in             ; 0 H/in                 ; 0 F/in                 ; short        ; open          ; open            ; open  ; 0 V                 ; -                  ; n/a           ; n/a             ; n/a         ;
; ~ALTERA_DCLK~ ; 2.5 V        ; 0 in              ; 0 H/in                  ; 0 F/in                  ; short         ; -                   ; open           ; open             ; open   ; 0 in             ; 0 H/in                 ; 0 F/in                 ; short        ; open          ; open            ; open  ; 0 V                 ; -                  ; n/a           ; n/a             ; n/a         ;
; ~ALTERA_nCEO~ ; 2.5 V        ; 0 in              ; 0 H/in                  ; 0 F/in                  ; short         ; -                   ; open           ; open             ; open   ; 0 in             ; 0 H/in                 ; 0 F/in                 ; short        ; open          ; open            ; open  ; 0 V                 ; -                  ; n/a           ; n/a             ; n/a         ;
+---------------+--------------+-------------------+-------------------------+-------------------------+---------------+---------------------+----------------+------------------+--------+------------------+------------------------+------------------------+--------------+---------------+-----------------+-------+---------------------+--------------------+---------------+-----------------+-------------+


+----------------------------------------------------------------------------+
; Input Transition Times                                                     ;
+-------------------------+--------------+-----------------+-----------------+
; Pin                     ; I/O Standard ; 10-90 Rise Time ; 90-10 Fall Time ;
+-------------------------+--------------+-----------------+-----------------+
; clk                     ; 2.5 V        ; 2000 ps         ; 2000 ps         ;
; switch_bus[6]           ; 2.5 V        ; 2000 ps         ; 2000 ps         ;
; switch_bus[17]          ; 2.5 V        ; 2000 ps         ; 2000 ps         ;
; switch_bus[15]          ; 2.5 V        ; 2000 ps         ; 2000 ps         ;
; switch_bus[16]          ; 2.5 V        ; 2000 ps         ; 2000 ps         ;
; switch_bus[11]          ; 2.5 V        ; 2000 ps         ; 2000 ps         ;
; switch_bus[12]          ; 2.5 V        ; 2000 ps         ; 2000 ps         ;
; switch_bus[13]          ; 2.5 V        ; 2000 ps         ; 2000 ps         ;
; switch_bus[14]          ; 2.5 V        ; 2000 ps         ; 2000 ps         ;
; switch_bus[5]           ; 2.5 V        ; 2000 ps         ; 2000 ps         ;
; switch_bus[7]           ; 2.5 V        ; 2000 ps         ; 2000 ps         ;
; switch_bus[4]           ; 2.5 V        ; 2000 ps         ; 2000 ps         ;
; switch_bus[3]           ; 2.5 V        ; 2000 ps         ; 2000 ps         ;
; switch_bus[2]           ; 2.5 V        ; 2000 ps         ; 2000 ps         ;
; switch_bus[1]           ; 2.5 V        ; 2000 ps         ; 2000 ps         ;
; switch_bus[0]           ; 2.5 V        ; 2000 ps         ; 2000 ps         ;
; switch_bus[10]          ; 2.5 V        ; 2000 ps         ; 2000 ps         ;
; switch_bus[9]           ; 2.5 V        ; 2000 ps         ; 2000 ps         ;
; switch_bus[8]           ; 2.5 V        ; 2000 ps         ; 2000 ps         ;
; btn_send                ; 2.5 V        ; 2000 ps         ; 2000 ps         ;
; btn_rst                 ; 2.5 V        ; 2000 ps         ; 2000 ps         ;
; ~ALTERA_ASDO_DATA1~     ; 2.5 V        ; 2000 ps         ; 2000 ps         ;
; ~ALTERA_FLASH_nCE_nCSO~ ; 2.5 V        ; 2000 ps         ; 2000 ps         ;
; ~ALTERA_DATA0~          ; 2.5 V        ; 2000 ps         ; 2000 ps         ;
+-------------------------+--------------+-----------------+-----------------+


+--------------------------------------------------------------------------------------------------------------------------------------------------------------------------------------------------------------------------------------------------------------------------------------------------------------------------------------------------------------------------------------------------------------------------------------------------------------------------------------------------------------------------------------------------------------------------------------------------------------------------------------------------------------------------------------------+
; Signal Integrity Metrics (Slow 1200mv 0c Model)                                                                                                                                                                                                                                                                                                                                                                                                                                                                                                                                                                                                                                            ;
+---------------+--------------+---------------------+---------------------+------------------------------+------------------------------+---------------------+---------------------+--------------------------------------+--------------------------------------+-----------------------------+-----------------------------+----------------------------+----------------------------+-----------------------------+-----------------------------+--------------------+--------------------+-------------------------------------+-------------------------------------+----------------------------+----------------------------+---------------------------+---------------------------+
; Pin           ; I/O Standard ; Board Delay on Rise ; Board Delay on Fall ; Steady State Voh at FPGA Pin ; Steady State Vol at FPGA Pin ; Voh Max at FPGA Pin ; Vol Min at FPGA Pin ; Ringback Voltage on Rise at FPGA Pin ; Ringback Voltage on Fall at FPGA Pin ; 10-90 Rise Time at FPGA Pin ; 90-10 Fall Time at FPGA Pin ; Monotonic Rise at FPGA Pin ; Monotonic Fall at FPGA Pin ; Steady State Voh at Far-end ; Steady State Vol at Far-end ; Voh Max at Far-end ; Vol Min at Far-end ; Ringback Voltage on Rise at Far-end ; Ringback Voltage on Fall at Far-end ; 10-90 Rise Time at Far-end ; 90-10 Fall Time at Far-end ; Monotonic Rise at Far-end ; Monotonic Fall at Far-end ;
+---------------+--------------+---------------------+---------------------+------------------------------+------------------------------+---------------------+---------------------+--------------------------------------+--------------------------------------+-----------------------------+-----------------------------+----------------------------+----------------------------+-----------------------------+-----------------------------+--------------------+--------------------+-------------------------------------+-------------------------------------+----------------------------+----------------------------+---------------------------+---------------------------+
; lcd_data[0]   ; 2.5 V        ; 0 s                 ; 0 s                 ; 2.32 V                       ; 5.95e-09 V                   ; 2.33 V              ; -0.00616 V          ; 0.191 V                              ; 0.099 V                              ; 2.83e-09 s                  ; 2.56e-09 s                  ; No                         ; Yes                        ; 2.32 V                      ; 5.95e-09 V                  ; 2.33 V             ; -0.00616 V         ; 0.191 V                             ; 0.099 V                             ; 2.83e-09 s                 ; 2.56e-09 s                 ; No                        ; Yes                       ;
; lcd_data[1]   ; 2.5 V        ; 0 s                 ; 0 s                 ; 2.32 V                       ; 5.95e-09 V                   ; 2.38 V              ; -0.016 V            ; 0.22 V                               ; 0.025 V                              ; 3.06e-10 s                  ; 3.3e-10 s                   ; Yes                        ; Yes                        ; 2.32 V                      ; 5.95e-09 V                  ; 2.38 V             ; -0.016 V           ; 0.22 V                              ; 0.025 V                             ; 3.06e-10 s                 ; 3.3e-10 s                  ; Yes                       ; Yes                       ;
; lcd_data[2]   ; 2.5 V        ; 0 s                 ; 0 s                 ; 2.32 V                       ; 4.44e-09 V                   ; 2.38 V              ; -0.0145 V           ; 0.169 V                              ; 0.026 V                              ; 4.83e-10 s                  ; 4.71e-10 s                  ; Yes                        ; Yes                        ; 2.32 V                      ; 4.44e-09 V                  ; 2.38 V             ; -0.0145 V          ; 0.169 V                             ; 0.026 V                             ; 4.83e-10 s                 ; 4.71e-10 s                 ; Yes                       ; Yes                       ;
; lcd_data[3]   ; 2.5 V        ; 0 s                 ; 0 s                 ; 2.32 V                       ; 5.95e-09 V                   ; 2.38 V              ; -0.016 V            ; 0.22 V                               ; 0.025 V                              ; 3.06e-10 s                  ; 3.3e-10 s                   ; Yes                        ; Yes                        ; 2.32 V                      ; 5.95e-09 V                  ; 2.38 V             ; -0.016 V           ; 0.22 V                              ; 0.025 V                             ; 3.06e-10 s                 ; 3.3e-10 s                  ; Yes                       ; Yes                       ;
; lcd_data[4]   ; 2.5 V        ; 0 s                 ; 0 s                 ; 2.32 V                       ; 5.95e-09 V                   ; 2.38 V              ; -0.016 V            ; 0.22 V                               ; 0.025 V                              ; 3.06e-10 s                  ; 3.3e-10 s                   ; Yes                        ; Yes                        ; 2.32 V                      ; 5.95e-09 V                  ; 2.38 V             ; -0.016 V           ; 0.22 V                              ; 0.025 V                             ; 3.06e-10 s                 ; 3.3e-10 s                  ; Yes                       ; Yes                       ;
; lcd_data[5]   ; 2.5 V        ; 0 s                 ; 0 s                 ; 2.32 V                       ; 5.95e-09 V                   ; 2.38 V              ; -0.016 V            ; 0.22 V                               ; 0.025 V                              ; 3.06e-10 s                  ; 3.3e-10 s                   ; Yes                        ; Yes                        ; 2.32 V                      ; 5.95e-09 V                  ; 2.38 V             ; -0.016 V           ; 0.22 V                              ; 0.025 V                             ; 3.06e-10 s                 ; 3.3e-10 s                  ; Yes                       ; Yes                       ;
; lcd_data[6]   ; 2.5 V        ; 0 s                 ; 0 s                 ; 2.32 V                       ; 5.95e-09 V                   ; 2.38 V              ; -0.016 V            ; 0.22 V                               ; 0.025 V                              ; 3.06e-10 s                  ; 3.3e-10 s                   ; Yes                        ; Yes                        ; 2.32 V                      ; 5.95e-09 V                  ; 2.38 V             ; -0.016 V           ; 0.22 V                              ; 0.025 V                             ; 3.06e-10 s                 ; 3.3e-10 s                  ; Yes                       ; Yes                       ;
; lcd_data[7]   ; 2.5 V        ; 0 s                 ; 0 s                 ; 2.32 V                       ; 5.95e-09 V                   ; 2.38 V              ; -0.016 V            ; 0.22 V                               ; 0.025 V                              ; 3.06e-10 s                  ; 3.3e-10 s                   ; Yes                        ; Yes                        ; 2.32 V                      ; 5.95e-09 V                  ; 2.38 V             ; -0.016 V           ; 0.22 V                              ; 0.025 V                             ; 3.06e-10 s                 ; 3.3e-10 s                  ; Yes                       ; Yes                       ;
; lcd_rs        ; 2.5 V        ; 0 s                 ; 0 s                 ; 2.32 V                       ; 5.95e-09 V                   ; 2.38 V              ; -0.016 V            ; 0.22 V                               ; 0.025 V                              ; 3.06e-10 s                  ; 3.3e-10 s                   ; Yes                        ; Yes                        ; 2.32 V                      ; 5.95e-09 V                  ; 2.38 V             ; -0.016 V           ; 0.22 V                              ; 0.025 V                             ; 3.06e-10 s                 ; 3.3e-10 s                  ; Yes                       ; Yes                       ;
; lcd_rw        ; 2.5 V        ; 0 s                 ; 0 s                 ; 2.32 V                       ; 4.44e-09 V                   ; 2.33 V              ; -0.00624 V          ; 0.185 V                              ; 0.097 V                              ; 2.82e-09 s                  ; 2.56e-09 s                  ; No                         ; Yes                        ; 2.32 V                      ; 4.44e-09 V                  ; 2.33 V             ; -0.00624 V         ; 0.185 V                             ; 0.097 V                             ; 2.82e-09 s                 ; 2.56e-09 s                 ; No                        ; Yes                       ;
; lcd_en        ; 2.5 V        ; 0 s                 ; 0 s                 ; 2.32 V                       ; 5.95e-09 V                   ; 2.38 V              ; -0.016 V            ; 0.22 V                               ; 0.025 V                              ; 3.06e-10 s                  ; 3.3e-10 s                   ; Yes                        ; Yes                        ; 2.32 V                      ; 5.95e-09 V                  ; 2.38 V             ; -0.016 V           ; 0.22 V                              ; 0.025 V                             ; 3.06e-10 s                 ; 3.3e-10 s                  ; Yes                       ; Yes                       ;
; ~ALTERA_DCLK~ ; 2.5 V        ; 0 s                 ; 0 s                 ; 2.32 V                       ; 3.45e-09 V                   ; 2.38 V              ; -0.0609 V           ; 0.148 V                              ; 0.095 V                              ; 2.82e-10 s                  ; 2.59e-10 s                  ; Yes                        ; Yes                        ; 2.32 V                      ; 3.45e-09 V                  ; 2.38 V             ; -0.0609 V          ; 0.148 V                             ; 0.095 V                             ; 2.82e-10 s                 ; 2.59e-10 s                 ; Yes                       ; Yes                       ;
; ~ALTERA_nCEO~ ; 2.5 V        ; 0 s                 ; 0 s                 ; 2.32 V                       ; 5.61e-09 V                   ; 2.38 V              ; -0.00274 V          ; 0.141 V                              ; 0.006 V                              ; 4.7e-10 s                   ; 6.02e-10 s                  ; Yes                        ; Yes                        ; 2.32 V                      ; 5.61e-09 V                  ; 2.38 V             ; -0.00274 V         ; 0.141 V                             ; 0.006 V                             ; 4.7e-10 s                  ; 6.02e-10 s                 ; Yes                       ; Yes                       ;
+---------------+--------------+---------------------+---------------------+------------------------------+------------------------------+---------------------+---------------------+--------------------------------------+--------------------------------------+-----------------------------+-----------------------------+----------------------------+----------------------------+-----------------------------+-----------------------------+--------------------+--------------------+-------------------------------------+-------------------------------------+----------------------------+----------------------------+---------------------------+---------------------------+


+--------------------------------------------------------------------------------------------------------------------------------------------------------------------------------------------------------------------------------------------------------------------------------------------------------------------------------------------------------------------------------------------------------------------------------------------------------------------------------------------------------------------------------------------------------------------------------------------------------------------------------------------------------------------------------------------+
; Signal Integrity Metrics (Slow 1200mv 85c Model)                                                                                                                                                                                                                                                                                                                                                                                                                                                                                                                                                                                                                                           ;
+---------------+--------------+---------------------+---------------------+------------------------------+------------------------------+---------------------+---------------------+--------------------------------------+--------------------------------------+-----------------------------+-----------------------------+----------------------------+----------------------------+-----------------------------+-----------------------------+--------------------+--------------------+-------------------------------------+-------------------------------------+----------------------------+----------------------------+---------------------------+---------------------------+
; Pin           ; I/O Standard ; Board Delay on Rise ; Board Delay on Fall ; Steady State Voh at FPGA Pin ; Steady State Vol at FPGA Pin ; Voh Max at FPGA Pin ; Vol Min at FPGA Pin ; Ringback Voltage on Rise at FPGA Pin ; Ringback Voltage on Fall at FPGA Pin ; 10-90 Rise Time at FPGA Pin ; 90-10 Fall Time at FPGA Pin ; Monotonic Rise at FPGA Pin ; Monotonic Fall at FPGA Pin ; Steady State Voh at Far-end ; Steady State Vol at Far-end ; Voh Max at Far-end ; Vol Min at Far-end ; Ringback Voltage on Rise at Far-end ; Ringback Voltage on Fall at Far-end ; 10-90 Rise Time at Far-end ; 90-10 Fall Time at Far-end ; Monotonic Rise at Far-end ; Monotonic Fall at Far-end ;
+---------------+--------------+---------------------+---------------------+------------------------------+------------------------------+---------------------+---------------------+--------------------------------------+--------------------------------------+-----------------------------+-----------------------------+----------------------------+----------------------------+-----------------------------+-----------------------------+--------------------+--------------------+-------------------------------------+-------------------------------------+----------------------------+----------------------------+---------------------------+---------------------------+
; lcd_data[0]   ; 2.5 V        ; 0 s                 ; 0 s                 ; 2.32 V                       ; 1.06e-06 V                   ; 2.33 V              ; -0.00344 V          ; 0.134 V                              ; 0.075 V                              ; 3.33e-09 s                  ; 3.16e-09 s                  ; Yes                        ; Yes                        ; 2.32 V                      ; 1.06e-06 V                  ; 2.33 V             ; -0.00344 V         ; 0.134 V                             ; 0.075 V                             ; 3.33e-09 s                 ; 3.16e-09 s                 ; Yes                       ; Yes                       ;
; lcd_data[1]   ; 2.5 V        ; 0 s                 ; 0 s                 ; 2.32 V                       ; 1.06e-06 V                   ; 2.36 V              ; -0.00724 V          ; 0.107 V                              ; 0.02 V                               ; 4.5e-10 s                   ; 4.25e-10 s                  ; Yes                        ; Yes                        ; 2.32 V                      ; 1.06e-06 V                  ; 2.36 V             ; -0.00724 V         ; 0.107 V                             ; 0.02 V                              ; 4.5e-10 s                  ; 4.25e-10 s                 ; Yes                       ; Yes                       ;
; lcd_data[2]   ; 2.5 V        ; 0 s                 ; 0 s                 ; 2.32 V                       ; 7.16e-07 V                   ; 2.35 V              ; -0.00832 V          ; 0.101 V                              ; 0.024 V                              ; 6.39e-10 s                  ; 6e-10 s                     ; Yes                        ; Yes                        ; 2.32 V                      ; 7.16e-07 V                  ; 2.35 V             ; -0.00832 V         ; 0.101 V                             ; 0.024 V                             ; 6.39e-10 s                 ; 6e-10 s                    ; Yes                       ; Yes                       ;
; lcd_data[3]   ; 2.5 V        ; 0 s                 ; 0 s                 ; 2.32 V                       ; 1.06e-06 V                   ; 2.36 V              ; -0.00724 V          ; 0.107 V                              ; 0.02 V                               ; 4.5e-10 s                   ; 4.25e-10 s                  ; Yes                        ; Yes                        ; 2.32 V                      ; 1.06e-06 V                  ; 2.36 V             ; -0.00724 V         ; 0.107 V                             ; 0.02 V                              ; 4.5e-10 s                  ; 4.25e-10 s                 ; Yes                       ; Yes                       ;
; lcd_data[4]   ; 2.5 V        ; 0 s                 ; 0 s                 ; 2.32 V                       ; 1.06e-06 V                   ; 2.36 V              ; -0.00724 V          ; 0.107 V                              ; 0.02 V                               ; 4.5e-10 s                   ; 4.25e-10 s                  ; Yes                        ; Yes                        ; 2.32 V                      ; 1.06e-06 V                  ; 2.36 V             ; -0.00724 V         ; 0.107 V                             ; 0.02 V                              ; 4.5e-10 s                  ; 4.25e-10 s                 ; Yes                       ; Yes                       ;
; lcd_data[5]   ; 2.5 V        ; 0 s                 ; 0 s                 ; 2.32 V                       ; 1.06e-06 V                   ; 2.36 V              ; -0.00724 V          ; 0.107 V                              ; 0.02 V                               ; 4.5e-10 s                   ; 4.25e-10 s                  ; Yes                        ; Yes                        ; 2.32 V                      ; 1.06e-06 V                  ; 2.36 V             ; -0.00724 V         ; 0.107 V                             ; 0.02 V                              ; 4.5e-10 s                  ; 4.25e-10 s                 ; Yes                       ; Yes                       ;
; lcd_data[6]   ; 2.5 V        ; 0 s                 ; 0 s                 ; 2.32 V                       ; 1.06e-06 V                   ; 2.36 V              ; -0.00724 V          ; 0.107 V                              ; 0.02 V                               ; 4.5e-10 s                   ; 4.25e-10 s                  ; Yes                        ; Yes                        ; 2.32 V                      ; 1.06e-06 V                  ; 2.36 V             ; -0.00724 V         ; 0.107 V                             ; 0.02 V                              ; 4.5e-10 s                  ; 4.25e-10 s                 ; Yes                       ; Yes                       ;
; lcd_data[7]   ; 2.5 V        ; 0 s                 ; 0 s                 ; 2.32 V                       ; 1.06e-06 V                   ; 2.36 V              ; -0.00724 V          ; 0.107 V                              ; 0.02 V                               ; 4.5e-10 s                   ; 4.25e-10 s                  ; Yes                        ; Yes                        ; 2.32 V                      ; 1.06e-06 V                  ; 2.36 V             ; -0.00724 V         ; 0.107 V                             ; 0.02 V                              ; 4.5e-10 s                  ; 4.25e-10 s                 ; Yes                       ; Yes                       ;
; lcd_rs        ; 2.5 V        ; 0 s                 ; 0 s                 ; 2.32 V                       ; 1.06e-06 V                   ; 2.36 V              ; -0.00724 V          ; 0.107 V                              ; 0.02 V                               ; 4.5e-10 s                   ; 4.25e-10 s                  ; Yes                        ; Yes                        ; 2.32 V                      ; 1.06e-06 V                  ; 2.36 V             ; -0.00724 V         ; 0.107 V                             ; 0.02 V                              ; 4.5e-10 s                  ; 4.25e-10 s                 ; Yes                       ; Yes                       ;
; lcd_rw        ; 2.5 V        ; 0 s                 ; 0 s                 ; 2.32 V                       ; 7.16e-07 V                   ; 2.33 V              ; -0.00349 V          ; 0.163 V                              ; 0.074 V                              ; 3.33e-09 s                  ; 3.14e-09 s                  ; Yes                        ; Yes                        ; 2.32 V                      ; 7.16e-07 V                  ; 2.33 V             ; -0.00349 V         ; 0.163 V                             ; 0.074 V                             ; 3.33e-09 s                 ; 3.14e-09 s                 ; Yes                       ; Yes                       ;
; lcd_en        ; 2.5 V        ; 0 s                 ; 0 s                 ; 2.32 V                       ; 1.06e-06 V                   ; 2.36 V              ; -0.00724 V          ; 0.107 V                              ; 0.02 V                               ; 4.5e-10 s                   ; 4.25e-10 s                  ; Yes                        ; Yes                        ; 2.32 V                      ; 1.06e-06 V                  ; 2.36 V             ; -0.00724 V         ; 0.107 V                             ; 0.02 V                              ; 4.5e-10 s                  ; 4.25e-10 s                 ; Yes                       ; Yes                       ;
; ~ALTERA_DCLK~ ; 2.5 V        ; 0 s                 ; 0 s                 ; 2.32 V                       ; 5.74e-07 V                   ; 2.36 V              ; -0.0201 V           ; 0.072 V                              ; 0.033 V                              ; 4.04e-10 s                  ; 3.29e-10 s                  ; Yes                        ; Yes                        ; 2.32 V                      ; 5.74e-07 V                  ; 2.36 V             ; -0.0201 V          ; 0.072 V                             ; 0.033 V                             ; 4.04e-10 s                 ; 3.29e-10 s                 ; Yes                       ; Yes                       ;
; ~ALTERA_nCEO~ ; 2.5 V        ; 0 s                 ; 0 s                 ; 2.32 V                       ; 9.45e-07 V                   ; 2.35 V              ; -0.00643 V          ; 0.081 V                              ; 0.031 V                              ; 5.31e-10 s                  ; 7.59e-10 s                  ; Yes                        ; Yes                        ; 2.32 V                      ; 9.45e-07 V                  ; 2.35 V             ; -0.00643 V         ; 0.081 V                             ; 0.031 V                             ; 5.31e-10 s                 ; 7.59e-10 s                 ; Yes                       ; Yes                       ;
+---------------+--------------+---------------------+---------------------+------------------------------+------------------------------+---------------------+---------------------+--------------------------------------+--------------------------------------+-----------------------------+-----------------------------+----------------------------+----------------------------+-----------------------------+-----------------------------+--------------------+--------------------+-------------------------------------+-------------------------------------+----------------------------+----------------------------+---------------------------+---------------------------+


+--------------------------------------------------------------------------------------------------------------------------------------------------------------------------------------------------------------------------------------------------------------------------------------------------------------------------------------------------------------------------------------------------------------------------------------------------------------------------------------------------------------------------------------------------------------------------------------------------------------------------------------------------------------------------------------------+
; Signal Integrity Metrics (Fast 1200mv 0c Model)                                                                                                                                                                                                                                                                                                                                                                                                                                                                                                                                                                                                                                            ;
+---------------+--------------+---------------------+---------------------+------------------------------+------------------------------+---------------------+---------------------+--------------------------------------+--------------------------------------+-----------------------------+-----------------------------+----------------------------+----------------------------+-----------------------------+-----------------------------+--------------------+--------------------+-------------------------------------+-------------------------------------+----------------------------+----------------------------+---------------------------+---------------------------+
; Pin           ; I/O Standard ; Board Delay on Rise ; Board Delay on Fall ; Steady State Voh at FPGA Pin ; Steady State Vol at FPGA Pin ; Voh Max at FPGA Pin ; Vol Min at FPGA Pin ; Ringback Voltage on Rise at FPGA Pin ; Ringback Voltage on Fall at FPGA Pin ; 10-90 Rise Time at FPGA Pin ; 90-10 Fall Time at FPGA Pin ; Monotonic Rise at FPGA Pin ; Monotonic Fall at FPGA Pin ; Steady State Voh at Far-end ; Steady State Vol at Far-end ; Voh Max at Far-end ; Vol Min at Far-end ; Ringback Voltage on Rise at Far-end ; Ringback Voltage on Fall at Far-end ; 10-90 Rise Time at Far-end ; 90-10 Fall Time at Far-end ; Monotonic Rise at Far-end ; Monotonic Fall at Far-end ;
+---------------+--------------+---------------------+---------------------+------------------------------+------------------------------+---------------------+---------------------+--------------------------------------+--------------------------------------+-----------------------------+-----------------------------+----------------------------+----------------------------+-----------------------------+-----------------------------+--------------------+--------------------+-------------------------------------+-------------------------------------+----------------------------+----------------------------+---------------------------+---------------------------+
; lcd_data[0]   ; 2.5 V        ; 0 s                 ; 0 s                 ; 2.62 V                       ; 4.05e-08 V                   ; 2.64 V              ; -0.0113 V           ; 0.208 V                              ; 0.179 V                              ; 2.38e-09 s                  ; 2.23e-09 s                  ; No                         ; Yes                        ; 2.62 V                      ; 4.05e-08 V                  ; 2.64 V             ; -0.0113 V          ; 0.208 V                             ; 0.179 V                             ; 2.38e-09 s                 ; 2.23e-09 s                 ; No                        ; Yes                       ;
; lcd_data[1]   ; 2.5 V        ; 0 s                 ; 0 s                 ; 2.62 V                       ; 4.05e-08 V                   ; 2.72 V              ; -0.0349 V           ; 0.173 V                              ; 0.1 V                                ; 2.72e-10 s                  ; 2.69e-10 s                  ; Yes                        ; Yes                        ; 2.62 V                      ; 4.05e-08 V                  ; 2.72 V             ; -0.0349 V          ; 0.173 V                             ; 0.1 V                               ; 2.72e-10 s                 ; 2.69e-10 s                 ; Yes                       ; Yes                       ;
; lcd_data[2]   ; 2.5 V        ; 0 s                 ; 0 s                 ; 2.62 V                       ; 2.74e-08 V                   ; 2.71 V              ; -0.0317 V           ; 0.148 V                              ; 0.064 V                              ; 4.51e-10 s                  ; 4.15e-10 s                  ; No                         ; Yes                        ; 2.62 V                      ; 2.74e-08 V                  ; 2.71 V             ; -0.0317 V          ; 0.148 V                             ; 0.064 V                             ; 4.51e-10 s                 ; 4.15e-10 s                 ; No                        ; Yes                       ;
; lcd_data[3]   ; 2.5 V        ; 0 s                 ; 0 s                 ; 2.62 V                       ; 4.05e-08 V                   ; 2.72 V              ; -0.0349 V           ; 0.173 V                              ; 0.1 V                                ; 2.72e-10 s                  ; 2.69e-10 s                  ; Yes                        ; Yes                        ; 2.62 V                      ; 4.05e-08 V                  ; 2.72 V             ; -0.0349 V          ; 0.173 V                             ; 0.1 V                               ; 2.72e-10 s                 ; 2.69e-10 s                 ; Yes                       ; Yes                       ;
; lcd_data[4]   ; 2.5 V        ; 0 s                 ; 0 s                 ; 2.62 V                       ; 4.05e-08 V                   ; 2.72 V              ; -0.0349 V           ; 0.173 V                              ; 0.1 V                                ; 2.72e-10 s                  ; 2.69e-10 s                  ; Yes                        ; Yes                        ; 2.62 V                      ; 4.05e-08 V                  ; 2.72 V             ; -0.0349 V          ; 0.173 V                             ; 0.1 V                               ; 2.72e-10 s                 ; 2.69e-10 s                 ; Yes                       ; Yes                       ;
; lcd_data[5]   ; 2.5 V        ; 0 s                 ; 0 s                 ; 2.62 V                       ; 4.05e-08 V                   ; 2.72 V              ; -0.0349 V           ; 0.173 V                              ; 0.1 V                                ; 2.72e-10 s                  ; 2.69e-10 s                  ; Yes                        ; Yes                        ; 2.62 V                      ; 4.05e-08 V                  ; 2.72 V             ; -0.0349 V          ; 0.173 V                             ; 0.1 V                               ; 2.72e-10 s                 ; 2.69e-10 s                 ; Yes                       ; Yes                       ;
; lcd_data[6]   ; 2.5 V        ; 0 s                 ; 0 s                 ; 2.62 V                       ; 4.05e-08 V                   ; 2.72 V              ; -0.0349 V           ; 0.173 V                              ; 0.1 V                                ; 2.72e-10 s                  ; 2.69e-10 s                  ; Yes                        ; Yes                        ; 2.62 V                      ; 4.05e-08 V                  ; 2.72 V             ; -0.0349 V          ; 0.173 V                             ; 0.1 V                               ; 2.72e-10 s                 ; 2.69e-10 s                 ; Yes                       ; Yes                       ;
; lcd_data[7]   ; 2.5 V        ; 0 s                 ; 0 s                 ; 2.62 V                       ; 4.05e-08 V                   ; 2.72 V              ; -0.0349 V           ; 0.173 V                              ; 0.1 V                                ; 2.72e-10 s                  ; 2.69e-10 s                  ; Yes                        ; Yes                        ; 2.62 V                      ; 4.05e-08 V                  ; 2.72 V             ; -0.0349 V          ; 0.173 V                             ; 0.1 V                               ; 2.72e-10 s                 ; 2.69e-10 s                 ; Yes                       ; Yes                       ;
; lcd_rs        ; 2.5 V        ; 0 s                 ; 0 s                 ; 2.62 V                       ; 4.05e-08 V                   ; 2.72 V              ; -0.0349 V           ; 0.173 V                              ; 0.1 V                                ; 2.72e-10 s                  ; 2.69e-10 s                  ; Yes                        ; Yes                        ; 2.62 V                      ; 4.05e-08 V                  ; 2.72 V             ; -0.0349 V          ; 0.173 V                             ; 0.1 V                               ; 2.72e-10 s                 ; 2.69e-10 s                 ; Yes                       ; Yes                       ;
; lcd_rw        ; 2.5 V        ; 0 s                 ; 0 s                 ; 2.62 V                       ; 2.74e-08 V                   ; 2.64 V              ; -0.0117 V           ; 0.202 V                              ; 0.176 V                              ; 2.38e-09 s                  ; 2.22e-09 s                  ; No                         ; Yes                        ; 2.62 V                      ; 2.74e-08 V                  ; 2.64 V             ; -0.0117 V          ; 0.202 V                             ; 0.176 V                             ; 2.38e-09 s                 ; 2.22e-09 s                 ; No                        ; Yes                       ;
; lcd_en        ; 2.5 V        ; 0 s                 ; 0 s                 ; 2.62 V                       ; 4.05e-08 V                   ; 2.72 V              ; -0.0349 V           ; 0.173 V                              ; 0.1 V                                ; 2.72e-10 s                  ; 2.69e-10 s                  ; Yes                        ; Yes                        ; 2.62 V                      ; 4.05e-08 V                  ; 2.72 V             ; -0.0349 V          ; 0.173 V                             ; 0.1 V                               ; 2.72e-10 s                 ; 2.69e-10 s                 ; Yes                       ; Yes                       ;
; ~ALTERA_DCLK~ ; 2.5 V        ; 0 s                 ; 0 s                 ; 2.62 V                       ; 2.22e-08 V                   ; 2.74 V              ; -0.06 V             ; 0.158 V                              ; 0.08 V                               ; 2.68e-10 s                  ; 2.19e-10 s                  ; Yes                        ; Yes                        ; 2.62 V                      ; 2.22e-08 V                  ; 2.74 V             ; -0.06 V            ; 0.158 V                             ; 0.08 V                              ; 2.68e-10 s                 ; 2.19e-10 s                 ; Yes                       ; Yes                       ;
; ~ALTERA_nCEO~ ; 2.5 V        ; 0 s                 ; 0 s                 ; 2.62 V                       ; 3.54e-08 V                   ; 2.7 V               ; -0.00943 V          ; 0.276 V                              ; 0.035 V                              ; 3.19e-10 s                  ; 4.99e-10 s                  ; No                         ; Yes                        ; 2.62 V                      ; 3.54e-08 V                  ; 2.7 V              ; -0.00943 V         ; 0.276 V                             ; 0.035 V                             ; 3.19e-10 s                 ; 4.99e-10 s                 ; No                        ; Yes                       ;
+---------------+--------------+---------------------+---------------------+------------------------------+------------------------------+---------------------+---------------------+--------------------------------------+--------------------------------------+-----------------------------+-----------------------------+----------------------------+----------------------------+-----------------------------+-----------------------------+--------------------+--------------------+-------------------------------------+-------------------------------------+----------------------------+----------------------------+---------------------------+---------------------------+


+-----------------------------------------------------------------------+
; Setup Transfers                                                       ;
+------------+----------+--------------+----------+----------+----------+
; From Clock ; To Clock ; RR Paths     ; FR Paths ; RF Paths ; FF Paths ;
+------------+----------+--------------+----------+----------+----------+
; clk        ; clk      ; > 2147483647 ; 0        ; 0        ; 0        ;
+------------+----------+--------------+----------+----------+----------+
Entries labeled "false path" only account for clock-to-clock false paths and not path-based false paths. As a result, actual path counts may be lower than reported.


+-----------------------------------------------------------------------+
; Hold Transfers                                                        ;
+------------+----------+--------------+----------+----------+----------+
; From Clock ; To Clock ; RR Paths     ; FR Paths ; RF Paths ; FF Paths ;
+------------+----------+--------------+----------+----------+----------+
; clk        ; clk      ; > 2147483647 ; 0        ; 0        ; 0        ;
+------------+----------+--------------+----------+----------+----------+
Entries labeled "false path" only account for clock-to-clock false paths and not path-based false paths. As a result, actual path counts may be lower than reported.


+-------------------------------------------------------------------+
; Recovery Transfers                                                ;
+------------+----------+----------+----------+----------+----------+
; From Clock ; To Clock ; RR Paths ; FR Paths ; RF Paths ; FF Paths ;
+------------+----------+----------+----------+----------+----------+
; clk        ; clk      ; 73       ; 0        ; 0        ; 0        ;
+------------+----------+----------+----------+----------+----------+
Entries labeled "false path" only account for clock-to-clock false paths and not path-based false paths. As a result, actual path counts may be lower than reported.


+-------------------------------------------------------------------+
; Removal Transfers                                                 ;
+------------+----------+----------+----------+----------+----------+
; From Clock ; To Clock ; RR Paths ; FR Paths ; RF Paths ; FF Paths ;
+------------+----------+----------+----------+----------+----------+
; clk        ; clk      ; 73       ; 0        ; 0        ; 0        ;
+------------+----------+----------+----------+----------+----------+
Entries labeled "false path" only account for clock-to-clock false paths and not path-based false paths. As a result, actual path counts may be lower than reported.


---------------
; Report TCCS ;
---------------
No dedicated SERDES Transmitter circuitry present in device or used in design


---------------
; Report RSKM ;
---------------
No non-DPA dedicated SERDES Receiver circuitry present in device or used in design


+------------------------------------------------+
; Unconstrained Paths Summary                    ;
+---------------------------------+-------+------+
; Property                        ; Setup ; Hold ;
+---------------------------------+-------+------+
; Illegal Clocks                  ; 0     ; 0    ;
; Unconstrained Clocks            ; 0     ; 0    ;
; Unconstrained Input Ports       ; 20    ; 20   ;
; Unconstrained Input Port Paths  ; 20    ; 20   ;
; Unconstrained Output Ports      ; 10    ; 10   ;
; Unconstrained Output Port Paths ; 125   ; 125  ;
+---------------------------------+-------+------+


+-------------------------------------+
; Clock Status Summary                ;
+--------+-------+------+-------------+
; Target ; Clock ; Type ; Status      ;
+--------+-------+------+-------------+
; clk    ; clk   ; Base ; Constrained ;
+--------+-------+------+-------------+


+-------------------------------------------------------------------------------------------------------+
; Unconstrained Input Ports                                                                             ;
+----------------+--------------------------------------------------------------------------------------+
; Input Port     ; Comment                                                                              ;
+----------------+--------------------------------------------------------------------------------------+
; btn_rst        ; No input delay, min/max delays, false-path exceptions, or max skew assignments found ;
; btn_send       ; No input delay, min/max delays, false-path exceptions, or max skew assignments found ;
; switch_bus[0]  ; No input delay, min/max delays, false-path exceptions, or max skew assignments found ;
; switch_bus[1]  ; No input delay, min/max delays, false-path exceptions, or max skew assignments found ;
; switch_bus[2]  ; No input delay, min/max delays, false-path exceptions, or max skew assignments found ;
; switch_bus[3]  ; No input delay, min/max delays, false-path exceptions, or max skew assignments found ;
; switch_bus[4]  ; No input delay, min/max delays, false-path exceptions, or max skew assignments found ;
; switch_bus[5]  ; No input delay, min/max delays, false-path exceptions, or max skew assignments found ;
; switch_bus[6]  ; No input delay, min/max delays, false-path exceptions, or max skew assignments found ;
; switch_bus[7]  ; No input delay, min/max delays, false-path exceptions, or max skew assignments found ;
; switch_bus[8]  ; No input delay, min/max delays, false-path exceptions, or max skew assignments found ;
; switch_bus[9]  ; No input delay, min/max delays, false-path exceptions, or max skew assignments found ;
; switch_bus[10] ; No input delay, min/max delays, false-path exceptions, or max skew assignments found ;
; switch_bus[11] ; No input delay, min/max delays, false-path exceptions, or max skew assignments found ;
; switch_bus[12] ; No input delay, min/max delays, false-path exceptions, or max skew assignments found ;
; switch_bus[13] ; No input delay, min/max delays, false-path exceptions, or max skew assignments found ;
; switch_bus[14] ; No input delay, min/max delays, false-path exceptions, or max skew assignments found ;
; switch_bus[15] ; No input delay, min/max delays, false-path exceptions, or max skew assignments found ;
; switch_bus[16] ; No input delay, min/max delays, false-path exceptions, or max skew assignments found ;
; switch_bus[17] ; No input delay, min/max delays, false-path exceptions, or max skew assignments found ;
+----------------+--------------------------------------------------------------------------------------+


+-----------------------------------------------------------------------------------------------------+
; Unconstrained Output Ports                                                                          ;
+-------------+---------------------------------------------------------------------------------------+
; Output Port ; Comment                                                                               ;
+-------------+---------------------------------------------------------------------------------------+
; lcd_data[0] ; No output delay, min/max delays, false-path exceptions, or max skew assignments found ;
; lcd_data[1] ; No output delay, min/max delays, false-path exceptions, or max skew assignments found ;
; lcd_data[2] ; No output delay, min/max delays, false-path exceptions, or max skew assignments found ;
; lcd_data[3] ; No output delay, min/max delays, false-path exceptions, or max skew assignments found ;
; lcd_data[4] ; No output delay, min/max delays, false-path exceptions, or max skew assignments found ;
; lcd_data[5] ; No output delay, min/max delays, false-path exceptions, or max skew assignments found ;
; lcd_data[6] ; No output delay, min/max delays, false-path exceptions, or max skew assignments found ;
; lcd_data[7] ; No output delay, min/max delays, false-path exceptions, or max skew assignments found ;
; lcd_en      ; No output delay, min/max delays, false-path exceptions, or max skew assignments found ;
; lcd_rs      ; No output delay, min/max delays, false-path exceptions, or max skew assignments found ;
+-------------+---------------------------------------------------------------------------------------+


+-------------------------------------------------------------------------------------------------------+
; Unconstrained Input Ports                                                                             ;
+----------------+--------------------------------------------------------------------------------------+
; Input Port     ; Comment                                                                              ;
+----------------+--------------------------------------------------------------------------------------+
; btn_rst        ; No input delay, min/max delays, false-path exceptions, or max skew assignments found ;
; btn_send       ; No input delay, min/max delays, false-path exceptions, or max skew assignments found ;
; switch_bus[0]  ; No input delay, min/max delays, false-path exceptions, or max skew assignments found ;
; switch_bus[1]  ; No input delay, min/max delays, false-path exceptions, or max skew assignments found ;
; switch_bus[2]  ; No input delay, min/max delays, false-path exceptions, or max skew assignments found ;
; switch_bus[3]  ; No input delay, min/max delays, false-path exceptions, or max skew assignments found ;
; switch_bus[4]  ; No input delay, min/max delays, false-path exceptions, or max skew assignments found ;
; switch_bus[5]  ; No input delay, min/max delays, false-path exceptions, or max skew assignments found ;
; switch_bus[6]  ; No input delay, min/max delays, false-path exceptions, or max skew assignments found ;
; switch_bus[7]  ; No input delay, min/max delays, false-path exceptions, or max skew assignments found ;
; switch_bus[8]  ; No input delay, min/max delays, false-path exceptions, or max skew assignments found ;
; switch_bus[9]  ; No input delay, min/max delays, false-path exceptions, or max skew assignments found ;
; switch_bus[10] ; No input delay, min/max delays, false-path exceptions, or max skew assignments found ;
; switch_bus[11] ; No input delay, min/max delays, false-path exceptions, or max skew assignments found ;
; switch_bus[12] ; No input delay, min/max delays, false-path exceptions, or max skew assignments found ;
; switch_bus[13] ; No input delay, min/max delays, false-path exceptions, or max skew assignments found ;
; switch_bus[14] ; No input delay, min/max delays, false-path exceptions, or max skew assignments found ;
; switch_bus[15] ; No input delay, min/max delays, false-path exceptions, or max skew assignments found ;
; switch_bus[16] ; No input delay, min/max delays, false-path exceptions, or max skew assignments found ;
; switch_bus[17] ; No input delay, min/max delays, false-path exceptions, or max skew assignments found ;
+----------------+--------------------------------------------------------------------------------------+


+-----------------------------------------------------------------------------------------------------+
; Unconstrained Output Ports                                                                          ;
+-------------+---------------------------------------------------------------------------------------+
; Output Port ; Comment                                                                               ;
+-------------+---------------------------------------------------------------------------------------+
; lcd_data[0] ; No output delay, min/max delays, false-path exceptions, or max skew assignments found ;
; lcd_data[1] ; No output delay, min/max delays, false-path exceptions, or max skew assignments found ;
; lcd_data[2] ; No output delay, min/max delays, false-path exceptions, or max skew assignments found ;
; lcd_data[3] ; No output delay, min/max delays, false-path exceptions, or max skew assignments found ;
; lcd_data[4] ; No output delay, min/max delays, false-path exceptions, or max skew assignments found ;
; lcd_data[5] ; No output delay, min/max delays, false-path exceptions, or max skew assignments found ;
; lcd_data[6] ; No output delay, min/max delays, false-path exceptions, or max skew assignments found ;
; lcd_data[7] ; No output delay, min/max delays, false-path exceptions, or max skew assignments found ;
; lcd_en      ; No output delay, min/max delays, false-path exceptions, or max skew assignments found ;
; lcd_rs      ; No output delay, min/max delays, false-path exceptions, or max skew assignments found ;
+-------------+---------------------------------------------------------------------------------------+


+--------------------------+
; Timing Analyzer Messages ;
+--------------------------+
Info: *******************************************************************
Info: Running Quartus Prime Timing Analyzer
    Info: Version 25.1std.0 Build 1129 10/21/2025 SC Lite Edition
    Info: Processing started: Mon Jun  8 16:57:12 2026
Info: Command: quartus_sta control-unit -c fpga
Info: qsta_default_script.tcl version: #1
Warning (18236): Number of processors has not been specified which may cause overloading on shared machines.  Set the global assignment NUM_PARALLEL_PROCESSORS in your QSF to an appropriate value for best performance.
Info (20030): Parallel compilation is enabled and will use 4 of the 4 processors detected
Info (21076): High junction temperature operating condition is not set. Assuming a default value of '85'.
Info (21076): Low junction temperature operating condition is not set. Assuming a default value of '0'.
Critical Warning (332012): Synopsys Design Constraints File file not found: 'fpga.sdc'. A Synopsys Design Constraints File is required by the Timing Analyzer to get proper timing constraints. Without it, the Compiler will not properly optimize the design.
Info (332142): No user constrained base clocks found in the design. Calling "derive_clocks -period 1.0"
Info (332105): Deriving Clocks
    Info (332105): create_clock -period 1.000 -name clk clk
Info (332143): No user constrained clock uncertainty found in the design. Calling "derive_clock_uncertainty"
Info (332123): Deriving Clock Uncertainty. Please refer to report_sdc in the Timing Analyzer to see clock uncertainties.
Info: Found TIMING_ANALYZER_REPORT_SCRIPT_INCLUDE_DEFAULT_ANALYSIS = ON
Info: Analyzing Slow 1200mV 85C Model
Critical Warning (332148): Timing requirements not met
    Info (11105): For recommendations on closing timing, run Report Timing Closure Recommendations in the Timing Analyzer.
Info (332146): Worst-case setup slack is -17.322
    Info (332119):     Slack       End Point TNS Clock 
    Info (332119): ========= =================== =====================
    Info (332119):   -17.322           -2960.536 clk 
Info (332146): Worst-case hold slack is 0.342
    Info (332119):     Slack       End Point TNS Clock 
    Info (332119): ========= =================== =====================
    Info (332119):     0.342               0.000 clk 
Info (332146): Worst-case recovery slack is -1.033
    Info (332119):     Slack       End Point TNS Clock 
    Info (332119): ========= =================== =====================
    Info (332119):    -1.033             -37.339 clk 
Info (332146): Worst-case removal slack is 0.572
    Info (332119):     Slack       End Point TNS Clock 
    Info (332119): ========= =================== =====================
    Info (332119):     0.572               0.000 clk 
Info (332146): Worst-case minimum pulse width slack is -3.000
    Info (332119):     Slack       End Point TNS Clock 
    Info (332119): ========= =================== =====================
    Info (332119):    -3.000            -525.744 clk 
Info (332114): Report Metastability: Found 2 synchronizer chains.
    Info (332114): Design MTBF is not calculated because the design doesn't meet its timing requirements.
Info: Analyzing Slow 1200mV 0C Model
Info (334003): Started post-fitting delay annotation
Info (334004): Delay annotation completed successfully
Info (332123): Deriving Clock Uncertainty. Please refer to report_sdc in the Timing Analyzer to see clock uncertainties.
Critical Warning (332148): Timing requirements not met
    Info (11105): For recommendations on closing timing, run Report Timing Closure Recommendations in the Timing Analyzer.
Info (332146): Worst-case setup slack is -15.351
    Info (332119):     Slack       End Point TNS Clock 
    Info (332119): ========= =================== =====================
    Info (332119):   -15.351           -2612.091 clk 
Info (332146): Worst-case hold slack is 0.298
    Info (332119):     Slack       End Point TNS Clock 
    Info (332119): ========= =================== =====================
    Info (332119):     0.298               0.000 clk 
Info (332146): Worst-case recovery slack is -0.800
    Info (332119):     Slack       End Point TNS Clock 
    Info (332119): ========= =================== =====================
    Info (332119):    -0.800             -25.398 clk 
Info (332146): Worst-case removal slack is 0.507
    Info (332119):     Slack       End Point TNS Clock 
    Info (332119): ========= =================== =====================
    Info (332119):     0.507               0.000 clk 
Info (332146): Worst-case minimum pulse width slack is -3.000
    Info (332119):     Slack       End Point TNS Clock 
    Info (332119): ========= =================== =====================
    Info (332119):    -3.000            -525.744 clk 
Info (332114): Report Metastability: Found 2 synchronizer chains.
    Info (332114): Design MTBF is not calculated because the design doesn't meet its timing requirements.
Info: Analyzing Fast 1200mV 0C Model
Info (332123): Deriving Clock Uncertainty. Please refer to report_sdc in the Timing Analyzer to see clock uncertainties.
Critical Warning (332148): Timing requirements not met
    Info (11105): For recommendations on closing timing, run Report Timing Closure Recommendations in the Timing Analyzer.
Info (332146): Worst-case setup slack is -9.330
    Info (332119):     Slack       End Point TNS Clock 
    Info (332119): ========= =================== =====================
    Info (332119):    -9.330           -1482.619 clk 
Info (332146): Worst-case hold slack is 0.179
    Info (332119):     Slack       End Point TNS Clock 
    Info (332119): ========= =================== =====================
    Info (332119):     0.179               0.000 clk 
Info (332146): Worst-case recovery slack is -0.188
    Info (332119):     Slack       End Point TNS Clock 
    Info (332119): ========= =================== =====================
    Info (332119):    -0.188              -1.449 clk 
Info (332146): Worst-case removal slack is 0.314
    Info (332119):     Slack       End Point TNS Clock 
    Info (332119): ========= =================== =====================
    Info (332119):     0.314               0.000 clk 
Info (332146): Worst-case minimum pulse width slack is -3.000
    Info (332119):     Slack       End Point TNS Clock 
    Info (332119): ========= =================== =====================
    Info (332119):    -3.000            -535.955 clk 
Info (332114): Report Metastability: Found 2 synchronizer chains.
    Info (332114): Design MTBF is not calculated because the design doesn't meet its timing requirements.
Info (332102): Design is not fully constrained for setup requirements
Info (332102): Design is not fully constrained for hold requirements
Info: Quartus Prime Timing Analyzer was successful. 0 errors, 5 warnings
    Info: Peak virtual memory: 494 megabytes
    Info: Processing ended: Mon Jun  8 16:57:14 2026
    Info: Elapsed time: 00:00:02
    Info: Total CPU time (on all processors): 00:00:02


