Timing Analyzer report for mini_cpu_fpga
Tue Jun  9 15:16:37 2026
Quartus Prime Version 25.1std.0 Build 1129 10/21/2025 SC Lite Edition


---------------------
; Table of Contents ;
---------------------
  1. Legal Notice
  2. Timing Analyzer Summary
  3. Parallel Compilation
  4. Clocks
  5. Slow 1200mV 85C Model Fmax Summary
  6. Timing Closure Recommendations
  7. Slow 1200mV 85C Model Setup Summary
  8. Slow 1200mV 85C Model Hold Summary
  9. Slow 1200mV 85C Model Recovery Summary
 10. Slow 1200mV 85C Model Removal Summary
 11. Slow 1200mV 85C Model Minimum Pulse Width Summary
 12. Slow 1200mV 85C Model Setup: 'clk'
 13. Slow 1200mV 85C Model Hold: 'clk'
 14. Slow 1200mV 85C Model Metastability Summary
 15. Slow 1200mV 0C Model Fmax Summary
 16. Slow 1200mV 0C Model Setup Summary
 17. Slow 1200mV 0C Model Hold Summary
 18. Slow 1200mV 0C Model Recovery Summary
 19. Slow 1200mV 0C Model Removal Summary
 20. Slow 1200mV 0C Model Minimum Pulse Width Summary
 21. Slow 1200mV 0C Model Setup: 'clk'
 22. Slow 1200mV 0C Model Hold: 'clk'
 23. Slow 1200mV 0C Model Metastability Summary
 24. Fast 1200mV 0C Model Setup Summary
 25. Fast 1200mV 0C Model Hold Summary
 26. Fast 1200mV 0C Model Recovery Summary
 27. Fast 1200mV 0C Model Removal Summary
 28. Fast 1200mV 0C Model Minimum Pulse Width Summary
 29. Fast 1200mV 0C Model Setup: 'clk'
 30. Fast 1200mV 0C Model Hold: 'clk'
 31. Fast 1200mV 0C Model Metastability Summary
 32. Multicorner Timing Analysis Summary
 33. Board Trace Model Assignments
 34. Input Transition Times
 35. Signal Integrity Metrics (Slow 1200mv 0c Model)
 36. Signal Integrity Metrics (Slow 1200mv 85c Model)
 37. Signal Integrity Metrics (Fast 1200mv 0c Model)
 38. Setup Transfers
 39. Hold Transfers
 40. Report TCCS
 41. Report RSKM
 42. Unconstrained Paths Summary
 43. Clock Status Summary
 44. Unconstrained Input Ports
 45. Unconstrained Output Ports
 46. Unconstrained Input Ports
 47. Unconstrained Output Ports
 48. Timing Analyzer Messages



----------------
; Legal Notice ;
----------------
Copyright (C) 2025  Altera Corporation. All rights reserved.
Your use of Altera Corporation's design tools, logic functions 
and other software and tools, and any partner logic 
functions, and any output files from any of the foregoing 
(including device programming or simulation files), and any 
associated documentation or information are expressly subject 
to the terms and conditions of the Altera Program License 
Subscription Agreement, the Altera Quartus Prime License Agreement,
the Altera IP License Agreement, or other applicable license
agreement, including, without limitation, that your use is for
the sole purpose of programming logic devices manufactured by
Altera and sold by Altera or its authorized distributors.  Please
refer to the Altera Software License Subscription Agreements 
on the Quartus Prime software download page.



+---------------------------------------------------------------------------------+
; Timing Analyzer Summary                                                         ;
+-----------------------+---------------------------------------------------------+
; Quartus Prime Version ; Version 25.1std.0 Build 1129 10/21/2025 SC Lite Edition ;
; Timing Analyzer       ; Legacy Timing Analyzer                                  ;
; Revision Name         ; mini_cpu_fpga                                           ;
; Device Family         ; Cyclone IV E                                            ;
; Device Name           ; EP4CE115F29C7                                           ;
; Timing Models         ; Final                                                   ;
; Delay Model           ; Combined                                                ;
; Rise/Fall Delays      ; Enabled                                                 ;
+-----------------------+---------------------------------------------------------+


+------------------------------------------+
; Parallel Compilation                     ;
+----------------------------+-------------+
; Processors                 ; Number      ;
+----------------------------+-------------+
; Number detected on machine ; 8           ;
; Maximum allowed            ; 4           ;
;                            ;             ;
; Average used               ; 1.20        ;
; Maximum used               ; 4           ;
;                            ;             ;
; Usage by Processor         ; % Time Used ;
;     Processor 1            ; 100.0%      ;
;     Processor 2            ;  12.5%      ;
;     Processor 3            ;   4.8%      ;
;     Processor 4            ;   2.8%      ;
+----------------------------+-------------+


+---------------------------------------------------------------------------------------------------------------------------------------------------------------------------------+
; Clocks                                                                                                                                                                          ;
+------------+------+--------+------------+-------+-------+------------+-----------+-------------+-------+--------+-----------+------------+----------+--------+--------+---------+
; Clock Name ; Type ; Period ; Frequency  ; Rise  ; Fall  ; Duty Cycle ; Divide by ; Multiply by ; Phase ; Offset ; Edge List ; Edge Shift ; Inverted ; Master ; Source ; Targets ;
+------------+------+--------+------------+-------+-------+------------+-----------+-------------+-------+--------+-----------+------------+----------+--------+--------+---------+
; clk        ; Base ; 1.000  ; 1000.0 MHz ; 0.000 ; 0.500 ;            ;           ;             ;       ;        ;           ;            ;          ;        ;        ; { clk } ;
+------------+------+--------+------------+-------+-------+------------+-----------+-------------+-------+--------+-----------+------------+----------+--------+--------+---------+


+-------------------------------------------------+
; Slow 1200mV 85C Model Fmax Summary              ;
+-----------+-----------------+------------+------+
; Fmax      ; Restricted Fmax ; Clock Name ; Note ;
+-----------+-----------------+------------+------+
; 71.75 MHz ; 71.75 MHz       ; clk        ;      ;
+-----------+-----------------+------------+------+
This panel reports FMAX for every clock in the design, regardless of the user-specified clock periods.  FMAX is only computed for paths where the source and destination registers or ports are driven by the same clock.  Paths of different clocks, including generated clocks, are ignored.  For paths between a clock and its inversion, FMAX is computed as if the rising and falling edges are scaled along with FMAX, such that the duty cycle (in terms of a percentage) is maintained. Altera recommends that you always use clock constraints and other slack reports for sign-off analysis.


----------------------------------
; Timing Closure Recommendations ;
----------------------------------
HTML report is unavailable in plain text report export.


+-------------------------------------+
; Slow 1200mV 85C Model Setup Summary ;
+-------+---------+-------------------+
; Clock ; Slack   ; End Point TNS     ;
+-------+---------+-------------------+
; clk   ; -12.937 ; -3332.105         ;
+-------+---------+-------------------+


+------------------------------------+
; Slow 1200mV 85C Model Hold Summary ;
+-------+-------+--------------------+
; Clock ; Slack ; End Point TNS      ;
+-------+-------+--------------------+
; clk   ; 0.402 ; 0.000              ;
+-------+-------+--------------------+


------------------------------------------
; Slow 1200mV 85C Model Recovery Summary ;
------------------------------------------
No paths to report.


-----------------------------------------
; Slow 1200mV 85C Model Removal Summary ;
-----------------------------------------
No paths to report.


+---------------------------------------------------+
; Slow 1200mV 85C Model Minimum Pulse Width Summary ;
+-------+--------+----------------------------------+
; Clock ; Slack  ; End Point TNS                    ;
+-------+--------+----------------------------------+
; clk   ; -3.000 ; -724.340                         ;
+-------+--------+----------------------------------+


+----------------------------------------------------------------------------------------------------------------------------------------------------------------------------------------------------------------+
; Slow 1200mV 85C Model Setup: 'clk'                                                                                                                                                                             ;
+---------+----------------------------------------------------------------+---------------------------------------------------------------+--------------+-------------+--------------+------------+------------+
; Slack   ; From Node                                                      ; To Node                                                       ; Launch Clock ; Latch Clock ; Relationship ; Clock Skew ; Data Delay ;
+---------+----------------------------------------------------------------+---------------------------------------------------------------+--------------+-------------+--------------+------------+------------+
; -12.937 ; lcd_controller:lcd_ctl0|lcd_formatter:formatter|latched_res[0] ; lcd_controller:lcd_ctl0|lcd_formatter:formatter|screen[29][3] ; clk          ; clk         ; 1.000        ; 0.316      ; 14.251     ;
; -12.934 ; lcd_controller:lcd_ctl0|lcd_formatter:formatter|latched_res[0] ; lcd_controller:lcd_ctl0|lcd_formatter:formatter|screen[29][1] ; clk          ; clk         ; 1.000        ; 0.316      ; 14.248     ;
; -12.931 ; lcd_controller:lcd_ctl0|lcd_formatter:formatter|latched_res[0] ; lcd_controller:lcd_ctl0|lcd_formatter:formatter|screen[29][2] ; clk          ; clk         ; 1.000        ; 0.316      ; 14.245     ;
; -12.894 ; lcd_controller:lcd_ctl0|lcd_formatter:formatter|latched_res[0] ; lcd_controller:lcd_ctl0|lcd_formatter:formatter|screen[30][1] ; clk          ; clk         ; 1.000        ; 0.290      ; 14.182     ;
; -12.894 ; lcd_controller:lcd_ctl0|lcd_formatter:formatter|latched_res[0] ; lcd_controller:lcd_ctl0|lcd_formatter:formatter|screen[30][2] ; clk          ; clk         ; 1.000        ; 0.316      ; 14.208     ;
; -12.893 ; lcd_controller:lcd_ctl0|lcd_formatter:formatter|latched_res[0] ; lcd_controller:lcd_ctl0|lcd_formatter:formatter|screen[30][3] ; clk          ; clk         ; 1.000        ; 0.316      ; 14.207     ;
; -12.888 ; lcd_controller:lcd_ctl0|lcd_formatter:formatter|latched_res[1] ; lcd_controller:lcd_ctl0|lcd_formatter:formatter|screen[29][3] ; clk          ; clk         ; 1.000        ; 0.316      ; 14.202     ;
; -12.885 ; lcd_controller:lcd_ctl0|lcd_formatter:formatter|latched_res[1] ; lcd_controller:lcd_ctl0|lcd_formatter:formatter|screen[29][1] ; clk          ; clk         ; 1.000        ; 0.316      ; 14.199     ;
; -12.882 ; lcd_controller:lcd_ctl0|lcd_formatter:formatter|latched_res[1] ; lcd_controller:lcd_ctl0|lcd_formatter:formatter|screen[29][2] ; clk          ; clk         ; 1.000        ; 0.316      ; 14.196     ;
; -12.847 ; lcd_controller:lcd_ctl0|lcd_formatter:formatter|latched_res[0] ; lcd_controller:lcd_ctl0|lcd_formatter:formatter|screen[28][3] ; clk          ; clk         ; 1.000        ; 0.287      ; 14.132     ;
; -12.846 ; lcd_controller:lcd_ctl0|lcd_formatter:formatter|latched_res[0] ; lcd_controller:lcd_ctl0|lcd_formatter:formatter|screen[28][2] ; clk          ; clk         ; 1.000        ; 0.287      ; 14.131     ;
; -12.845 ; lcd_controller:lcd_ctl0|lcd_formatter:formatter|latched_res[1] ; lcd_controller:lcd_ctl0|lcd_formatter:formatter|screen[30][1] ; clk          ; clk         ; 1.000        ; 0.290      ; 14.133     ;
; -12.845 ; lcd_controller:lcd_ctl0|lcd_formatter:formatter|latched_res[1] ; lcd_controller:lcd_ctl0|lcd_formatter:formatter|screen[30][2] ; clk          ; clk         ; 1.000        ; 0.316      ; 14.159     ;
; -12.844 ; lcd_controller:lcd_ctl0|lcd_formatter:formatter|latched_res[1] ; lcd_controller:lcd_ctl0|lcd_formatter:formatter|screen[30][3] ; clk          ; clk         ; 1.000        ; 0.316      ; 14.158     ;
; -12.843 ; lcd_controller:lcd_ctl0|lcd_formatter:formatter|latched_res[0] ; lcd_controller:lcd_ctl0|lcd_formatter:formatter|screen[28][1] ; clk          ; clk         ; 1.000        ; 0.287      ; 14.128     ;
; -12.809 ; lcd_controller:lcd_ctl0|lcd_formatter:formatter|latched_res[2] ; lcd_controller:lcd_ctl0|lcd_formatter:formatter|screen[29][3] ; clk          ; clk         ; 1.000        ; 0.316      ; 14.123     ;
; -12.806 ; lcd_controller:lcd_ctl0|lcd_formatter:formatter|latched_res[2] ; lcd_controller:lcd_ctl0|lcd_formatter:formatter|screen[29][1] ; clk          ; clk         ; 1.000        ; 0.316      ; 14.120     ;
; -12.803 ; lcd_controller:lcd_ctl0|lcd_formatter:formatter|latched_res[2] ; lcd_controller:lcd_ctl0|lcd_formatter:formatter|screen[29][2] ; clk          ; clk         ; 1.000        ; 0.316      ; 14.117     ;
; -12.798 ; lcd_controller:lcd_ctl0|lcd_formatter:formatter|latched_res[1] ; lcd_controller:lcd_ctl0|lcd_formatter:formatter|screen[28][3] ; clk          ; clk         ; 1.000        ; 0.287      ; 14.083     ;
; -12.797 ; lcd_controller:lcd_ctl0|lcd_formatter:formatter|latched_res[1] ; lcd_controller:lcd_ctl0|lcd_formatter:formatter|screen[28][2] ; clk          ; clk         ; 1.000        ; 0.287      ; 14.082     ;
; -12.794 ; lcd_controller:lcd_ctl0|lcd_formatter:formatter|latched_res[1] ; lcd_controller:lcd_ctl0|lcd_formatter:formatter|screen[28][1] ; clk          ; clk         ; 1.000        ; 0.287      ; 14.079     ;
; -12.766 ; lcd_controller:lcd_ctl0|lcd_formatter:formatter|latched_res[2] ; lcd_controller:lcd_ctl0|lcd_formatter:formatter|screen[30][1] ; clk          ; clk         ; 1.000        ; 0.290      ; 14.054     ;
; -12.766 ; lcd_controller:lcd_ctl0|lcd_formatter:formatter|latched_res[2] ; lcd_controller:lcd_ctl0|lcd_formatter:formatter|screen[30][2] ; clk          ; clk         ; 1.000        ; 0.316      ; 14.080     ;
; -12.765 ; lcd_controller:lcd_ctl0|lcd_formatter:formatter|latched_res[2] ; lcd_controller:lcd_ctl0|lcd_formatter:formatter|screen[30][3] ; clk          ; clk         ; 1.000        ; 0.316      ; 14.079     ;
; -12.752 ; lcd_controller:lcd_ctl0|lcd_formatter:formatter|latched_res[3] ; lcd_controller:lcd_ctl0|lcd_formatter:formatter|screen[29][3] ; clk          ; clk         ; 1.000        ; 0.316      ; 14.066     ;
; -12.749 ; lcd_controller:lcd_ctl0|lcd_formatter:formatter|latched_res[3] ; lcd_controller:lcd_ctl0|lcd_formatter:formatter|screen[29][1] ; clk          ; clk         ; 1.000        ; 0.316      ; 14.063     ;
; -12.746 ; lcd_controller:lcd_ctl0|lcd_formatter:formatter|latched_res[3] ; lcd_controller:lcd_ctl0|lcd_formatter:formatter|screen[29][2] ; clk          ; clk         ; 1.000        ; 0.316      ; 14.060     ;
; -12.719 ; lcd_controller:lcd_ctl0|lcd_formatter:formatter|latched_res[2] ; lcd_controller:lcd_ctl0|lcd_formatter:formatter|screen[28][3] ; clk          ; clk         ; 1.000        ; 0.287      ; 14.004     ;
; -12.718 ; lcd_controller:lcd_ctl0|lcd_formatter:formatter|latched_res[2] ; lcd_controller:lcd_ctl0|lcd_formatter:formatter|screen[28][2] ; clk          ; clk         ; 1.000        ; 0.287      ; 14.003     ;
; -12.715 ; lcd_controller:lcd_ctl0|lcd_formatter:formatter|latched_res[2] ; lcd_controller:lcd_ctl0|lcd_formatter:formatter|screen[28][1] ; clk          ; clk         ; 1.000        ; 0.287      ; 14.000     ;
; -12.709 ; lcd_controller:lcd_ctl0|lcd_formatter:formatter|latched_res[0] ; lcd_controller:lcd_ctl0|lcd_formatter:formatter|screen[27][0] ; clk          ; clk         ; 1.000        ; 0.287      ; 13.994     ;
; -12.709 ; lcd_controller:lcd_ctl0|lcd_formatter:formatter|latched_res[3] ; lcd_controller:lcd_ctl0|lcd_formatter:formatter|screen[30][1] ; clk          ; clk         ; 1.000        ; 0.290      ; 13.997     ;
; -12.709 ; lcd_controller:lcd_ctl0|lcd_formatter:formatter|latched_res[3] ; lcd_controller:lcd_ctl0|lcd_formatter:formatter|screen[30][2] ; clk          ; clk         ; 1.000        ; 0.316      ; 14.023     ;
; -12.708 ; lcd_controller:lcd_ctl0|lcd_formatter:formatter|latched_res[3] ; lcd_controller:lcd_ctl0|lcd_formatter:formatter|screen[30][3] ; clk          ; clk         ; 1.000        ; 0.316      ; 14.022     ;
; -12.676 ; lcd_controller:lcd_ctl0|lcd_formatter:formatter|latched_res[4] ; lcd_controller:lcd_ctl0|lcd_formatter:formatter|screen[29][3] ; clk          ; clk         ; 1.000        ; 0.316      ; 13.990     ;
; -12.673 ; lcd_controller:lcd_ctl0|lcd_formatter:formatter|latched_res[4] ; lcd_controller:lcd_ctl0|lcd_formatter:formatter|screen[29][1] ; clk          ; clk         ; 1.000        ; 0.316      ; 13.987     ;
; -12.670 ; lcd_controller:lcd_ctl0|lcd_formatter:formatter|latched_res[4] ; lcd_controller:lcd_ctl0|lcd_formatter:formatter|screen[29][2] ; clk          ; clk         ; 1.000        ; 0.316      ; 13.984     ;
; -12.662 ; lcd_controller:lcd_ctl0|lcd_formatter:formatter|latched_res[3] ; lcd_controller:lcd_ctl0|lcd_formatter:formatter|screen[28][3] ; clk          ; clk         ; 1.000        ; 0.287      ; 13.947     ;
; -12.661 ; lcd_controller:lcd_ctl0|lcd_formatter:formatter|latched_res[3] ; lcd_controller:lcd_ctl0|lcd_formatter:formatter|screen[28][2] ; clk          ; clk         ; 1.000        ; 0.287      ; 13.946     ;
; -12.660 ; lcd_controller:lcd_ctl0|lcd_formatter:formatter|latched_res[1] ; lcd_controller:lcd_ctl0|lcd_formatter:formatter|screen[27][0] ; clk          ; clk         ; 1.000        ; 0.287      ; 13.945     ;
; -12.658 ; lcd_controller:lcd_ctl0|lcd_formatter:formatter|latched_res[3] ; lcd_controller:lcd_ctl0|lcd_formatter:formatter|screen[28][1] ; clk          ; clk         ; 1.000        ; 0.287      ; 13.943     ;
; -12.633 ; lcd_controller:lcd_ctl0|lcd_formatter:formatter|latched_res[4] ; lcd_controller:lcd_ctl0|lcd_formatter:formatter|screen[30][1] ; clk          ; clk         ; 1.000        ; 0.290      ; 13.921     ;
; -12.633 ; lcd_controller:lcd_ctl0|lcd_formatter:formatter|latched_res[4] ; lcd_controller:lcd_ctl0|lcd_formatter:formatter|screen[30][2] ; clk          ; clk         ; 1.000        ; 0.316      ; 13.947     ;
; -12.632 ; lcd_controller:lcd_ctl0|lcd_formatter:formatter|latched_res[4] ; lcd_controller:lcd_ctl0|lcd_formatter:formatter|screen[30][3] ; clk          ; clk         ; 1.000        ; 0.316      ; 13.946     ;
; -12.622 ; lcd_controller:lcd_ctl0|lcd_formatter:formatter|latched_res[5] ; lcd_controller:lcd_ctl0|lcd_formatter:formatter|screen[29][3] ; clk          ; clk         ; 1.000        ; 0.316      ; 13.936     ;
; -12.619 ; lcd_controller:lcd_ctl0|lcd_formatter:formatter|latched_res[5] ; lcd_controller:lcd_ctl0|lcd_formatter:formatter|screen[29][1] ; clk          ; clk         ; 1.000        ; 0.316      ; 13.933     ;
; -12.616 ; lcd_controller:lcd_ctl0|lcd_formatter:formatter|latched_res[5] ; lcd_controller:lcd_ctl0|lcd_formatter:formatter|screen[29][2] ; clk          ; clk         ; 1.000        ; 0.316      ; 13.930     ;
; -12.608 ; lcd_controller:lcd_ctl0|lcd_formatter:formatter|latched_res[0] ; lcd_controller:lcd_ctl0|lcd_formatter:formatter|screen[28][0] ; clk          ; clk         ; 1.000        ; 0.316      ; 13.922     ;
; -12.586 ; lcd_controller:lcd_ctl0|lcd_formatter:formatter|latched_res[4] ; lcd_controller:lcd_ctl0|lcd_formatter:formatter|screen[28][3] ; clk          ; clk         ; 1.000        ; 0.287      ; 13.871     ;
; -12.585 ; lcd_controller:lcd_ctl0|lcd_formatter:formatter|latched_res[4] ; lcd_controller:lcd_ctl0|lcd_formatter:formatter|screen[28][2] ; clk          ; clk         ; 1.000        ; 0.287      ; 13.870     ;
; -12.582 ; lcd_controller:lcd_ctl0|lcd_formatter:formatter|latched_res[4] ; lcd_controller:lcd_ctl0|lcd_formatter:formatter|screen[28][1] ; clk          ; clk         ; 1.000        ; 0.287      ; 13.867     ;
; -12.581 ; lcd_controller:lcd_ctl0|lcd_formatter:formatter|latched_res[2] ; lcd_controller:lcd_ctl0|lcd_formatter:formatter|screen[27][0] ; clk          ; clk         ; 1.000        ; 0.287      ; 13.866     ;
; -12.579 ; lcd_controller:lcd_ctl0|lcd_formatter:formatter|latched_res[5] ; lcd_controller:lcd_ctl0|lcd_formatter:formatter|screen[30][1] ; clk          ; clk         ; 1.000        ; 0.290      ; 13.867     ;
; -12.579 ; lcd_controller:lcd_ctl0|lcd_formatter:formatter|latched_res[5] ; lcd_controller:lcd_ctl0|lcd_formatter:formatter|screen[30][2] ; clk          ; clk         ; 1.000        ; 0.316      ; 13.893     ;
; -12.578 ; lcd_controller:lcd_ctl0|lcd_formatter:formatter|latched_res[5] ; lcd_controller:lcd_ctl0|lcd_formatter:formatter|screen[30][3] ; clk          ; clk         ; 1.000        ; 0.316      ; 13.892     ;
; -12.559 ; lcd_controller:lcd_ctl0|lcd_formatter:formatter|latched_res[1] ; lcd_controller:lcd_ctl0|lcd_formatter:formatter|screen[28][0] ; clk          ; clk         ; 1.000        ; 0.316      ; 13.873     ;
; -12.544 ; lcd_controller:lcd_ctl0|lcd_formatter:formatter|latched_res[6] ; lcd_controller:lcd_ctl0|lcd_formatter:formatter|screen[29][3] ; clk          ; clk         ; 1.000        ; 0.316      ; 13.858     ;
; -12.541 ; lcd_controller:lcd_ctl0|lcd_formatter:formatter|latched_res[6] ; lcd_controller:lcd_ctl0|lcd_formatter:formatter|screen[29][1] ; clk          ; clk         ; 1.000        ; 0.316      ; 13.855     ;
; -12.538 ; lcd_controller:lcd_ctl0|lcd_formatter:formatter|latched_res[6] ; lcd_controller:lcd_ctl0|lcd_formatter:formatter|screen[29][2] ; clk          ; clk         ; 1.000        ; 0.316      ; 13.852     ;
; -12.532 ; lcd_controller:lcd_ctl0|lcd_formatter:formatter|latched_res[5] ; lcd_controller:lcd_ctl0|lcd_formatter:formatter|screen[28][3] ; clk          ; clk         ; 1.000        ; 0.287      ; 13.817     ;
; -12.531 ; lcd_controller:lcd_ctl0|lcd_formatter:formatter|latched_res[5] ; lcd_controller:lcd_ctl0|lcd_formatter:formatter|screen[28][2] ; clk          ; clk         ; 1.000        ; 0.287      ; 13.816     ;
; -12.528 ; lcd_controller:lcd_ctl0|lcd_formatter:formatter|latched_res[5] ; lcd_controller:lcd_ctl0|lcd_formatter:formatter|screen[28][1] ; clk          ; clk         ; 1.000        ; 0.287      ; 13.813     ;
; -12.524 ; lcd_controller:lcd_ctl0|lcd_formatter:formatter|latched_res[3] ; lcd_controller:lcd_ctl0|lcd_formatter:formatter|screen[27][0] ; clk          ; clk         ; 1.000        ; 0.287      ; 13.809     ;
; -12.501 ; lcd_controller:lcd_ctl0|lcd_formatter:formatter|latched_res[6] ; lcd_controller:lcd_ctl0|lcd_formatter:formatter|screen[30][1] ; clk          ; clk         ; 1.000        ; 0.290      ; 13.789     ;
; -12.501 ; lcd_controller:lcd_ctl0|lcd_formatter:formatter|latched_res[6] ; lcd_controller:lcd_ctl0|lcd_formatter:formatter|screen[30][2] ; clk          ; clk         ; 1.000        ; 0.316      ; 13.815     ;
; -12.500 ; lcd_controller:lcd_ctl0|lcd_formatter:formatter|latched_res[6] ; lcd_controller:lcd_ctl0|lcd_formatter:formatter|screen[30][3] ; clk          ; clk         ; 1.000        ; 0.316      ; 13.814     ;
; -12.491 ; lcd_controller:lcd_ctl0|lcd_formatter:formatter|latched_res[7] ; lcd_controller:lcd_ctl0|lcd_formatter:formatter|screen[29][3] ; clk          ; clk         ; 1.000        ; 0.316      ; 13.805     ;
; -12.488 ; lcd_controller:lcd_ctl0|lcd_formatter:formatter|latched_res[7] ; lcd_controller:lcd_ctl0|lcd_formatter:formatter|screen[29][1] ; clk          ; clk         ; 1.000        ; 0.316      ; 13.802     ;
; -12.485 ; lcd_controller:lcd_ctl0|lcd_formatter:formatter|latched_res[7] ; lcd_controller:lcd_ctl0|lcd_formatter:formatter|screen[29][2] ; clk          ; clk         ; 1.000        ; 0.316      ; 13.799     ;
; -12.480 ; lcd_controller:lcd_ctl0|lcd_formatter:formatter|latched_res[2] ; lcd_controller:lcd_ctl0|lcd_formatter:formatter|screen[28][0] ; clk          ; clk         ; 1.000        ; 0.316      ; 13.794     ;
; -12.454 ; lcd_controller:lcd_ctl0|lcd_formatter:formatter|latched_res[6] ; lcd_controller:lcd_ctl0|lcd_formatter:formatter|screen[28][3] ; clk          ; clk         ; 1.000        ; 0.287      ; 13.739     ;
; -12.453 ; lcd_controller:lcd_ctl0|lcd_formatter:formatter|latched_res[6] ; lcd_controller:lcd_ctl0|lcd_formatter:formatter|screen[28][2] ; clk          ; clk         ; 1.000        ; 0.287      ; 13.738     ;
; -12.450 ; lcd_controller:lcd_ctl0|lcd_formatter:formatter|latched_res[6] ; lcd_controller:lcd_ctl0|lcd_formatter:formatter|screen[28][1] ; clk          ; clk         ; 1.000        ; 0.287      ; 13.735     ;
; -12.448 ; lcd_controller:lcd_ctl0|lcd_formatter:formatter|latched_res[7] ; lcd_controller:lcd_ctl0|lcd_formatter:formatter|screen[30][1] ; clk          ; clk         ; 1.000        ; 0.290      ; 13.736     ;
; -12.448 ; lcd_controller:lcd_ctl0|lcd_formatter:formatter|latched_res[7] ; lcd_controller:lcd_ctl0|lcd_formatter:formatter|screen[30][2] ; clk          ; clk         ; 1.000        ; 0.316      ; 13.762     ;
; -12.448 ; lcd_controller:lcd_ctl0|lcd_formatter:formatter|latched_res[4] ; lcd_controller:lcd_ctl0|lcd_formatter:formatter|screen[27][0] ; clk          ; clk         ; 1.000        ; 0.287      ; 13.733     ;
; -12.447 ; lcd_controller:lcd_ctl0|lcd_formatter:formatter|latched_res[7] ; lcd_controller:lcd_ctl0|lcd_formatter:formatter|screen[30][3] ; clk          ; clk         ; 1.000        ; 0.316      ; 13.761     ;
; -12.423 ; lcd_controller:lcd_ctl0|lcd_formatter:formatter|latched_res[3] ; lcd_controller:lcd_ctl0|lcd_formatter:formatter|screen[28][0] ; clk          ; clk         ; 1.000        ; 0.316      ; 13.737     ;
; -12.410 ; lcd_controller:lcd_ctl0|lcd_formatter:formatter|latched_res[8] ; lcd_controller:lcd_ctl0|lcd_formatter:formatter|screen[29][3] ; clk          ; clk         ; 1.000        ; 0.316      ; 13.724     ;
; -12.407 ; lcd_controller:lcd_ctl0|lcd_formatter:formatter|latched_res[8] ; lcd_controller:lcd_ctl0|lcd_formatter:formatter|screen[29][1] ; clk          ; clk         ; 1.000        ; 0.316      ; 13.721     ;
; -12.404 ; lcd_controller:lcd_ctl0|lcd_formatter:formatter|latched_res[8] ; lcd_controller:lcd_ctl0|lcd_formatter:formatter|screen[29][2] ; clk          ; clk         ; 1.000        ; 0.316      ; 13.718     ;
; -12.401 ; lcd_controller:lcd_ctl0|lcd_formatter:formatter|latched_res[7] ; lcd_controller:lcd_ctl0|lcd_formatter:formatter|screen[28][3] ; clk          ; clk         ; 1.000        ; 0.287      ; 13.686     ;
; -12.400 ; lcd_controller:lcd_ctl0|lcd_formatter:formatter|latched_res[7] ; lcd_controller:lcd_ctl0|lcd_formatter:formatter|screen[28][2] ; clk          ; clk         ; 1.000        ; 0.287      ; 13.685     ;
; -12.397 ; lcd_controller:lcd_ctl0|lcd_formatter:formatter|latched_res[7] ; lcd_controller:lcd_ctl0|lcd_formatter:formatter|screen[28][1] ; clk          ; clk         ; 1.000        ; 0.287      ; 13.682     ;
; -12.394 ; lcd_controller:lcd_ctl0|lcd_formatter:formatter|latched_res[5] ; lcd_controller:lcd_ctl0|lcd_formatter:formatter|screen[27][0] ; clk          ; clk         ; 1.000        ; 0.287      ; 13.679     ;
; -12.367 ; lcd_controller:lcd_ctl0|lcd_formatter:formatter|latched_res[8] ; lcd_controller:lcd_ctl0|lcd_formatter:formatter|screen[30][1] ; clk          ; clk         ; 1.000        ; 0.290      ; 13.655     ;
; -12.367 ; lcd_controller:lcd_ctl0|lcd_formatter:formatter|latched_res[8] ; lcd_controller:lcd_ctl0|lcd_formatter:formatter|screen[30][2] ; clk          ; clk         ; 1.000        ; 0.316      ; 13.681     ;
; -12.366 ; lcd_controller:lcd_ctl0|lcd_formatter:formatter|latched_res[8] ; lcd_controller:lcd_ctl0|lcd_formatter:formatter|screen[30][3] ; clk          ; clk         ; 1.000        ; 0.316      ; 13.680     ;
; -12.354 ; lcd_controller:lcd_ctl0|lcd_formatter:formatter|latched_res[9] ; lcd_controller:lcd_ctl0|lcd_formatter:formatter|screen[29][3] ; clk          ; clk         ; 1.000        ; 0.316      ; 13.668     ;
; -12.351 ; lcd_controller:lcd_ctl0|lcd_formatter:formatter|latched_res[9] ; lcd_controller:lcd_ctl0|lcd_formatter:formatter|screen[29][1] ; clk          ; clk         ; 1.000        ; 0.316      ; 13.665     ;
; -12.348 ; lcd_controller:lcd_ctl0|lcd_formatter:formatter|latched_res[9] ; lcd_controller:lcd_ctl0|lcd_formatter:formatter|screen[29][2] ; clk          ; clk         ; 1.000        ; 0.316      ; 13.662     ;
; -12.347 ; lcd_controller:lcd_ctl0|lcd_formatter:formatter|latched_res[4] ; lcd_controller:lcd_ctl0|lcd_formatter:formatter|screen[28][0] ; clk          ; clk         ; 1.000        ; 0.316      ; 13.661     ;
; -12.336 ; lcd_controller:lcd_ctl0|lcd_formatter:formatter|latched_res[0] ; lcd_controller:lcd_ctl0|lcd_formatter:formatter|screen[31][1] ; clk          ; clk         ; 1.000        ; 0.290      ; 13.624     ;
; -12.333 ; lcd_controller:lcd_ctl0|lcd_formatter:formatter|latched_res[0] ; lcd_controller:lcd_ctl0|lcd_formatter:formatter|screen[31][2] ; clk          ; clk         ; 1.000        ; 0.290      ; 13.621     ;
; -12.332 ; lcd_controller:lcd_ctl0|lcd_formatter:formatter|latched_res[0] ; lcd_controller:lcd_ctl0|lcd_formatter:formatter|screen[31][3] ; clk          ; clk         ; 1.000        ; 0.290      ; 13.620     ;
; -12.320 ; lcd_controller:lcd_ctl0|lcd_formatter:formatter|latched_res[8] ; lcd_controller:lcd_ctl0|lcd_formatter:formatter|screen[28][3] ; clk          ; clk         ; 1.000        ; 0.287      ; 13.605     ;
; -12.319 ; lcd_controller:lcd_ctl0|lcd_formatter:formatter|latched_res[8] ; lcd_controller:lcd_ctl0|lcd_formatter:formatter|screen[28][2] ; clk          ; clk         ; 1.000        ; 0.287      ; 13.604     ;
; -12.316 ; lcd_controller:lcd_ctl0|lcd_formatter:formatter|latched_res[8] ; lcd_controller:lcd_ctl0|lcd_formatter:formatter|screen[28][1] ; clk          ; clk         ; 1.000        ; 0.287      ; 13.601     ;
; -12.316 ; lcd_controller:lcd_ctl0|lcd_formatter:formatter|latched_res[6] ; lcd_controller:lcd_ctl0|lcd_formatter:formatter|screen[27][0] ; clk          ; clk         ; 1.000        ; 0.287      ; 13.601     ;
; -12.311 ; lcd_controller:lcd_ctl0|lcd_formatter:formatter|latched_res[9] ; lcd_controller:lcd_ctl0|lcd_formatter:formatter|screen[30][1] ; clk          ; clk         ; 1.000        ; 0.290      ; 13.599     ;
+---------+----------------------------------------------------------------+---------------------------------------------------------------+--------------+-------------+--------------+------------+------------+


+---------------------------------------------------------------------------------------------------------------------------------------------------------------------------------------------------------------------+
; Slow 1200mV 85C Model Hold: 'clk'                                                                                                                                                                                   ;
+-------+-------------------------------------------------------------------+-------------------------------------------------------------------+--------------+-------------+--------------+------------+------------+
; Slack ; From Node                                                         ; To Node                                                           ; Launch Clock ; Latch Clock ; Relationship ; Clock Skew ; Data Delay ;
+-------+-------------------------------------------------------------------+-------------------------------------------------------------------+--------------+-------------+--------------+------------+------------+
; 0.402 ; lcd_controller:lcd_ctl0|lcd_formatter:formatter|screen[31][0]     ; lcd_controller:lcd_ctl0|lcd_formatter:formatter|screen[31][0]     ; clk          ; clk         ; 0.000        ; 0.081      ; 0.669      ;
; 0.402 ; cpu:cpu0|control_unit:cu0|state.IDLE                              ; cpu:cpu0|control_unit:cu0|state.IDLE                              ; clk          ; clk         ; 0.000        ; 0.081      ; 0.669      ;
; 0.402 ; button_handler:btn1|btn_stable                                    ; button_handler:btn1|btn_stable                                    ; clk          ; clk         ; 0.000        ; 0.081      ; 0.669      ;
; 0.403 ; lcd_controller:lcd_ctl0|lcd_driver:driver|lcd_en                  ; lcd_controller:lcd_ctl0|lcd_driver:driver|lcd_en                  ; clk          ; clk         ; 0.000        ; 0.080      ; 0.669      ;
; 0.403 ; lcd_controller:lcd_ctl0|lcd_driver:driver|lcd_rs                  ; lcd_controller:lcd_ctl0|lcd_driver:driver|lcd_rs                  ; clk          ; clk         ; 0.000        ; 0.080      ; 0.669      ;
; 0.403 ; lcd_controller:lcd_ctl0|lcd_driver:driver|lcd_data[7]             ; lcd_controller:lcd_ctl0|lcd_driver:driver|lcd_data[7]             ; clk          ; clk         ; 0.000        ; 0.080      ; 0.669      ;
; 0.403 ; lcd_controller:lcd_ctl0|lcd_driver:driver|lcd_data[6]             ; lcd_controller:lcd_ctl0|lcd_driver:driver|lcd_data[6]             ; clk          ; clk         ; 0.000        ; 0.080      ; 0.669      ;
; 0.403 ; lcd_controller:lcd_ctl0|lcd_driver:driver|lcd_data[5]             ; lcd_controller:lcd_ctl0|lcd_driver:driver|lcd_data[5]             ; clk          ; clk         ; 0.000        ; 0.080      ; 0.669      ;
; 0.403 ; lcd_controller:lcd_ctl0|lcd_driver:driver|lcd_data[4]             ; lcd_controller:lcd_ctl0|lcd_driver:driver|lcd_data[4]             ; clk          ; clk         ; 0.000        ; 0.080      ; 0.669      ;
; 0.403 ; lcd_controller:lcd_ctl0|lcd_driver:driver|lcd_data[1]             ; lcd_controller:lcd_ctl0|lcd_driver:driver|lcd_data[1]             ; clk          ; clk         ; 0.000        ; 0.080      ; 0.669      ;
; 0.403 ; lcd_controller:lcd_ctl0|lcd_formatter:formatter|char_index[4]     ; lcd_controller:lcd_ctl0|lcd_formatter:formatter|char_index[4]     ; clk          ; clk         ; 0.000        ; 0.080      ; 0.669      ;
; 0.403 ; lcd_controller:lcd_ctl0|lcd_formatter:formatter|char_index[3]     ; lcd_controller:lcd_ctl0|lcd_formatter:formatter|char_index[3]     ; clk          ; clk         ; 0.000        ; 0.080      ; 0.669      ;
; 0.403 ; lcd_controller:lcd_ctl0|lcd_formatter:formatter|char_index[2]     ; lcd_controller:lcd_ctl0|lcd_formatter:formatter|char_index[2]     ; clk          ; clk         ; 0.000        ; 0.080      ; 0.669      ;
; 0.403 ; lcd_controller:lcd_ctl0|lcd_formatter:formatter|char_index[1]     ; lcd_controller:lcd_ctl0|lcd_formatter:formatter|char_index[1]     ; clk          ; clk         ; 0.000        ; 0.080      ; 0.669      ;
; 0.403 ; lcd_controller:lcd_ctl0|lcd_formatter:formatter|char_index[0]     ; lcd_controller:lcd_ctl0|lcd_formatter:formatter|char_index[0]     ; clk          ; clk         ; 0.000        ; 0.080      ; 0.669      ;
; 0.403 ; lcd_controller:lcd_ctl0|lcd_formatter:formatter|state.SEND        ; lcd_controller:lcd_ctl0|lcd_formatter:formatter|state.SEND        ; clk          ; clk         ; 0.000        ; 0.080      ; 0.669      ;
; 0.403 ; lcd_controller:lcd_ctl0|lcd_driver:driver|return_state.S_POS_L2   ; lcd_controller:lcd_ctl0|lcd_driver:driver|return_state.S_POS_L2   ; clk          ; clk         ; 0.000        ; 0.080      ; 0.669      ;
; 0.403 ; lcd_controller:lcd_ctl0|lcd_driver:driver|state.S_POS_L1          ; lcd_controller:lcd_ctl0|lcd_driver:driver|state.S_POS_L1          ; clk          ; clk         ; 0.000        ; 0.080      ; 0.669      ;
; 0.403 ; lcd_controller:lcd_ctl0|lcd_driver:driver|return_state.S_IDLE     ; lcd_controller:lcd_ctl0|lcd_driver:driver|return_state.S_IDLE     ; clk          ; clk         ; 0.000        ; 0.080      ; 0.669      ;
; 0.403 ; lcd_controller:lcd_ctl0|lcd_driver:driver|return_state.S_WRITE_L2 ; lcd_controller:lcd_ctl0|lcd_driver:driver|return_state.S_WRITE_L2 ; clk          ; clk         ; 0.000        ; 0.080      ; 0.669      ;
; 0.403 ; lcd_controller:lcd_ctl0|lcd_driver:driver|state.S_INIT_WAIT       ; lcd_controller:lcd_ctl0|lcd_driver:driver|state.S_INIT_WAIT       ; clk          ; clk         ; 0.000        ; 0.080      ; 0.669      ;
; 0.403 ; lcd_controller:lcd_ctl0|lcd_driver:driver|state.S_PULSE           ; lcd_controller:lcd_ctl0|lcd_driver:driver|state.S_PULSE           ; clk          ; clk         ; 0.000        ; 0.080      ; 0.669      ;
; 0.403 ; lcd_controller:lcd_ctl0|lcd_driver:driver|state.S_PULSE_WAIT      ; lcd_controller:lcd_ctl0|lcd_driver:driver|state.S_PULSE_WAIT      ; clk          ; clk         ; 0.000        ; 0.080      ; 0.669      ;
; 0.403 ; lcd_controller:lcd_ctl0|lcd_driver:driver|return_state.S_INIT_CMD ; lcd_controller:lcd_ctl0|lcd_driver:driver|return_state.S_INIT_CMD ; clk          ; clk         ; 0.000        ; 0.080      ; 0.669      ;
; 0.403 ; lcd_controller:lcd_ctl0|lcd_driver:driver|init_idx[1]             ; lcd_controller:lcd_ctl0|lcd_driver:driver|init_idx[1]             ; clk          ; clk         ; 0.000        ; 0.080      ; 0.669      ;
; 0.403 ; lcd_controller:lcd_ctl0|lcd_driver:driver|init_idx[0]             ; lcd_controller:lcd_ctl0|lcd_driver:driver|init_idx[0]             ; clk          ; clk         ; 0.000        ; 0.080      ; 0.669      ;
; 0.403 ; cpu:cpu0|control_unit:cu0|state.OFF                               ; cpu:cpu0|control_unit:cu0|state.OFF                               ; clk          ; clk         ; 0.000        ; 0.080      ; 0.669      ;
; 0.403 ; button_handler:btn0|btn_stable                                    ; button_handler:btn0|btn_stable                                    ; clk          ; clk         ; 0.000        ; 0.080      ; 0.669      ;
; 0.428 ; button_handler:btn0|counter[19]                                   ; button_handler:btn0|counter[19]                                   ; clk          ; clk         ; 0.000        ; 0.080      ; 0.694      ;
; 0.430 ; button_handler:btn1|btn_stable_prev                               ; button_handler:btn1|pulse_out                                     ; clk          ; clk         ; 0.000        ; 0.081      ; 0.697      ;
; 0.438 ; lcd_controller:lcd_ctl0|lcd_driver:driver|state.S_POS_L1          ; lcd_controller:lcd_ctl0|lcd_driver:driver|lcd_data[7]             ; clk          ; clk         ; 0.000        ; 0.080      ; 0.704      ;
; 0.442 ; button_handler:btn1|counter[19]                                   ; button_handler:btn1|counter[19]                                   ; clk          ; clk         ; 0.000        ; 0.081      ; 0.709      ;
; 0.443 ; lcd_controller:lcd_ctl0|lcd_driver:driver|cnt[21]                 ; lcd_controller:lcd_ctl0|lcd_driver:driver|cnt[21]                 ; clk          ; clk         ; 0.000        ; 0.080      ; 0.709      ;
; 0.443 ; button_handler:btn1|btn_stable                                    ; button_handler:btn1|btn_stable_prev                               ; clk          ; clk         ; 0.000        ; 0.081      ; 0.710      ;
; 0.444 ; lcd_controller:lcd_ctl0|lcd_driver:driver|state.S_PULSE           ; lcd_controller:lcd_ctl0|lcd_driver:driver|lcd_en                  ; clk          ; clk         ; 0.000        ; 0.080      ; 0.710      ;
; 0.460 ; lcd_controller:lcd_ctl0|lcd_driver:driver|state.S_WRITE_L1        ; lcd_controller:lcd_ctl0|lcd_driver:driver|return_state.S_POS_L2   ; clk          ; clk         ; 0.000        ; 0.080      ; 0.726      ;
; 0.460 ; cpu:cpu0|control_unit:cu0|state.DECODE                            ; cpu:cpu0|control_unit:cu0|src1[1]                                 ; clk          ; clk         ; 0.000        ; 0.080      ; 0.726      ;
; 0.461 ; lcd_controller:lcd_ctl0|lcd_driver:driver|init_idx[0]             ; lcd_controller:lcd_ctl0|lcd_driver:driver|init_idx[1]             ; clk          ; clk         ; 0.000        ; 0.080      ; 0.727      ;
; 0.464 ; cpu:cpu0|control_unit:cu0|state.DECODE                            ; cpu:cpu0|control_unit:cu0|state.READ                              ; clk          ; clk         ; 0.000        ; 0.080      ; 0.730      ;
; 0.468 ; lcd_controller:lcd_ctl0|lcd_formatter:formatter|state.SEND        ; lcd_controller:lcd_ctl0|lcd_formatter:formatter|state.IDLE        ; clk          ; clk         ; 0.000        ; 0.080      ; 0.734      ;
; 0.470 ; lcd_controller:lcd_ctl0|lcd_formatter:formatter|state.LATCH       ; lcd_controller:lcd_ctl0|lcd_formatter:formatter|state.SEND        ; clk          ; clk         ; 0.000        ; 0.080      ; 0.736      ;
; 0.471 ; lcd_controller:lcd_ctl0|lcd_formatter:formatter|state.SEND        ; lcd_controller:lcd_ctl0|lcd_formatter:formatter|char_index[0]     ; clk          ; clk         ; 0.000        ; 0.080      ; 0.737      ;
; 0.477 ; lcd_controller:lcd_ctl0|lcd_formatter:formatter|state.LATCH       ; lcd_controller:lcd_ctl0|lcd_formatter:formatter|char_valid        ; clk          ; clk         ; 0.000        ; 0.080      ; 0.743      ;
; 0.478 ; lcd_controller:lcd_ctl0|lcd_formatter:formatter|state.LATCH       ; lcd_controller:lcd_ctl0|lcd_formatter:formatter|char_index[3]     ; clk          ; clk         ; 0.000        ; 0.080      ; 0.744      ;
; 0.499 ; lcd_controller:lcd_ctl0|lcd_formatter:formatter|latched_dst[0]    ; lcd_controller:lcd_ctl0|lcd_formatter:formatter|screen[14][0]     ; clk          ; clk         ; 0.000        ; 0.133      ; 0.818      ;
; 0.555 ; cpu:cpu0|control_unit:cu0|state.IDLE                              ; cpu:cpu0|control_unit:cu0|state.FETCH                             ; clk          ; clk         ; 0.000        ; 0.081      ; 0.822      ;
; 0.559 ; button_handler:btn0|btn_stable_prev                               ; button_handler:btn0|pulse_out                                     ; clk          ; clk         ; 0.000        ; 0.080      ; 0.825      ;
; 0.573 ; lcd_controller:lcd_ctl0|lcd_formatter:formatter|latched_op[2]     ; lcd_controller:lcd_ctl0|lcd_formatter:formatter|screen[1][2]      ; clk          ; clk         ; 0.000        ; 0.081      ; 0.840      ;
; 0.590 ; cpu:cpu0|control_unit:cu0|state.OFF                               ; cpu:cpu0|control_unit:cu0|state.INIT                              ; clk          ; clk         ; 0.000        ; 0.080      ; 0.856      ;
; 0.601 ; cpu:cpu0|control_unit:cu0|state.READ                              ; cpu:cpu0|control_unit:cu0|state.EXECUTE                           ; clk          ; clk         ; 0.000        ; 0.525      ; 1.312      ;
; 0.601 ; button_handler:btn1|sync_0                                        ; button_handler:btn1|sync_1                                        ; clk          ; clk         ; 0.000        ; 0.081      ; 0.868      ;
; 0.607 ; lcd_controller:lcd_ctl0|lcd_formatter:formatter|latched_op[1]     ; lcd_controller:lcd_ctl0|lcd_formatter:formatter|screen[0][3]      ; clk          ; clk         ; 0.000        ; 0.081      ; 0.874      ;
; 0.609 ; lcd_controller:lcd_ctl0|lcd_formatter:formatter|latched_op[1]     ; lcd_controller:lcd_ctl0|lcd_formatter:formatter|screen[3][5]      ; clk          ; clk         ; 0.000        ; 0.081      ; 0.876      ;
; 0.611 ; lcd_controller:lcd_ctl0|lcd_formatter:formatter|latched_op[1]     ; lcd_controller:lcd_ctl0|lcd_formatter:formatter|screen[1][4]      ; clk          ; clk         ; 0.000        ; 0.081      ; 0.878      ;
; 0.611 ; lcd_controller:lcd_ctl0|lcd_formatter:formatter|latched_op[1]     ; lcd_controller:lcd_ctl0|lcd_formatter:formatter|screen[0][2]      ; clk          ; clk         ; 0.000        ; 0.081      ; 0.878      ;
; 0.613 ; cpu:cpu0|control_unit:cu0|instruction[2]                          ; cpu:cpu0|control_unit:cu0|instruction[2]                          ; clk          ; clk         ; 0.000        ; 0.081      ; 0.880      ;
; 0.613 ; lcd_controller:lcd_ctl0|lcd_formatter:formatter|latched_op[1]     ; lcd_controller:lcd_ctl0|lcd_formatter:formatter|screen[3][3]      ; clk          ; clk         ; 0.000        ; 0.081      ; 0.880      ;
; 0.614 ; lcd_controller:lcd_ctl0|lcd_formatter:formatter|latched_op[1]     ; lcd_controller:lcd_ctl0|lcd_formatter:formatter|screen[1][2]      ; clk          ; clk         ; 0.000        ; 0.081      ; 0.881      ;
; 0.615 ; lcd_controller:lcd_ctl0|lcd_formatter:formatter|latched_op[1]     ; lcd_controller:lcd_ctl0|lcd_formatter:formatter|screen[0][4]      ; clk          ; clk         ; 0.000        ; 0.081      ; 0.882      ;
; 0.619 ; lcd_controller:lcd_ctl0|lcd_formatter:formatter|latched_op[1]     ; lcd_controller:lcd_ctl0|lcd_formatter:formatter|screen[3][4]      ; clk          ; clk         ; 0.000        ; 0.081      ; 0.886      ;
; 0.621 ; lcd_controller:lcd_ctl0|lcd_driver:driver|return_state.S_IDLE     ; lcd_controller:lcd_ctl0|lcd_driver:driver|state.S_IDLE            ; clk          ; clk         ; 0.000        ; 0.079      ; 0.886      ;
; 0.623 ; button_handler:btn0|btn_stable                                    ; button_handler:btn0|pulse_out                                     ; clk          ; clk         ; 0.000        ; 0.082      ; 0.891      ;
; 0.628 ; cpu:cpu0|control_unit:cu0|instruction[3]                          ; cpu:cpu0|control_unit:cu0|instruction[3]                          ; clk          ; clk         ; 0.000        ; 0.081      ; 0.895      ;
; 0.628 ; cpu:cpu0|control_unit:cu0|dst[1]                                  ; cpu:cpu0|control_unit:cu0|dst[1]                                  ; clk          ; clk         ; 0.000        ; 0.081      ; 0.895      ;
; 0.629 ; cpu:cpu0|control_unit:cu0|imm[2]                                  ; cpu:cpu0|control_unit:cu0|imm[2]                                  ; clk          ; clk         ; 0.000        ; 0.081      ; 0.896      ;
; 0.629 ; cpu:cpu0|control_unit:cu0|instruction[4]                          ; cpu:cpu0|control_unit:cu0|instruction[4]                          ; clk          ; clk         ; 0.000        ; 0.081      ; 0.896      ;
; 0.629 ; cpu:cpu0|control_unit:cu0|instruction[7]                          ; cpu:cpu0|control_unit:cu0|instruction[7]                          ; clk          ; clk         ; 0.000        ; 0.081      ; 0.896      ;
; 0.629 ; cpu:cpu0|control_unit:cu0|dst[3]                                  ; cpu:cpu0|control_unit:cu0|dst[3]                                  ; clk          ; clk         ; 0.000        ; 0.080      ; 0.895      ;
; 0.633 ; cpu:cpu0|control_unit:cu0|instruction[12]                         ; cpu:cpu0|control_unit:cu0|instruction[12]                         ; clk          ; clk         ; 0.000        ; 0.081      ; 0.900      ;
; 0.634 ; cpu:cpu0|control_unit:cu0|imm[5]                                  ; cpu:cpu0|control_unit:cu0|imm[5]                                  ; clk          ; clk         ; 0.000        ; 0.081      ; 0.901      ;
; 0.635 ; cpu:cpu0|control_unit:cu0|src1[3]                                 ; cpu:cpu0|control_unit:cu0|src1[3]                                 ; clk          ; clk         ; 0.000        ; 0.081      ; 0.902      ;
; 0.635 ; cpu:cpu0|control_unit:cu0|instruction[5]                          ; cpu:cpu0|control_unit:cu0|instruction[5]                          ; clk          ; clk         ; 0.000        ; 0.081      ; 0.902      ;
; 0.635 ; cpu:cpu0|control_unit:cu0|src1[0]                                 ; cpu:cpu0|control_unit:cu0|src1[0]                                 ; clk          ; clk         ; 0.000        ; 0.097      ; 0.918      ;
; 0.635 ; cpu:cpu0|control_unit:cu0|opcode[2]                               ; cpu:cpu0|control_unit:cu0|opcode[2]                               ; clk          ; clk         ; 0.000        ; 0.081      ; 0.902      ;
; 0.635 ; button_handler:btn1|sync_1                                        ; button_handler:btn1|btn_stable                                    ; clk          ; clk         ; 0.000        ; 0.081      ; 0.902      ;
; 0.636 ; cpu:cpu0|control_unit:cu0|instruction[13]                         ; cpu:cpu0|control_unit:cu0|instruction[13]                         ; clk          ; clk         ; 0.000        ; 0.080      ; 0.902      ;
; 0.636 ; cpu:cpu0|control_unit:cu0|instruction[17]                         ; cpu:cpu0|control_unit:cu0|instruction[17]                         ; clk          ; clk         ; 0.000        ; 0.080      ; 0.902      ;
; 0.637 ; cpu:cpu0|control_unit:cu0|src1[1]                                 ; cpu:cpu0|control_unit:cu0|src1[1]                                 ; clk          ; clk         ; 0.000        ; 0.080      ; 0.903      ;
; 0.637 ; cpu:cpu0|control_unit:cu0|src0[0]                                 ; cpu:cpu0|control_unit:cu0|src0[0]                                 ; clk          ; clk         ; 0.000        ; 0.080      ; 0.903      ;
; 0.637 ; cpu:cpu0|control_unit:cu0|instruction[14]                         ; cpu:cpu0|control_unit:cu0|instruction[14]                         ; clk          ; clk         ; 0.000        ; 0.080      ; 0.903      ;
; 0.638 ; button_handler:btn0|btn_stable                                    ; button_handler:btn0|btn_stable_prev                               ; clk          ; clk         ; 0.000        ; 0.082      ; 0.906      ;
; 0.640 ; button_handler:btn1|counter[7]                                    ; button_handler:btn1|counter[7]                                    ; clk          ; clk         ; 0.000        ; 0.080      ; 0.906      ;
; 0.640 ; button_handler:btn1|counter[9]                                    ; button_handler:btn1|counter[9]                                    ; clk          ; clk         ; 0.000        ; 0.080      ; 0.906      ;
; 0.640 ; button_handler:btn1|counter[13]                                   ; button_handler:btn1|counter[13]                                   ; clk          ; clk         ; 0.000        ; 0.081      ; 0.907      ;
; 0.640 ; button_handler:btn0|counter[7]                                    ; button_handler:btn0|counter[7]                                    ; clk          ; clk         ; 0.000        ; 0.080      ; 0.906      ;
; 0.640 ; button_handler:btn0|counter[9]                                    ; button_handler:btn0|counter[9]                                    ; clk          ; clk         ; 0.000        ; 0.080      ; 0.906      ;
; 0.641 ; button_handler:btn1|counter[15]                                   ; button_handler:btn1|counter[15]                                   ; clk          ; clk         ; 0.000        ; 0.081      ; 0.908      ;
; 0.641 ; button_handler:btn1|counter[11]                                   ; button_handler:btn1|counter[11]                                   ; clk          ; clk         ; 0.000        ; 0.081      ; 0.908      ;
; 0.641 ; button_handler:btn0|counter[5]                                    ; button_handler:btn0|counter[5]                                    ; clk          ; clk         ; 0.000        ; 0.080      ; 0.907      ;
; 0.641 ; button_handler:btn0|counter[13]                                   ; button_handler:btn0|counter[13]                                   ; clk          ; clk         ; 0.000        ; 0.080      ; 0.907      ;
; 0.642 ; lcd_controller:lcd_ctl0|lcd_driver:driver|cnt[1]                  ; lcd_controller:lcd_ctl0|lcd_driver:driver|cnt[1]                  ; clk          ; clk         ; 0.000        ; 0.080      ; 0.908      ;
; 0.642 ; button_handler:btn1|counter[5]                                    ; button_handler:btn1|counter[5]                                    ; clk          ; clk         ; 0.000        ; 0.080      ; 0.908      ;
; 0.642 ; button_handler:btn0|counter[15]                                   ; button_handler:btn0|counter[15]                                   ; clk          ; clk         ; 0.000        ; 0.080      ; 0.908      ;
; 0.643 ; lcd_controller:lcd_ctl0|lcd_driver:driver|char_idx[3]             ; lcd_controller:lcd_ctl0|lcd_driver:driver|char_idx[3]             ; clk          ; clk         ; 0.000        ; 0.080      ; 0.909      ;
; 0.643 ; lcd_controller:lcd_ctl0|lcd_driver:driver|char_idx[2]             ; lcd_controller:lcd_ctl0|lcd_driver:driver|char_idx[2]             ; clk          ; clk         ; 0.000        ; 0.080      ; 0.909      ;
; 0.643 ; button_handler:btn0|counter[11]                                   ; button_handler:btn0|counter[11]                                   ; clk          ; clk         ; 0.000        ; 0.080      ; 0.909      ;
; 0.644 ; lcd_controller:lcd_ctl0|lcd_driver:driver|char_idx[1]             ; lcd_controller:lcd_ctl0|lcd_driver:driver|char_idx[1]             ; clk          ; clk         ; 0.000        ; 0.080      ; 0.910      ;
; 0.644 ; lcd_controller:lcd_ctl0|lcd_driver:driver|cnt[3]                  ; lcd_controller:lcd_ctl0|lcd_driver:driver|cnt[3]                  ; clk          ; clk         ; 0.000        ; 0.080      ; 0.910      ;
; 0.644 ; button_handler:btn1|counter[3]                                    ; button_handler:btn1|counter[3]                                    ; clk          ; clk         ; 0.000        ; 0.080      ; 0.910      ;
; 0.644 ; button_handler:btn1|counter[10]                                   ; button_handler:btn1|counter[10]                                   ; clk          ; clk         ; 0.000        ; 0.081      ; 0.911      ;
+-------+-------------------------------------------------------------------+-------------------------------------------------------------------+--------------+-------------+--------------+------------+------------+


-----------------------------------------------
; Slow 1200mV 85C Model Metastability Summary ;
-----------------------------------------------
Design MTBF is not calculated because the design doesn't meet its timing requirements.



+-------------------------------------------------+
; Slow 1200mV 0C Model Fmax Summary               ;
+-----------+-----------------+------------+------+
; Fmax      ; Restricted Fmax ; Clock Name ; Note ;
+-----------+-----------------+------------+------+
; 79.44 MHz ; 79.44 MHz       ; clk        ;      ;
+-----------+-----------------+------------+------+
This panel reports FMAX for every clock in the design, regardless of the user-specified clock periods.  FMAX is only computed for paths where the source and destination registers or ports are driven by the same clock.  Paths of different clocks, including generated clocks, are ignored.  For paths between a clock and its inversion, FMAX is computed as if the rising and falling edges are scaled along with FMAX, such that the duty cycle (in terms of a percentage) is maintained. Altera recommends that you always use clock constraints and other slack reports for sign-off analysis.


+------------------------------------+
; Slow 1200mV 0C Model Setup Summary ;
+-------+---------+------------------+
; Clock ; Slack   ; End Point TNS    ;
+-------+---------+------------------+
; clk   ; -11.588 ; -3008.014        ;
+-------+---------+------------------+


+-----------------------------------+
; Slow 1200mV 0C Model Hold Summary ;
+-------+-------+-------------------+
; Clock ; Slack ; End Point TNS     ;
+-------+-------+-------------------+
; clk   ; 0.354 ; 0.000             ;
+-------+-------+-------------------+


-----------------------------------------
; Slow 1200mV 0C Model Recovery Summary ;
-----------------------------------------
No paths to report.


----------------------------------------
; Slow 1200mV 0C Model Removal Summary ;
----------------------------------------
No paths to report.


+--------------------------------------------------+
; Slow 1200mV 0C Model Minimum Pulse Width Summary ;
+-------+--------+---------------------------------+
; Clock ; Slack  ; End Point TNS                   ;
+-------+--------+---------------------------------+
; clk   ; -3.000 ; -724.340                        ;
+-------+--------+---------------------------------+


+----------------------------------------------------------------------------------------------------------------------------------------------------------------------------------------------------------------+
; Slow 1200mV 0C Model Setup: 'clk'                                                                                                                                                                              ;
+---------+----------------------------------------------------------------+---------------------------------------------------------------+--------------+-------------+--------------+------------+------------+
; Slack   ; From Node                                                      ; To Node                                                       ; Launch Clock ; Latch Clock ; Relationship ; Clock Skew ; Data Delay ;
+---------+----------------------------------------------------------------+---------------------------------------------------------------+--------------+-------------+--------------+------------+------------+
; -11.588 ; lcd_controller:lcd_ctl0|lcd_formatter:formatter|latched_res[0] ; lcd_controller:lcd_ctl0|lcd_formatter:formatter|screen[29][3] ; clk          ; clk         ; 1.000        ; 0.295      ; 12.882     ;
; -11.585 ; lcd_controller:lcd_ctl0|lcd_formatter:formatter|latched_res[0] ; lcd_controller:lcd_ctl0|lcd_formatter:formatter|screen[29][1] ; clk          ; clk         ; 1.000        ; 0.295      ; 12.879     ;
; -11.582 ; lcd_controller:lcd_ctl0|lcd_formatter:formatter|latched_res[0] ; lcd_controller:lcd_ctl0|lcd_formatter:formatter|screen[29][2] ; clk          ; clk         ; 1.000        ; 0.295      ; 12.876     ;
; -11.562 ; lcd_controller:lcd_ctl0|lcd_formatter:formatter|latched_res[0] ; lcd_controller:lcd_ctl0|lcd_formatter:formatter|screen[30][1] ; clk          ; clk         ; 1.000        ; 0.270      ; 12.831     ;
; -11.560 ; lcd_controller:lcd_ctl0|lcd_formatter:formatter|latched_res[0] ; lcd_controller:lcd_ctl0|lcd_formatter:formatter|screen[30][3] ; clk          ; clk         ; 1.000        ; 0.295      ; 12.854     ;
; -11.560 ; lcd_controller:lcd_ctl0|lcd_formatter:formatter|latched_res[0] ; lcd_controller:lcd_ctl0|lcd_formatter:formatter|screen[30][2] ; clk          ; clk         ; 1.000        ; 0.295      ; 12.854     ;
; -11.557 ; lcd_controller:lcd_ctl0|lcd_formatter:formatter|latched_res[1] ; lcd_controller:lcd_ctl0|lcd_formatter:formatter|screen[29][3] ; clk          ; clk         ; 1.000        ; 0.295      ; 12.851     ;
; -11.554 ; lcd_controller:lcd_ctl0|lcd_formatter:formatter|latched_res[1] ; lcd_controller:lcd_ctl0|lcd_formatter:formatter|screen[29][1] ; clk          ; clk         ; 1.000        ; 0.295      ; 12.848     ;
; -11.551 ; lcd_controller:lcd_ctl0|lcd_formatter:formatter|latched_res[1] ; lcd_controller:lcd_ctl0|lcd_formatter:formatter|screen[29][2] ; clk          ; clk         ; 1.000        ; 0.295      ; 12.845     ;
; -11.541 ; lcd_controller:lcd_ctl0|lcd_formatter:formatter|latched_res[0] ; lcd_controller:lcd_ctl0|lcd_formatter:formatter|screen[28][3] ; clk          ; clk         ; 1.000        ; 0.268      ; 12.808     ;
; -11.539 ; lcd_controller:lcd_ctl0|lcd_formatter:formatter|latched_res[0] ; lcd_controller:lcd_ctl0|lcd_formatter:formatter|screen[28][1] ; clk          ; clk         ; 1.000        ; 0.268      ; 12.806     ;
; -11.539 ; lcd_controller:lcd_ctl0|lcd_formatter:formatter|latched_res[0] ; lcd_controller:lcd_ctl0|lcd_formatter:formatter|screen[28][2] ; clk          ; clk         ; 1.000        ; 0.268      ; 12.806     ;
; -11.531 ; lcd_controller:lcd_ctl0|lcd_formatter:formatter|latched_res[1] ; lcd_controller:lcd_ctl0|lcd_formatter:formatter|screen[30][1] ; clk          ; clk         ; 1.000        ; 0.270      ; 12.800     ;
; -11.529 ; lcd_controller:lcd_ctl0|lcd_formatter:formatter|latched_res[1] ; lcd_controller:lcd_ctl0|lcd_formatter:formatter|screen[30][3] ; clk          ; clk         ; 1.000        ; 0.295      ; 12.823     ;
; -11.529 ; lcd_controller:lcd_ctl0|lcd_formatter:formatter|latched_res[1] ; lcd_controller:lcd_ctl0|lcd_formatter:formatter|screen[30][2] ; clk          ; clk         ; 1.000        ; 0.295      ; 12.823     ;
; -11.510 ; lcd_controller:lcd_ctl0|lcd_formatter:formatter|latched_res[1] ; lcd_controller:lcd_ctl0|lcd_formatter:formatter|screen[28][3] ; clk          ; clk         ; 1.000        ; 0.268      ; 12.777     ;
; -11.508 ; lcd_controller:lcd_ctl0|lcd_formatter:formatter|latched_res[1] ; lcd_controller:lcd_ctl0|lcd_formatter:formatter|screen[28][1] ; clk          ; clk         ; 1.000        ; 0.268      ; 12.775     ;
; -11.508 ; lcd_controller:lcd_ctl0|lcd_formatter:formatter|latched_res[1] ; lcd_controller:lcd_ctl0|lcd_formatter:formatter|screen[28][2] ; clk          ; clk         ; 1.000        ; 0.268      ; 12.775     ;
; -11.477 ; lcd_controller:lcd_ctl0|lcd_formatter:formatter|latched_res[2] ; lcd_controller:lcd_ctl0|lcd_formatter:formatter|screen[29][3] ; clk          ; clk         ; 1.000        ; 0.295      ; 12.771     ;
; -11.474 ; lcd_controller:lcd_ctl0|lcd_formatter:formatter|latched_res[2] ; lcd_controller:lcd_ctl0|lcd_formatter:formatter|screen[29][1] ; clk          ; clk         ; 1.000        ; 0.295      ; 12.768     ;
; -11.471 ; lcd_controller:lcd_ctl0|lcd_formatter:formatter|latched_res[2] ; lcd_controller:lcd_ctl0|lcd_formatter:formatter|screen[29][2] ; clk          ; clk         ; 1.000        ; 0.295      ; 12.765     ;
; -11.451 ; lcd_controller:lcd_ctl0|lcd_formatter:formatter|latched_res[2] ; lcd_controller:lcd_ctl0|lcd_formatter:formatter|screen[30][1] ; clk          ; clk         ; 1.000        ; 0.270      ; 12.720     ;
; -11.449 ; lcd_controller:lcd_ctl0|lcd_formatter:formatter|latched_res[2] ; lcd_controller:lcd_ctl0|lcd_formatter:formatter|screen[30][3] ; clk          ; clk         ; 1.000        ; 0.295      ; 12.743     ;
; -11.449 ; lcd_controller:lcd_ctl0|lcd_formatter:formatter|latched_res[2] ; lcd_controller:lcd_ctl0|lcd_formatter:formatter|screen[30][2] ; clk          ; clk         ; 1.000        ; 0.295      ; 12.743     ;
; -11.436 ; lcd_controller:lcd_ctl0|lcd_formatter:formatter|latched_res[3] ; lcd_controller:lcd_ctl0|lcd_formatter:formatter|screen[29][3] ; clk          ; clk         ; 1.000        ; 0.295      ; 12.730     ;
; -11.433 ; lcd_controller:lcd_ctl0|lcd_formatter:formatter|latched_res[3] ; lcd_controller:lcd_ctl0|lcd_formatter:formatter|screen[29][1] ; clk          ; clk         ; 1.000        ; 0.295      ; 12.727     ;
; -11.430 ; lcd_controller:lcd_ctl0|lcd_formatter:formatter|latched_res[3] ; lcd_controller:lcd_ctl0|lcd_formatter:formatter|screen[29][2] ; clk          ; clk         ; 1.000        ; 0.295      ; 12.724     ;
; -11.430 ; lcd_controller:lcd_ctl0|lcd_formatter:formatter|latched_res[2] ; lcd_controller:lcd_ctl0|lcd_formatter:formatter|screen[28][3] ; clk          ; clk         ; 1.000        ; 0.268      ; 12.697     ;
; -11.428 ; lcd_controller:lcd_ctl0|lcd_formatter:formatter|latched_res[2] ; lcd_controller:lcd_ctl0|lcd_formatter:formatter|screen[28][1] ; clk          ; clk         ; 1.000        ; 0.268      ; 12.695     ;
; -11.428 ; lcd_controller:lcd_ctl0|lcd_formatter:formatter|latched_res[2] ; lcd_controller:lcd_ctl0|lcd_formatter:formatter|screen[28][2] ; clk          ; clk         ; 1.000        ; 0.268      ; 12.695     ;
; -11.410 ; lcd_controller:lcd_ctl0|lcd_formatter:formatter|latched_res[3] ; lcd_controller:lcd_ctl0|lcd_formatter:formatter|screen[30][1] ; clk          ; clk         ; 1.000        ; 0.270      ; 12.679     ;
; -11.409 ; lcd_controller:lcd_ctl0|lcd_formatter:formatter|latched_res[0] ; lcd_controller:lcd_ctl0|lcd_formatter:formatter|screen[27][0] ; clk          ; clk         ; 1.000        ; 0.268      ; 12.676     ;
; -11.408 ; lcd_controller:lcd_ctl0|lcd_formatter:formatter|latched_res[3] ; lcd_controller:lcd_ctl0|lcd_formatter:formatter|screen[30][3] ; clk          ; clk         ; 1.000        ; 0.295      ; 12.702     ;
; -11.408 ; lcd_controller:lcd_ctl0|lcd_formatter:formatter|latched_res[3] ; lcd_controller:lcd_ctl0|lcd_formatter:formatter|screen[30][2] ; clk          ; clk         ; 1.000        ; 0.295      ; 12.702     ;
; -11.389 ; lcd_controller:lcd_ctl0|lcd_formatter:formatter|latched_res[3] ; lcd_controller:lcd_ctl0|lcd_formatter:formatter|screen[28][3] ; clk          ; clk         ; 1.000        ; 0.268      ; 12.656     ;
; -11.387 ; lcd_controller:lcd_ctl0|lcd_formatter:formatter|latched_res[3] ; lcd_controller:lcd_ctl0|lcd_formatter:formatter|screen[28][1] ; clk          ; clk         ; 1.000        ; 0.268      ; 12.654     ;
; -11.387 ; lcd_controller:lcd_ctl0|lcd_formatter:formatter|latched_res[3] ; lcd_controller:lcd_ctl0|lcd_formatter:formatter|screen[28][2] ; clk          ; clk         ; 1.000        ; 0.268      ; 12.654     ;
; -11.378 ; lcd_controller:lcd_ctl0|lcd_formatter:formatter|latched_res[1] ; lcd_controller:lcd_ctl0|lcd_formatter:formatter|screen[27][0] ; clk          ; clk         ; 1.000        ; 0.268      ; 12.645     ;
; -11.359 ; lcd_controller:lcd_ctl0|lcd_formatter:formatter|latched_res[4] ; lcd_controller:lcd_ctl0|lcd_formatter:formatter|screen[29][3] ; clk          ; clk         ; 1.000        ; 0.295      ; 12.653     ;
; -11.356 ; lcd_controller:lcd_ctl0|lcd_formatter:formatter|latched_res[4] ; lcd_controller:lcd_ctl0|lcd_formatter:formatter|screen[29][1] ; clk          ; clk         ; 1.000        ; 0.295      ; 12.650     ;
; -11.353 ; lcd_controller:lcd_ctl0|lcd_formatter:formatter|latched_res[4] ; lcd_controller:lcd_ctl0|lcd_formatter:formatter|screen[29][2] ; clk          ; clk         ; 1.000        ; 0.295      ; 12.647     ;
; -11.335 ; lcd_controller:lcd_ctl0|lcd_formatter:formatter|latched_res[0] ; lcd_controller:lcd_ctl0|lcd_formatter:formatter|screen[28][0] ; clk          ; clk         ; 1.000        ; 0.295      ; 12.629     ;
; -11.333 ; lcd_controller:lcd_ctl0|lcd_formatter:formatter|latched_res[4] ; lcd_controller:lcd_ctl0|lcd_formatter:formatter|screen[30][1] ; clk          ; clk         ; 1.000        ; 0.270      ; 12.602     ;
; -11.331 ; lcd_controller:lcd_ctl0|lcd_formatter:formatter|latched_res[4] ; lcd_controller:lcd_ctl0|lcd_formatter:formatter|screen[30][3] ; clk          ; clk         ; 1.000        ; 0.295      ; 12.625     ;
; -11.331 ; lcd_controller:lcd_ctl0|lcd_formatter:formatter|latched_res[4] ; lcd_controller:lcd_ctl0|lcd_formatter:formatter|screen[30][2] ; clk          ; clk         ; 1.000        ; 0.295      ; 12.625     ;
; -11.322 ; lcd_controller:lcd_ctl0|lcd_formatter:formatter|latched_res[5] ; lcd_controller:lcd_ctl0|lcd_formatter:formatter|screen[29][3] ; clk          ; clk         ; 1.000        ; 0.295      ; 12.616     ;
; -11.319 ; lcd_controller:lcd_ctl0|lcd_formatter:formatter|latched_res[5] ; lcd_controller:lcd_ctl0|lcd_formatter:formatter|screen[29][1] ; clk          ; clk         ; 1.000        ; 0.295      ; 12.613     ;
; -11.316 ; lcd_controller:lcd_ctl0|lcd_formatter:formatter|latched_res[5] ; lcd_controller:lcd_ctl0|lcd_formatter:formatter|screen[29][2] ; clk          ; clk         ; 1.000        ; 0.295      ; 12.610     ;
; -11.312 ; lcd_controller:lcd_ctl0|lcd_formatter:formatter|latched_res[4] ; lcd_controller:lcd_ctl0|lcd_formatter:formatter|screen[28][3] ; clk          ; clk         ; 1.000        ; 0.268      ; 12.579     ;
; -11.310 ; lcd_controller:lcd_ctl0|lcd_formatter:formatter|latched_res[4] ; lcd_controller:lcd_ctl0|lcd_formatter:formatter|screen[28][1] ; clk          ; clk         ; 1.000        ; 0.268      ; 12.577     ;
; -11.310 ; lcd_controller:lcd_ctl0|lcd_formatter:formatter|latched_res[4] ; lcd_controller:lcd_ctl0|lcd_formatter:formatter|screen[28][2] ; clk          ; clk         ; 1.000        ; 0.268      ; 12.577     ;
; -11.304 ; lcd_controller:lcd_ctl0|lcd_formatter:formatter|latched_res[1] ; lcd_controller:lcd_ctl0|lcd_formatter:formatter|screen[28][0] ; clk          ; clk         ; 1.000        ; 0.295      ; 12.598     ;
; -11.298 ; lcd_controller:lcd_ctl0|lcd_formatter:formatter|latched_res[2] ; lcd_controller:lcd_ctl0|lcd_formatter:formatter|screen[27][0] ; clk          ; clk         ; 1.000        ; 0.268      ; 12.565     ;
; -11.296 ; lcd_controller:lcd_ctl0|lcd_formatter:formatter|latched_res[5] ; lcd_controller:lcd_ctl0|lcd_formatter:formatter|screen[30][1] ; clk          ; clk         ; 1.000        ; 0.270      ; 12.565     ;
; -11.294 ; lcd_controller:lcd_ctl0|lcd_formatter:formatter|latched_res[5] ; lcd_controller:lcd_ctl0|lcd_formatter:formatter|screen[30][3] ; clk          ; clk         ; 1.000        ; 0.295      ; 12.588     ;
; -11.294 ; lcd_controller:lcd_ctl0|lcd_formatter:formatter|latched_res[5] ; lcd_controller:lcd_ctl0|lcd_formatter:formatter|screen[30][2] ; clk          ; clk         ; 1.000        ; 0.295      ; 12.588     ;
; -11.275 ; lcd_controller:lcd_ctl0|lcd_formatter:formatter|latched_res[5] ; lcd_controller:lcd_ctl0|lcd_formatter:formatter|screen[28][3] ; clk          ; clk         ; 1.000        ; 0.268      ; 12.542     ;
; -11.273 ; lcd_controller:lcd_ctl0|lcd_formatter:formatter|latched_res[5] ; lcd_controller:lcd_ctl0|lcd_formatter:formatter|screen[28][1] ; clk          ; clk         ; 1.000        ; 0.268      ; 12.540     ;
; -11.273 ; lcd_controller:lcd_ctl0|lcd_formatter:formatter|latched_res[5] ; lcd_controller:lcd_ctl0|lcd_formatter:formatter|screen[28][2] ; clk          ; clk         ; 1.000        ; 0.268      ; 12.540     ;
; -11.257 ; lcd_controller:lcd_ctl0|lcd_formatter:formatter|latched_res[3] ; lcd_controller:lcd_ctl0|lcd_formatter:formatter|screen[27][0] ; clk          ; clk         ; 1.000        ; 0.268      ; 12.524     ;
; -11.244 ; lcd_controller:lcd_ctl0|lcd_formatter:formatter|latched_res[6] ; lcd_controller:lcd_ctl0|lcd_formatter:formatter|screen[29][3] ; clk          ; clk         ; 1.000        ; 0.295      ; 12.538     ;
; -11.241 ; lcd_controller:lcd_ctl0|lcd_formatter:formatter|latched_res[6] ; lcd_controller:lcd_ctl0|lcd_formatter:formatter|screen[29][1] ; clk          ; clk         ; 1.000        ; 0.295      ; 12.535     ;
; -11.238 ; lcd_controller:lcd_ctl0|lcd_formatter:formatter|latched_res[6] ; lcd_controller:lcd_ctl0|lcd_formatter:formatter|screen[29][2] ; clk          ; clk         ; 1.000        ; 0.295      ; 12.532     ;
; -11.224 ; lcd_controller:lcd_ctl0|lcd_formatter:formatter|latched_res[2] ; lcd_controller:lcd_ctl0|lcd_formatter:formatter|screen[28][0] ; clk          ; clk         ; 1.000        ; 0.295      ; 12.518     ;
; -11.218 ; lcd_controller:lcd_ctl0|lcd_formatter:formatter|latched_res[6] ; lcd_controller:lcd_ctl0|lcd_formatter:formatter|screen[30][1] ; clk          ; clk         ; 1.000        ; 0.270      ; 12.487     ;
; -11.216 ; lcd_controller:lcd_ctl0|lcd_formatter:formatter|latched_res[6] ; lcd_controller:lcd_ctl0|lcd_formatter:formatter|screen[30][3] ; clk          ; clk         ; 1.000        ; 0.295      ; 12.510     ;
; -11.216 ; lcd_controller:lcd_ctl0|lcd_formatter:formatter|latched_res[6] ; lcd_controller:lcd_ctl0|lcd_formatter:formatter|screen[30][2] ; clk          ; clk         ; 1.000        ; 0.295      ; 12.510     ;
; -11.207 ; lcd_controller:lcd_ctl0|lcd_formatter:formatter|latched_res[7] ; lcd_controller:lcd_ctl0|lcd_formatter:formatter|screen[29][3] ; clk          ; clk         ; 1.000        ; 0.295      ; 12.501     ;
; -11.204 ; lcd_controller:lcd_ctl0|lcd_formatter:formatter|latched_res[7] ; lcd_controller:lcd_ctl0|lcd_formatter:formatter|screen[29][1] ; clk          ; clk         ; 1.000        ; 0.295      ; 12.498     ;
; -11.201 ; lcd_controller:lcd_ctl0|lcd_formatter:formatter|latched_res[7] ; lcd_controller:lcd_ctl0|lcd_formatter:formatter|screen[29][2] ; clk          ; clk         ; 1.000        ; 0.295      ; 12.495     ;
; -11.197 ; lcd_controller:lcd_ctl0|lcd_formatter:formatter|latched_res[6] ; lcd_controller:lcd_ctl0|lcd_formatter:formatter|screen[28][3] ; clk          ; clk         ; 1.000        ; 0.268      ; 12.464     ;
; -11.195 ; lcd_controller:lcd_ctl0|lcd_formatter:formatter|latched_res[6] ; lcd_controller:lcd_ctl0|lcd_formatter:formatter|screen[28][1] ; clk          ; clk         ; 1.000        ; 0.268      ; 12.462     ;
; -11.195 ; lcd_controller:lcd_ctl0|lcd_formatter:formatter|latched_res[6] ; lcd_controller:lcd_ctl0|lcd_formatter:formatter|screen[28][2] ; clk          ; clk         ; 1.000        ; 0.268      ; 12.462     ;
; -11.183 ; lcd_controller:lcd_ctl0|lcd_formatter:formatter|latched_res[3] ; lcd_controller:lcd_ctl0|lcd_formatter:formatter|screen[28][0] ; clk          ; clk         ; 1.000        ; 0.295      ; 12.477     ;
; -11.181 ; lcd_controller:lcd_ctl0|lcd_formatter:formatter|latched_res[7] ; lcd_controller:lcd_ctl0|lcd_formatter:formatter|screen[30][1] ; clk          ; clk         ; 1.000        ; 0.270      ; 12.450     ;
; -11.180 ; lcd_controller:lcd_ctl0|lcd_formatter:formatter|latched_res[4] ; lcd_controller:lcd_ctl0|lcd_formatter:formatter|screen[27][0] ; clk          ; clk         ; 1.000        ; 0.268      ; 12.447     ;
; -11.179 ; lcd_controller:lcd_ctl0|lcd_formatter:formatter|latched_res[7] ; lcd_controller:lcd_ctl0|lcd_formatter:formatter|screen[30][3] ; clk          ; clk         ; 1.000        ; 0.295      ; 12.473     ;
; -11.179 ; lcd_controller:lcd_ctl0|lcd_formatter:formatter|latched_res[7] ; lcd_controller:lcd_ctl0|lcd_formatter:formatter|screen[30][2] ; clk          ; clk         ; 1.000        ; 0.295      ; 12.473     ;
; -11.160 ; lcd_controller:lcd_ctl0|lcd_formatter:formatter|latched_res[7] ; lcd_controller:lcd_ctl0|lcd_formatter:formatter|screen[28][3] ; clk          ; clk         ; 1.000        ; 0.268      ; 12.427     ;
; -11.158 ; lcd_controller:lcd_ctl0|lcd_formatter:formatter|latched_res[7] ; lcd_controller:lcd_ctl0|lcd_formatter:formatter|screen[28][1] ; clk          ; clk         ; 1.000        ; 0.268      ; 12.425     ;
; -11.158 ; lcd_controller:lcd_ctl0|lcd_formatter:formatter|latched_res[7] ; lcd_controller:lcd_ctl0|lcd_formatter:formatter|screen[28][2] ; clk          ; clk         ; 1.000        ; 0.268      ; 12.425     ;
; -11.143 ; lcd_controller:lcd_ctl0|lcd_formatter:formatter|latched_res[5] ; lcd_controller:lcd_ctl0|lcd_formatter:formatter|screen[27][0] ; clk          ; clk         ; 1.000        ; 0.268      ; 12.410     ;
; -11.125 ; lcd_controller:lcd_ctl0|lcd_formatter:formatter|latched_res[8] ; lcd_controller:lcd_ctl0|lcd_formatter:formatter|screen[29][3] ; clk          ; clk         ; 1.000        ; 0.295      ; 12.419     ;
; -11.122 ; lcd_controller:lcd_ctl0|lcd_formatter:formatter|latched_res[8] ; lcd_controller:lcd_ctl0|lcd_formatter:formatter|screen[29][1] ; clk          ; clk         ; 1.000        ; 0.295      ; 12.416     ;
; -11.119 ; lcd_controller:lcd_ctl0|lcd_formatter:formatter|latched_res[8] ; lcd_controller:lcd_ctl0|lcd_formatter:formatter|screen[29][2] ; clk          ; clk         ; 1.000        ; 0.295      ; 12.413     ;
; -11.106 ; lcd_controller:lcd_ctl0|lcd_formatter:formatter|latched_res[4] ; lcd_controller:lcd_ctl0|lcd_formatter:formatter|screen[28][0] ; clk          ; clk         ; 1.000        ; 0.295      ; 12.400     ;
; -11.099 ; lcd_controller:lcd_ctl0|lcd_formatter:formatter|latched_res[8] ; lcd_controller:lcd_ctl0|lcd_formatter:formatter|screen[30][1] ; clk          ; clk         ; 1.000        ; 0.270      ; 12.368     ;
; -11.097 ; lcd_controller:lcd_ctl0|lcd_formatter:formatter|latched_res[8] ; lcd_controller:lcd_ctl0|lcd_formatter:formatter|screen[30][3] ; clk          ; clk         ; 1.000        ; 0.295      ; 12.391     ;
; -11.097 ; lcd_controller:lcd_ctl0|lcd_formatter:formatter|latched_res[8] ; lcd_controller:lcd_ctl0|lcd_formatter:formatter|screen[30][2] ; clk          ; clk         ; 1.000        ; 0.295      ; 12.391     ;
; -11.087 ; lcd_controller:lcd_ctl0|lcd_formatter:formatter|latched_res[9] ; lcd_controller:lcd_ctl0|lcd_formatter:formatter|screen[29][3] ; clk          ; clk         ; 1.000        ; 0.295      ; 12.381     ;
; -11.084 ; lcd_controller:lcd_ctl0|lcd_formatter:formatter|latched_res[9] ; lcd_controller:lcd_ctl0|lcd_formatter:formatter|screen[29][1] ; clk          ; clk         ; 1.000        ; 0.295      ; 12.378     ;
; -11.082 ; lcd_controller:lcd_ctl0|lcd_formatter:formatter|latched_res[0] ; lcd_controller:lcd_ctl0|lcd_formatter:formatter|screen[31][1] ; clk          ; clk         ; 1.000        ; 0.270      ; 12.351     ;
; -11.081 ; lcd_controller:lcd_ctl0|lcd_formatter:formatter|latched_res[9] ; lcd_controller:lcd_ctl0|lcd_formatter:formatter|screen[29][2] ; clk          ; clk         ; 1.000        ; 0.295      ; 12.375     ;
; -11.079 ; lcd_controller:lcd_ctl0|lcd_formatter:formatter|latched_res[0] ; lcd_controller:lcd_ctl0|lcd_formatter:formatter|screen[31][2] ; clk          ; clk         ; 1.000        ; 0.270      ; 12.348     ;
; -11.078 ; lcd_controller:lcd_ctl0|lcd_formatter:formatter|latched_res[0] ; lcd_controller:lcd_ctl0|lcd_formatter:formatter|screen[31][3] ; clk          ; clk         ; 1.000        ; 0.270      ; 12.347     ;
; -11.078 ; lcd_controller:lcd_ctl0|lcd_formatter:formatter|latched_res[8] ; lcd_controller:lcd_ctl0|lcd_formatter:formatter|screen[28][3] ; clk          ; clk         ; 1.000        ; 0.268      ; 12.345     ;
; -11.076 ; lcd_controller:lcd_ctl0|lcd_formatter:formatter|latched_res[8] ; lcd_controller:lcd_ctl0|lcd_formatter:formatter|screen[28][1] ; clk          ; clk         ; 1.000        ; 0.268      ; 12.343     ;
; -11.076 ; lcd_controller:lcd_ctl0|lcd_formatter:formatter|latched_res[8] ; lcd_controller:lcd_ctl0|lcd_formatter:formatter|screen[28][2] ; clk          ; clk         ; 1.000        ; 0.268      ; 12.343     ;
; -11.069 ; lcd_controller:lcd_ctl0|lcd_formatter:formatter|latched_res[5] ; lcd_controller:lcd_ctl0|lcd_formatter:formatter|screen[28][0] ; clk          ; clk         ; 1.000        ; 0.295      ; 12.363     ;
; -11.065 ; lcd_controller:lcd_ctl0|lcd_formatter:formatter|latched_res[6] ; lcd_controller:lcd_ctl0|lcd_formatter:formatter|screen[27][0] ; clk          ; clk         ; 1.000        ; 0.268      ; 12.332     ;
+---------+----------------------------------------------------------------+---------------------------------------------------------------+--------------+-------------+--------------+------------+------------+


+---------------------------------------------------------------------------------------------------------------------------------------------------------------------------------------------------------------------+
; Slow 1200mV 0C Model Hold: 'clk'                                                                                                                                                                                    ;
+-------+-------------------------------------------------------------------+-------------------------------------------------------------------+--------------+-------------+--------------+------------+------------+
; Slack ; From Node                                                         ; To Node                                                           ; Launch Clock ; Latch Clock ; Relationship ; Clock Skew ; Data Delay ;
+-------+-------------------------------------------------------------------+-------------------------------------------------------------------+--------------+-------------+--------------+------------+------------+
; 0.354 ; lcd_controller:lcd_ctl0|lcd_driver:driver|lcd_rs                  ; lcd_controller:lcd_ctl0|lcd_driver:driver|lcd_rs                  ; clk          ; clk         ; 0.000        ; 0.072      ; 0.597      ;
; 0.354 ; lcd_controller:lcd_ctl0|lcd_driver:driver|lcd_data[6]             ; lcd_controller:lcd_ctl0|lcd_driver:driver|lcd_data[6]             ; clk          ; clk         ; 0.000        ; 0.072      ; 0.597      ;
; 0.354 ; lcd_controller:lcd_ctl0|lcd_driver:driver|lcd_data[5]             ; lcd_controller:lcd_ctl0|lcd_driver:driver|lcd_data[5]             ; clk          ; clk         ; 0.000        ; 0.072      ; 0.597      ;
; 0.354 ; lcd_controller:lcd_ctl0|lcd_driver:driver|lcd_data[4]             ; lcd_controller:lcd_ctl0|lcd_driver:driver|lcd_data[4]             ; clk          ; clk         ; 0.000        ; 0.072      ; 0.597      ;
; 0.354 ; lcd_controller:lcd_ctl0|lcd_driver:driver|lcd_data[1]             ; lcd_controller:lcd_ctl0|lcd_driver:driver|lcd_data[1]             ; clk          ; clk         ; 0.000        ; 0.072      ; 0.597      ;
; 0.354 ; lcd_controller:lcd_ctl0|lcd_formatter:formatter|char_index[4]     ; lcd_controller:lcd_ctl0|lcd_formatter:formatter|char_index[4]     ; clk          ; clk         ; 0.000        ; 0.072      ; 0.597      ;
; 0.354 ; lcd_controller:lcd_ctl0|lcd_formatter:formatter|char_index[3]     ; lcd_controller:lcd_ctl0|lcd_formatter:formatter|char_index[3]     ; clk          ; clk         ; 0.000        ; 0.072      ; 0.597      ;
; 0.354 ; lcd_controller:lcd_ctl0|lcd_formatter:formatter|char_index[2]     ; lcd_controller:lcd_ctl0|lcd_formatter:formatter|char_index[2]     ; clk          ; clk         ; 0.000        ; 0.072      ; 0.597      ;
; 0.354 ; lcd_controller:lcd_ctl0|lcd_formatter:formatter|char_index[1]     ; lcd_controller:lcd_ctl0|lcd_formatter:formatter|char_index[1]     ; clk          ; clk         ; 0.000        ; 0.072      ; 0.597      ;
; 0.354 ; lcd_controller:lcd_ctl0|lcd_formatter:formatter|char_index[0]     ; lcd_controller:lcd_ctl0|lcd_formatter:formatter|char_index[0]     ; clk          ; clk         ; 0.000        ; 0.072      ; 0.597      ;
; 0.354 ; lcd_controller:lcd_ctl0|lcd_formatter:formatter|state.SEND        ; lcd_controller:lcd_ctl0|lcd_formatter:formatter|state.SEND        ; clk          ; clk         ; 0.000        ; 0.072      ; 0.597      ;
; 0.354 ; lcd_controller:lcd_ctl0|lcd_driver:driver|return_state.S_IDLE     ; lcd_controller:lcd_ctl0|lcd_driver:driver|return_state.S_IDLE     ; clk          ; clk         ; 0.000        ; 0.072      ; 0.597      ;
; 0.354 ; lcd_controller:lcd_ctl0|lcd_driver:driver|return_state.S_WRITE_L2 ; lcd_controller:lcd_ctl0|lcd_driver:driver|return_state.S_WRITE_L2 ; clk          ; clk         ; 0.000        ; 0.072      ; 0.597      ;
; 0.354 ; lcd_controller:lcd_ctl0|lcd_formatter:formatter|screen[31][0]     ; lcd_controller:lcd_ctl0|lcd_formatter:formatter|screen[31][0]     ; clk          ; clk         ; 0.000        ; 0.072      ; 0.597      ;
; 0.354 ; cpu:cpu0|control_unit:cu0|state.IDLE                              ; cpu:cpu0|control_unit:cu0|state.IDLE                              ; clk          ; clk         ; 0.000        ; 0.072      ; 0.597      ;
; 0.354 ; cpu:cpu0|control_unit:cu0|state.OFF                               ; cpu:cpu0|control_unit:cu0|state.OFF                               ; clk          ; clk         ; 0.000        ; 0.072      ; 0.597      ;
; 0.354 ; button_handler:btn1|btn_stable                                    ; button_handler:btn1|btn_stable                                    ; clk          ; clk         ; 0.000        ; 0.072      ; 0.597      ;
; 0.355 ; lcd_controller:lcd_ctl0|lcd_driver:driver|lcd_en                  ; lcd_controller:lcd_ctl0|lcd_driver:driver|lcd_en                  ; clk          ; clk         ; 0.000        ; 0.071      ; 0.597      ;
; 0.355 ; lcd_controller:lcd_ctl0|lcd_driver:driver|lcd_data[7]             ; lcd_controller:lcd_ctl0|lcd_driver:driver|lcd_data[7]             ; clk          ; clk         ; 0.000        ; 0.071      ; 0.597      ;
; 0.355 ; lcd_controller:lcd_ctl0|lcd_driver:driver|return_state.S_POS_L2   ; lcd_controller:lcd_ctl0|lcd_driver:driver|return_state.S_POS_L2   ; clk          ; clk         ; 0.000        ; 0.071      ; 0.597      ;
; 0.355 ; lcd_controller:lcd_ctl0|lcd_driver:driver|state.S_POS_L1          ; lcd_controller:lcd_ctl0|lcd_driver:driver|state.S_POS_L1          ; clk          ; clk         ; 0.000        ; 0.071      ; 0.597      ;
; 0.355 ; lcd_controller:lcd_ctl0|lcd_driver:driver|state.S_INIT_WAIT       ; lcd_controller:lcd_ctl0|lcd_driver:driver|state.S_INIT_WAIT       ; clk          ; clk         ; 0.000        ; 0.071      ; 0.597      ;
; 0.355 ; lcd_controller:lcd_ctl0|lcd_driver:driver|state.S_PULSE           ; lcd_controller:lcd_ctl0|lcd_driver:driver|state.S_PULSE           ; clk          ; clk         ; 0.000        ; 0.071      ; 0.597      ;
; 0.355 ; lcd_controller:lcd_ctl0|lcd_driver:driver|state.S_PULSE_WAIT      ; lcd_controller:lcd_ctl0|lcd_driver:driver|state.S_PULSE_WAIT      ; clk          ; clk         ; 0.000        ; 0.071      ; 0.597      ;
; 0.355 ; lcd_controller:lcd_ctl0|lcd_driver:driver|return_state.S_INIT_CMD ; lcd_controller:lcd_ctl0|lcd_driver:driver|return_state.S_INIT_CMD ; clk          ; clk         ; 0.000        ; 0.071      ; 0.597      ;
; 0.355 ; lcd_controller:lcd_ctl0|lcd_driver:driver|init_idx[1]             ; lcd_controller:lcd_ctl0|lcd_driver:driver|init_idx[1]             ; clk          ; clk         ; 0.000        ; 0.071      ; 0.597      ;
; 0.355 ; lcd_controller:lcd_ctl0|lcd_driver:driver|init_idx[0]             ; lcd_controller:lcd_ctl0|lcd_driver:driver|init_idx[0]             ; clk          ; clk         ; 0.000        ; 0.071      ; 0.597      ;
; 0.355 ; button_handler:btn0|btn_stable                                    ; button_handler:btn0|btn_stable                                    ; clk          ; clk         ; 0.000        ; 0.071      ; 0.597      ;
; 0.387 ; button_handler:btn0|counter[19]                                   ; button_handler:btn0|counter[19]                                   ; clk          ; clk         ; 0.000        ; 0.072      ; 0.630      ;
; 0.397 ; button_handler:btn1|btn_stable_prev                               ; button_handler:btn1|pulse_out                                     ; clk          ; clk         ; 0.000        ; 0.072      ; 0.640      ;
; 0.400 ; lcd_controller:lcd_ctl0|lcd_driver:driver|cnt[21]                 ; lcd_controller:lcd_ctl0|lcd_driver:driver|cnt[21]                 ; clk          ; clk         ; 0.000        ; 0.072      ; 0.643      ;
; 0.400 ; button_handler:btn1|counter[19]                                   ; button_handler:btn1|counter[19]                                   ; clk          ; clk         ; 0.000        ; 0.072      ; 0.643      ;
; 0.406 ; lcd_controller:lcd_ctl0|lcd_driver:driver|state.S_PULSE           ; lcd_controller:lcd_ctl0|lcd_driver:driver|lcd_en                  ; clk          ; clk         ; 0.000        ; 0.071      ; 0.648      ;
; 0.406 ; lcd_controller:lcd_ctl0|lcd_driver:driver|state.S_POS_L1          ; lcd_controller:lcd_ctl0|lcd_driver:driver|lcd_data[7]             ; clk          ; clk         ; 0.000        ; 0.071      ; 0.648      ;
; 0.409 ; button_handler:btn1|btn_stable                                    ; button_handler:btn1|btn_stable_prev                               ; clk          ; clk         ; 0.000        ; 0.072      ; 0.652      ;
; 0.416 ; cpu:cpu0|control_unit:cu0|state.DECODE                            ; cpu:cpu0|control_unit:cu0|src1[1]                                 ; clk          ; clk         ; 0.000        ; 0.072      ; 0.659      ;
; 0.423 ; lcd_controller:lcd_ctl0|lcd_formatter:formatter|state.SEND        ; lcd_controller:lcd_ctl0|lcd_formatter:formatter|state.IDLE        ; clk          ; clk         ; 0.000        ; 0.072      ; 0.666      ;
; 0.425 ; lcd_controller:lcd_ctl0|lcd_driver:driver|state.S_WRITE_L1        ; lcd_controller:lcd_ctl0|lcd_driver:driver|return_state.S_POS_L2   ; clk          ; clk         ; 0.000        ; 0.071      ; 0.667      ;
; 0.425 ; lcd_controller:lcd_ctl0|lcd_driver:driver|init_idx[0]             ; lcd_controller:lcd_ctl0|lcd_driver:driver|init_idx[1]             ; clk          ; clk         ; 0.000        ; 0.071      ; 0.667      ;
; 0.427 ; cpu:cpu0|control_unit:cu0|state.DECODE                            ; cpu:cpu0|control_unit:cu0|state.READ                              ; clk          ; clk         ; 0.000        ; 0.072      ; 0.670      ;
; 0.432 ; lcd_controller:lcd_ctl0|lcd_formatter:formatter|state.LATCH       ; lcd_controller:lcd_ctl0|lcd_formatter:formatter|state.SEND        ; clk          ; clk         ; 0.000        ; 0.072      ; 0.675      ;
; 0.433 ; lcd_controller:lcd_ctl0|lcd_formatter:formatter|state.SEND        ; lcd_controller:lcd_ctl0|lcd_formatter:formatter|char_index[0]     ; clk          ; clk         ; 0.000        ; 0.072      ; 0.676      ;
; 0.439 ; lcd_controller:lcd_ctl0|lcd_formatter:formatter|state.LATCH       ; lcd_controller:lcd_ctl0|lcd_formatter:formatter|char_valid        ; clk          ; clk         ; 0.000        ; 0.072      ; 0.682      ;
; 0.440 ; lcd_controller:lcd_ctl0|lcd_formatter:formatter|state.LATCH       ; lcd_controller:lcd_ctl0|lcd_formatter:formatter|char_index[3]     ; clk          ; clk         ; 0.000        ; 0.072      ; 0.683      ;
; 0.455 ; lcd_controller:lcd_ctl0|lcd_formatter:formatter|latched_dst[0]    ; lcd_controller:lcd_ctl0|lcd_formatter:formatter|screen[14][0]     ; clk          ; clk         ; 0.000        ; 0.123      ; 0.749      ;
; 0.509 ; cpu:cpu0|control_unit:cu0|state.IDLE                              ; cpu:cpu0|control_unit:cu0|state.FETCH                             ; clk          ; clk         ; 0.000        ; 0.072      ; 0.752      ;
; 0.514 ; button_handler:btn0|btn_stable_prev                               ; button_handler:btn0|pulse_out                                     ; clk          ; clk         ; 0.000        ; 0.071      ; 0.756      ;
; 0.518 ; lcd_controller:lcd_ctl0|lcd_formatter:formatter|latched_op[2]     ; lcd_controller:lcd_ctl0|lcd_formatter:formatter|screen[1][2]      ; clk          ; clk         ; 0.000        ; 0.073      ; 0.762      ;
; 0.547 ; cpu:cpu0|control_unit:cu0|state.OFF                               ; cpu:cpu0|control_unit:cu0|state.INIT                              ; clk          ; clk         ; 0.000        ; 0.071      ; 0.789      ;
; 0.549 ; lcd_controller:lcd_ctl0|lcd_formatter:formatter|latched_op[1]     ; lcd_controller:lcd_ctl0|lcd_formatter:formatter|screen[0][3]      ; clk          ; clk         ; 0.000        ; 0.073      ; 0.793      ;
; 0.550 ; lcd_controller:lcd_ctl0|lcd_formatter:formatter|latched_op[1]     ; lcd_controller:lcd_ctl0|lcd_formatter:formatter|screen[3][5]      ; clk          ; clk         ; 0.000        ; 0.073      ; 0.794      ;
; 0.550 ; button_handler:btn1|sync_0                                        ; button_handler:btn1|sync_1                                        ; clk          ; clk         ; 0.000        ; 0.072      ; 0.793      ;
; 0.552 ; lcd_controller:lcd_ctl0|lcd_formatter:formatter|latched_op[1]     ; lcd_controller:lcd_ctl0|lcd_formatter:formatter|screen[1][4]      ; clk          ; clk         ; 0.000        ; 0.073      ; 0.796      ;
; 0.552 ; lcd_controller:lcd_ctl0|lcd_formatter:formatter|latched_op[1]     ; lcd_controller:lcd_ctl0|lcd_formatter:formatter|screen[0][2]      ; clk          ; clk         ; 0.000        ; 0.073      ; 0.796      ;
; 0.553 ; lcd_controller:lcd_ctl0|lcd_formatter:formatter|latched_op[1]     ; lcd_controller:lcd_ctl0|lcd_formatter:formatter|screen[3][3]      ; clk          ; clk         ; 0.000        ; 0.073      ; 0.797      ;
; 0.555 ; lcd_controller:lcd_ctl0|lcd_formatter:formatter|latched_op[1]     ; lcd_controller:lcd_ctl0|lcd_formatter:formatter|screen[0][4]      ; clk          ; clk         ; 0.000        ; 0.073      ; 0.799      ;
; 0.561 ; cpu:cpu0|control_unit:cu0|instruction[2]                          ; cpu:cpu0|control_unit:cu0|instruction[2]                          ; clk          ; clk         ; 0.000        ; 0.072      ; 0.804      ;
; 0.566 ; lcd_controller:lcd_ctl0|lcd_formatter:formatter|latched_op[1]     ; lcd_controller:lcd_ctl0|lcd_formatter:formatter|screen[3][4]      ; clk          ; clk         ; 0.000        ; 0.073      ; 0.810      ;
; 0.568 ; lcd_controller:lcd_ctl0|lcd_formatter:formatter|latched_op[1]     ; lcd_controller:lcd_ctl0|lcd_formatter:formatter|screen[1][2]      ; clk          ; clk         ; 0.000        ; 0.073      ; 0.812      ;
; 0.571 ; lcd_controller:lcd_ctl0|lcd_driver:driver|return_state.S_IDLE     ; lcd_controller:lcd_ctl0|lcd_driver:driver|state.S_IDLE            ; clk          ; clk         ; 0.000        ; 0.071      ; 0.813      ;
; 0.571 ; cpu:cpu0|control_unit:cu0|state.READ                              ; cpu:cpu0|control_unit:cu0|state.EXECUTE                           ; clk          ; clk         ; 0.000        ; 0.479      ; 1.221      ;
; 0.574 ; cpu:cpu0|control_unit:cu0|instruction[3]                          ; cpu:cpu0|control_unit:cu0|instruction[3]                          ; clk          ; clk         ; 0.000        ; 0.072      ; 0.817      ;
; 0.574 ; cpu:cpu0|control_unit:cu0|dst[3]                                  ; cpu:cpu0|control_unit:cu0|dst[3]                                  ; clk          ; clk         ; 0.000        ; 0.072      ; 0.817      ;
; 0.574 ; cpu:cpu0|control_unit:cu0|dst[1]                                  ; cpu:cpu0|control_unit:cu0|dst[1]                                  ; clk          ; clk         ; 0.000        ; 0.072      ; 0.817      ;
; 0.575 ; cpu:cpu0|control_unit:cu0|imm[2]                                  ; cpu:cpu0|control_unit:cu0|imm[2]                                  ; clk          ; clk         ; 0.000        ; 0.072      ; 0.818      ;
; 0.575 ; cpu:cpu0|control_unit:cu0|instruction[4]                          ; cpu:cpu0|control_unit:cu0|instruction[4]                          ; clk          ; clk         ; 0.000        ; 0.072      ; 0.818      ;
; 0.575 ; cpu:cpu0|control_unit:cu0|instruction[7]                          ; cpu:cpu0|control_unit:cu0|instruction[7]                          ; clk          ; clk         ; 0.000        ; 0.072      ; 0.818      ;
; 0.579 ; cpu:cpu0|control_unit:cu0|imm[5]                                  ; cpu:cpu0|control_unit:cu0|imm[5]                                  ; clk          ; clk         ; 0.000        ; 0.072      ; 0.822      ;
; 0.579 ; cpu:cpu0|control_unit:cu0|src1[3]                                 ; cpu:cpu0|control_unit:cu0|src1[3]                                 ; clk          ; clk         ; 0.000        ; 0.072      ; 0.822      ;
; 0.579 ; cpu:cpu0|control_unit:cu0|src1[0]                                 ; cpu:cpu0|control_unit:cu0|src1[0]                                 ; clk          ; clk         ; 0.000        ; 0.086      ; 0.836      ;
; 0.579 ; button_handler:btn0|btn_stable                                    ; button_handler:btn0|pulse_out                                     ; clk          ; clk         ; 0.000        ; 0.073      ; 0.823      ;
; 0.580 ; cpu:cpu0|control_unit:cu0|instruction[5]                          ; cpu:cpu0|control_unit:cu0|instruction[5]                          ; clk          ; clk         ; 0.000        ; 0.072      ; 0.823      ;
; 0.580 ; cpu:cpu0|control_unit:cu0|instruction[13]                         ; cpu:cpu0|control_unit:cu0|instruction[13]                         ; clk          ; clk         ; 0.000        ; 0.072      ; 0.823      ;
; 0.580 ; cpu:cpu0|control_unit:cu0|instruction[12]                         ; cpu:cpu0|control_unit:cu0|instruction[12]                         ; clk          ; clk         ; 0.000        ; 0.072      ; 0.823      ;
; 0.580 ; cpu:cpu0|control_unit:cu0|opcode[2]                               ; cpu:cpu0|control_unit:cu0|opcode[2]                               ; clk          ; clk         ; 0.000        ; 0.072      ; 0.823      ;
; 0.581 ; cpu:cpu0|control_unit:cu0|src1[1]                                 ; cpu:cpu0|control_unit:cu0|src1[1]                                 ; clk          ; clk         ; 0.000        ; 0.072      ; 0.824      ;
; 0.581 ; cpu:cpu0|control_unit:cu0|src0[0]                                 ; cpu:cpu0|control_unit:cu0|src0[0]                                 ; clk          ; clk         ; 0.000        ; 0.072      ; 0.824      ;
; 0.581 ; button_handler:btn1|sync_1                                        ; button_handler:btn1|btn_stable                                    ; clk          ; clk         ; 0.000        ; 0.072      ; 0.824      ;
; 0.582 ; cpu:cpu0|control_unit:cu0|instruction[14]                         ; cpu:cpu0|control_unit:cu0|instruction[14]                         ; clk          ; clk         ; 0.000        ; 0.072      ; 0.825      ;
; 0.582 ; cpu:cpu0|control_unit:cu0|instruction[17]                         ; cpu:cpu0|control_unit:cu0|instruction[17]                         ; clk          ; clk         ; 0.000        ; 0.072      ; 0.825      ;
; 0.585 ; button_handler:btn1|counter[7]                                    ; button_handler:btn1|counter[7]                                    ; clk          ; clk         ; 0.000        ; 0.071      ; 0.827      ;
; 0.585 ; button_handler:btn0|counter[7]                                    ; button_handler:btn0|counter[7]                                    ; clk          ; clk         ; 0.000        ; 0.071      ; 0.827      ;
; 0.586 ; button_handler:btn1|counter[15]                                   ; button_handler:btn1|counter[15]                                   ; clk          ; clk         ; 0.000        ; 0.072      ; 0.829      ;
; 0.586 ; button_handler:btn1|counter[5]                                    ; button_handler:btn1|counter[5]                                    ; clk          ; clk         ; 0.000        ; 0.071      ; 0.828      ;
; 0.586 ; button_handler:btn1|counter[9]                                    ; button_handler:btn1|counter[9]                                    ; clk          ; clk         ; 0.000        ; 0.071      ; 0.828      ;
; 0.586 ; button_handler:btn1|counter[13]                                   ; button_handler:btn1|counter[13]                                   ; clk          ; clk         ; 0.000        ; 0.072      ; 0.829      ;
; 0.586 ; button_handler:btn0|counter[5]                                    ; button_handler:btn0|counter[5]                                    ; clk          ; clk         ; 0.000        ; 0.071      ; 0.828      ;
; 0.586 ; button_handler:btn0|counter[9]                                    ; button_handler:btn0|counter[9]                                    ; clk          ; clk         ; 0.000        ; 0.071      ; 0.828      ;
; 0.586 ; button_handler:btn0|counter[13]                                   ; button_handler:btn0|counter[13]                                   ; clk          ; clk         ; 0.000        ; 0.072      ; 0.829      ;
; 0.586 ; button_handler:btn0|counter[15]                                   ; button_handler:btn0|counter[15]                                   ; clk          ; clk         ; 0.000        ; 0.072      ; 0.829      ;
; 0.587 ; button_handler:btn1|counter[11]                                   ; button_handler:btn1|counter[11]                                   ; clk          ; clk         ; 0.000        ; 0.072      ; 0.830      ;
; 0.588 ; lcd_controller:lcd_ctl0|lcd_driver:driver|char_idx[2]             ; lcd_controller:lcd_ctl0|lcd_driver:driver|char_idx[2]             ; clk          ; clk         ; 0.000        ; 0.071      ; 0.830      ;
; 0.588 ; lcd_controller:lcd_ctl0|lcd_driver:driver|cnt[1]                  ; lcd_controller:lcd_ctl0|lcd_driver:driver|cnt[1]                  ; clk          ; clk         ; 0.000        ; 0.071      ; 0.830      ;
; 0.588 ; button_handler:btn0|counter[11]                                   ; button_handler:btn0|counter[11]                                   ; clk          ; clk         ; 0.000        ; 0.072      ; 0.831      ;
; 0.589 ; lcd_controller:lcd_ctl0|lcd_driver:driver|char_idx[3]             ; lcd_controller:lcd_ctl0|lcd_driver:driver|char_idx[3]             ; clk          ; clk         ; 0.000        ; 0.071      ; 0.831      ;
; 0.589 ; button_handler:btn1|counter[10]                                   ; button_handler:btn1|counter[10]                                   ; clk          ; clk         ; 0.000        ; 0.072      ; 0.832      ;
; 0.589 ; button_handler:btn1|counter[16]                                   ; button_handler:btn1|counter[16]                                   ; clk          ; clk         ; 0.000        ; 0.072      ; 0.832      ;
; 0.589 ; button_handler:btn0|counter[10]                                   ; button_handler:btn0|counter[10]                                   ; clk          ; clk         ; 0.000        ; 0.072      ; 0.832      ;
; 0.589 ; button_handler:btn0|counter[16]                                   ; button_handler:btn0|counter[16]                                   ; clk          ; clk         ; 0.000        ; 0.072      ; 0.832      ;
; 0.590 ; lcd_controller:lcd_ctl0|lcd_driver:driver|state.S_POS_L1          ; lcd_controller:lcd_ctl0|lcd_driver:driver|return_state.S_WRITE_L1 ; clk          ; clk         ; 0.000        ; 0.071      ; 0.832      ;
+-------+-------------------------------------------------------------------+-------------------------------------------------------------------+--------------+-------------+--------------+------------+------------+


----------------------------------------------
; Slow 1200mV 0C Model Metastability Summary ;
----------------------------------------------
Design MTBF is not calculated because the design doesn't meet its timing requirements.



+------------------------------------+
; Fast 1200mV 0C Model Setup Summary ;
+-------+--------+-------------------+
; Clock ; Slack  ; End Point TNS     ;
+-------+--------+-------------------+
; clk   ; -5.827 ; -1386.519         ;
+-------+--------+-------------------+


+-----------------------------------+
; Fast 1200mV 0C Model Hold Summary ;
+-------+-------+-------------------+
; Clock ; Slack ; End Point TNS     ;
+-------+-------+-------------------+
; clk   ; 0.181 ; 0.000             ;
+-------+-------+-------------------+


-----------------------------------------
; Fast 1200mV 0C Model Recovery Summary ;
-----------------------------------------
No paths to report.


----------------------------------------
; Fast 1200mV 0C Model Removal Summary ;
----------------------------------------
No paths to report.


+--------------------------------------------------+
; Fast 1200mV 0C Model Minimum Pulse Width Summary ;
+-------+--------+---------------------------------+
; Clock ; Slack  ; End Point TNS                   ;
+-------+--------+---------------------------------+
; clk   ; -3.000 ; -579.312                        ;
+-------+--------+---------------------------------+


+---------------------------------------------------------------------------------------------------------------------------------------------------------------------------------------------------------------+
; Fast 1200mV 0C Model Setup: 'clk'                                                                                                                                                                             ;
+--------+----------------------------------------------------------------+---------------------------------------------------------------+--------------+-------------+--------------+------------+------------+
; Slack  ; From Node                                                      ; To Node                                                       ; Launch Clock ; Latch Clock ; Relationship ; Clock Skew ; Data Delay ;
+--------+----------------------------------------------------------------+---------------------------------------------------------------+--------------+-------------+--------------+------------+------------+
; -5.827 ; lcd_controller:lcd_ctl0|lcd_formatter:formatter|latched_res[0] ; lcd_controller:lcd_ctl0|lcd_formatter:formatter|screen[29][3] ; clk          ; clk         ; 1.000        ; 0.135      ; 6.949      ;
; -5.826 ; lcd_controller:lcd_ctl0|lcd_formatter:formatter|latched_res[0] ; lcd_controller:lcd_ctl0|lcd_formatter:formatter|screen[29][1] ; clk          ; clk         ; 1.000        ; 0.135      ; 6.948      ;
; -5.823 ; lcd_controller:lcd_ctl0|lcd_formatter:formatter|latched_res[0] ; lcd_controller:lcd_ctl0|lcd_formatter:formatter|screen[29][2] ; clk          ; clk         ; 1.000        ; 0.135      ; 6.945      ;
; -5.806 ; lcd_controller:lcd_ctl0|lcd_formatter:formatter|latched_res[0] ; lcd_controller:lcd_ctl0|lcd_formatter:formatter|screen[30][1] ; clk          ; clk         ; 1.000        ; 0.126      ; 6.919      ;
; -5.795 ; lcd_controller:lcd_ctl0|lcd_formatter:formatter|latched_res[0] ; lcd_controller:lcd_ctl0|lcd_formatter:formatter|screen[30][3] ; clk          ; clk         ; 1.000        ; 0.135      ; 6.917      ;
; -5.795 ; lcd_controller:lcd_ctl0|lcd_formatter:formatter|latched_res[0] ; lcd_controller:lcd_ctl0|lcd_formatter:formatter|screen[30][2] ; clk          ; clk         ; 1.000        ; 0.135      ; 6.917      ;
; -5.776 ; lcd_controller:lcd_ctl0|lcd_formatter:formatter|latched_res[0] ; lcd_controller:lcd_ctl0|lcd_formatter:formatter|screen[28][3] ; clk          ; clk         ; 1.000        ; 0.125      ; 6.888      ;
; -5.773 ; lcd_controller:lcd_ctl0|lcd_formatter:formatter|latched_res[0] ; lcd_controller:lcd_ctl0|lcd_formatter:formatter|screen[28][1] ; clk          ; clk         ; 1.000        ; 0.125      ; 6.885      ;
; -5.773 ; lcd_controller:lcd_ctl0|lcd_formatter:formatter|latched_res[0] ; lcd_controller:lcd_ctl0|lcd_formatter:formatter|screen[28][2] ; clk          ; clk         ; 1.000        ; 0.125      ; 6.885      ;
; -5.764 ; lcd_controller:lcd_ctl0|lcd_formatter:formatter|latched_res[2] ; lcd_controller:lcd_ctl0|lcd_formatter:formatter|screen[29][3] ; clk          ; clk         ; 1.000        ; 0.135      ; 6.886      ;
; -5.763 ; lcd_controller:lcd_ctl0|lcd_formatter:formatter|latched_res[2] ; lcd_controller:lcd_ctl0|lcd_formatter:formatter|screen[29][1] ; clk          ; clk         ; 1.000        ; 0.135      ; 6.885      ;
; -5.760 ; lcd_controller:lcd_ctl0|lcd_formatter:formatter|latched_res[2] ; lcd_controller:lcd_ctl0|lcd_formatter:formatter|screen[29][2] ; clk          ; clk         ; 1.000        ; 0.135      ; 6.882      ;
; -5.751 ; lcd_controller:lcd_ctl0|lcd_formatter:formatter|latched_res[1] ; lcd_controller:lcd_ctl0|lcd_formatter:formatter|screen[29][3] ; clk          ; clk         ; 1.000        ; 0.135      ; 6.873      ;
; -5.750 ; lcd_controller:lcd_ctl0|lcd_formatter:formatter|latched_res[1] ; lcd_controller:lcd_ctl0|lcd_formatter:formatter|screen[29][1] ; clk          ; clk         ; 1.000        ; 0.135      ; 6.872      ;
; -5.747 ; lcd_controller:lcd_ctl0|lcd_formatter:formatter|latched_res[1] ; lcd_controller:lcd_ctl0|lcd_formatter:formatter|screen[29][2] ; clk          ; clk         ; 1.000        ; 0.135      ; 6.869      ;
; -5.743 ; lcd_controller:lcd_ctl0|lcd_formatter:formatter|latched_res[2] ; lcd_controller:lcd_ctl0|lcd_formatter:formatter|screen[30][1] ; clk          ; clk         ; 1.000        ; 0.126      ; 6.856      ;
; -5.732 ; lcd_controller:lcd_ctl0|lcd_formatter:formatter|latched_res[2] ; lcd_controller:lcd_ctl0|lcd_formatter:formatter|screen[30][3] ; clk          ; clk         ; 1.000        ; 0.135      ; 6.854      ;
; -5.732 ; lcd_controller:lcd_ctl0|lcd_formatter:formatter|latched_res[2] ; lcd_controller:lcd_ctl0|lcd_formatter:formatter|screen[30][2] ; clk          ; clk         ; 1.000        ; 0.135      ; 6.854      ;
; -5.730 ; lcd_controller:lcd_ctl0|lcd_formatter:formatter|latched_res[1] ; lcd_controller:lcd_ctl0|lcd_formatter:formatter|screen[30][1] ; clk          ; clk         ; 1.000        ; 0.126      ; 6.843      ;
; -5.719 ; lcd_controller:lcd_ctl0|lcd_formatter:formatter|latched_res[1] ; lcd_controller:lcd_ctl0|lcd_formatter:formatter|screen[30][3] ; clk          ; clk         ; 1.000        ; 0.135      ; 6.841      ;
; -5.719 ; lcd_controller:lcd_ctl0|lcd_formatter:formatter|latched_res[1] ; lcd_controller:lcd_ctl0|lcd_formatter:formatter|screen[30][2] ; clk          ; clk         ; 1.000        ; 0.135      ; 6.841      ;
; -5.713 ; lcd_controller:lcd_ctl0|lcd_formatter:formatter|latched_res[2] ; lcd_controller:lcd_ctl0|lcd_formatter:formatter|screen[28][3] ; clk          ; clk         ; 1.000        ; 0.125      ; 6.825      ;
; -5.710 ; lcd_controller:lcd_ctl0|lcd_formatter:formatter|latched_res[2] ; lcd_controller:lcd_ctl0|lcd_formatter:formatter|screen[28][1] ; clk          ; clk         ; 1.000        ; 0.125      ; 6.822      ;
; -5.710 ; lcd_controller:lcd_ctl0|lcd_formatter:formatter|latched_res[2] ; lcd_controller:lcd_ctl0|lcd_formatter:formatter|screen[28][2] ; clk          ; clk         ; 1.000        ; 0.125      ; 6.822      ;
; -5.700 ; lcd_controller:lcd_ctl0|lcd_formatter:formatter|latched_res[1] ; lcd_controller:lcd_ctl0|lcd_formatter:formatter|screen[28][3] ; clk          ; clk         ; 1.000        ; 0.125      ; 6.812      ;
; -5.697 ; lcd_controller:lcd_ctl0|lcd_formatter:formatter|latched_res[1] ; lcd_controller:lcd_ctl0|lcd_formatter:formatter|screen[28][1] ; clk          ; clk         ; 1.000        ; 0.125      ; 6.809      ;
; -5.697 ; lcd_controller:lcd_ctl0|lcd_formatter:formatter|latched_res[1] ; lcd_controller:lcd_ctl0|lcd_formatter:formatter|screen[28][2] ; clk          ; clk         ; 1.000        ; 0.125      ; 6.809      ;
; -5.694 ; lcd_controller:lcd_ctl0|lcd_formatter:formatter|latched_res[4] ; lcd_controller:lcd_ctl0|lcd_formatter:formatter|screen[29][3] ; clk          ; clk         ; 1.000        ; 0.135      ; 6.816      ;
; -5.693 ; lcd_controller:lcd_ctl0|lcd_formatter:formatter|latched_res[4] ; lcd_controller:lcd_ctl0|lcd_formatter:formatter|screen[29][1] ; clk          ; clk         ; 1.000        ; 0.135      ; 6.815      ;
; -5.690 ; lcd_controller:lcd_ctl0|lcd_formatter:formatter|latched_res[4] ; lcd_controller:lcd_ctl0|lcd_formatter:formatter|screen[29][2] ; clk          ; clk         ; 1.000        ; 0.135      ; 6.812      ;
; -5.687 ; lcd_controller:lcd_ctl0|lcd_formatter:formatter|latched_res[0] ; lcd_controller:lcd_ctl0|lcd_formatter:formatter|screen[27][0] ; clk          ; clk         ; 1.000        ; 0.125      ; 6.799      ;
; -5.684 ; lcd_controller:lcd_ctl0|lcd_formatter:formatter|latched_res[3] ; lcd_controller:lcd_ctl0|lcd_formatter:formatter|screen[29][3] ; clk          ; clk         ; 1.000        ; 0.135      ; 6.806      ;
; -5.683 ; lcd_controller:lcd_ctl0|lcd_formatter:formatter|latched_res[3] ; lcd_controller:lcd_ctl0|lcd_formatter:formatter|screen[29][1] ; clk          ; clk         ; 1.000        ; 0.135      ; 6.805      ;
; -5.680 ; lcd_controller:lcd_ctl0|lcd_formatter:formatter|latched_res[3] ; lcd_controller:lcd_ctl0|lcd_formatter:formatter|screen[29][2] ; clk          ; clk         ; 1.000        ; 0.135      ; 6.802      ;
; -5.673 ; lcd_controller:lcd_ctl0|lcd_formatter:formatter|latched_res[4] ; lcd_controller:lcd_ctl0|lcd_formatter:formatter|screen[30][1] ; clk          ; clk         ; 1.000        ; 0.126      ; 6.786      ;
; -5.663 ; lcd_controller:lcd_ctl0|lcd_formatter:formatter|latched_res[3] ; lcd_controller:lcd_ctl0|lcd_formatter:formatter|screen[30][1] ; clk          ; clk         ; 1.000        ; 0.126      ; 6.776      ;
; -5.662 ; lcd_controller:lcd_ctl0|lcd_formatter:formatter|latched_res[4] ; lcd_controller:lcd_ctl0|lcd_formatter:formatter|screen[30][3] ; clk          ; clk         ; 1.000        ; 0.135      ; 6.784      ;
; -5.662 ; lcd_controller:lcd_ctl0|lcd_formatter:formatter|latched_res[4] ; lcd_controller:lcd_ctl0|lcd_formatter:formatter|screen[30][2] ; clk          ; clk         ; 1.000        ; 0.135      ; 6.784      ;
; -5.652 ; lcd_controller:lcd_ctl0|lcd_formatter:formatter|latched_res[3] ; lcd_controller:lcd_ctl0|lcd_formatter:formatter|screen[30][3] ; clk          ; clk         ; 1.000        ; 0.135      ; 6.774      ;
; -5.652 ; lcd_controller:lcd_ctl0|lcd_formatter:formatter|latched_res[3] ; lcd_controller:lcd_ctl0|lcd_formatter:formatter|screen[30][2] ; clk          ; clk         ; 1.000        ; 0.135      ; 6.774      ;
; -5.647 ; lcd_controller:lcd_ctl0|lcd_formatter:formatter|latched_res[0] ; lcd_controller:lcd_ctl0|lcd_formatter:formatter|screen[28][0] ; clk          ; clk         ; 1.000        ; 0.135      ; 6.769      ;
; -5.643 ; lcd_controller:lcd_ctl0|lcd_formatter:formatter|latched_res[4] ; lcd_controller:lcd_ctl0|lcd_formatter:formatter|screen[28][3] ; clk          ; clk         ; 1.000        ; 0.125      ; 6.755      ;
; -5.640 ; lcd_controller:lcd_ctl0|lcd_formatter:formatter|latched_res[4] ; lcd_controller:lcd_ctl0|lcd_formatter:formatter|screen[28][1] ; clk          ; clk         ; 1.000        ; 0.125      ; 6.752      ;
; -5.640 ; lcd_controller:lcd_ctl0|lcd_formatter:formatter|latched_res[4] ; lcd_controller:lcd_ctl0|lcd_formatter:formatter|screen[28][2] ; clk          ; clk         ; 1.000        ; 0.125      ; 6.752      ;
; -5.633 ; lcd_controller:lcd_ctl0|lcd_formatter:formatter|latched_res[3] ; lcd_controller:lcd_ctl0|lcd_formatter:formatter|screen[28][3] ; clk          ; clk         ; 1.000        ; 0.125      ; 6.745      ;
; -5.630 ; lcd_controller:lcd_ctl0|lcd_formatter:formatter|latched_res[3] ; lcd_controller:lcd_ctl0|lcd_formatter:formatter|screen[28][1] ; clk          ; clk         ; 1.000        ; 0.125      ; 6.742      ;
; -5.630 ; lcd_controller:lcd_ctl0|lcd_formatter:formatter|latched_res[3] ; lcd_controller:lcd_ctl0|lcd_formatter:formatter|screen[28][2] ; clk          ; clk         ; 1.000        ; 0.125      ; 6.742      ;
; -5.627 ; lcd_controller:lcd_ctl0|lcd_formatter:formatter|latched_res[6] ; lcd_controller:lcd_ctl0|lcd_formatter:formatter|screen[29][3] ; clk          ; clk         ; 1.000        ; 0.135      ; 6.749      ;
; -5.626 ; lcd_controller:lcd_ctl0|lcd_formatter:formatter|latched_res[6] ; lcd_controller:lcd_ctl0|lcd_formatter:formatter|screen[29][1] ; clk          ; clk         ; 1.000        ; 0.135      ; 6.748      ;
; -5.624 ; lcd_controller:lcd_ctl0|lcd_formatter:formatter|latched_res[2] ; lcd_controller:lcd_ctl0|lcd_formatter:formatter|screen[27][0] ; clk          ; clk         ; 1.000        ; 0.125      ; 6.736      ;
; -5.623 ; lcd_controller:lcd_ctl0|lcd_formatter:formatter|latched_res[6] ; lcd_controller:lcd_ctl0|lcd_formatter:formatter|screen[29][2] ; clk          ; clk         ; 1.000        ; 0.135      ; 6.745      ;
; -5.613 ; lcd_controller:lcd_ctl0|lcd_formatter:formatter|latched_res[5] ; lcd_controller:lcd_ctl0|lcd_formatter:formatter|screen[29][3] ; clk          ; clk         ; 1.000        ; 0.135      ; 6.735      ;
; -5.612 ; lcd_controller:lcd_ctl0|lcd_formatter:formatter|latched_res[5] ; lcd_controller:lcd_ctl0|lcd_formatter:formatter|screen[29][1] ; clk          ; clk         ; 1.000        ; 0.135      ; 6.734      ;
; -5.611 ; lcd_controller:lcd_ctl0|lcd_formatter:formatter|latched_res[1] ; lcd_controller:lcd_ctl0|lcd_formatter:formatter|screen[27][0] ; clk          ; clk         ; 1.000        ; 0.125      ; 6.723      ;
; -5.609 ; lcd_controller:lcd_ctl0|lcd_formatter:formatter|latched_res[5] ; lcd_controller:lcd_ctl0|lcd_formatter:formatter|screen[29][2] ; clk          ; clk         ; 1.000        ; 0.135      ; 6.731      ;
; -5.606 ; lcd_controller:lcd_ctl0|lcd_formatter:formatter|latched_res[6] ; lcd_controller:lcd_ctl0|lcd_formatter:formatter|screen[30][1] ; clk          ; clk         ; 1.000        ; 0.126      ; 6.719      ;
; -5.595 ; lcd_controller:lcd_ctl0|lcd_formatter:formatter|latched_res[6] ; lcd_controller:lcd_ctl0|lcd_formatter:formatter|screen[30][3] ; clk          ; clk         ; 1.000        ; 0.135      ; 6.717      ;
; -5.595 ; lcd_controller:lcd_ctl0|lcd_formatter:formatter|latched_res[6] ; lcd_controller:lcd_ctl0|lcd_formatter:formatter|screen[30][2] ; clk          ; clk         ; 1.000        ; 0.135      ; 6.717      ;
; -5.592 ; lcd_controller:lcd_ctl0|lcd_formatter:formatter|latched_res[5] ; lcd_controller:lcd_ctl0|lcd_formatter:formatter|screen[30][1] ; clk          ; clk         ; 1.000        ; 0.126      ; 6.705      ;
; -5.587 ; lcd_controller:lcd_ctl0|lcd_formatter:formatter|latched_res[0] ; lcd_controller:lcd_ctl0|lcd_formatter:formatter|screen[29][0] ; clk          ; clk         ; 1.000        ; 0.135      ; 6.709      ;
; -5.586 ; lcd_controller:lcd_ctl0|lcd_formatter:formatter|latched_res[0] ; lcd_controller:lcd_ctl0|lcd_formatter:formatter|screen[31][1] ; clk          ; clk         ; 1.000        ; 0.126      ; 6.699      ;
; -5.584 ; lcd_controller:lcd_ctl0|lcd_formatter:formatter|latched_res[0] ; lcd_controller:lcd_ctl0|lcd_formatter:formatter|screen[31][2] ; clk          ; clk         ; 1.000        ; 0.126      ; 6.697      ;
; -5.584 ; lcd_controller:lcd_ctl0|lcd_formatter:formatter|latched_res[2] ; lcd_controller:lcd_ctl0|lcd_formatter:formatter|screen[28][0] ; clk          ; clk         ; 1.000        ; 0.135      ; 6.706      ;
; -5.583 ; lcd_controller:lcd_ctl0|lcd_formatter:formatter|latched_res[0] ; lcd_controller:lcd_ctl0|lcd_formatter:formatter|screen[31][3] ; clk          ; clk         ; 1.000        ; 0.126      ; 6.696      ;
; -5.581 ; lcd_controller:lcd_ctl0|lcd_formatter:formatter|latched_res[5] ; lcd_controller:lcd_ctl0|lcd_formatter:formatter|screen[30][3] ; clk          ; clk         ; 1.000        ; 0.135      ; 6.703      ;
; -5.581 ; lcd_controller:lcd_ctl0|lcd_formatter:formatter|latched_res[5] ; lcd_controller:lcd_ctl0|lcd_formatter:formatter|screen[30][2] ; clk          ; clk         ; 1.000        ; 0.135      ; 6.703      ;
; -5.576 ; lcd_controller:lcd_ctl0|lcd_formatter:formatter|latched_res[6] ; lcd_controller:lcd_ctl0|lcd_formatter:formatter|screen[28][3] ; clk          ; clk         ; 1.000        ; 0.125      ; 6.688      ;
; -5.573 ; lcd_controller:lcd_ctl0|lcd_formatter:formatter|latched_res[6] ; lcd_controller:lcd_ctl0|lcd_formatter:formatter|screen[28][1] ; clk          ; clk         ; 1.000        ; 0.125      ; 6.685      ;
; -5.573 ; lcd_controller:lcd_ctl0|lcd_formatter:formatter|latched_res[6] ; lcd_controller:lcd_ctl0|lcd_formatter:formatter|screen[28][2] ; clk          ; clk         ; 1.000        ; 0.125      ; 6.685      ;
; -5.571 ; lcd_controller:lcd_ctl0|lcd_formatter:formatter|latched_res[1] ; lcd_controller:lcd_ctl0|lcd_formatter:formatter|screen[28][0] ; clk          ; clk         ; 1.000        ; 0.135      ; 6.693      ;
; -5.562 ; lcd_controller:lcd_ctl0|lcd_formatter:formatter|latched_res[5] ; lcd_controller:lcd_ctl0|lcd_formatter:formatter|screen[28][3] ; clk          ; clk         ; 1.000        ; 0.125      ; 6.674      ;
; -5.559 ; lcd_controller:lcd_ctl0|lcd_formatter:formatter|latched_res[5] ; lcd_controller:lcd_ctl0|lcd_formatter:formatter|screen[28][1] ; clk          ; clk         ; 1.000        ; 0.125      ; 6.671      ;
; -5.559 ; lcd_controller:lcd_ctl0|lcd_formatter:formatter|latched_res[5] ; lcd_controller:lcd_ctl0|lcd_formatter:formatter|screen[28][2] ; clk          ; clk         ; 1.000        ; 0.125      ; 6.671      ;
; -5.556 ; lcd_controller:lcd_ctl0|lcd_formatter:formatter|latched_res[8] ; lcd_controller:lcd_ctl0|lcd_formatter:formatter|screen[29][3] ; clk          ; clk         ; 1.000        ; 0.135      ; 6.678      ;
; -5.555 ; lcd_controller:lcd_ctl0|lcd_formatter:formatter|latched_res[8] ; lcd_controller:lcd_ctl0|lcd_formatter:formatter|screen[29][1] ; clk          ; clk         ; 1.000        ; 0.135      ; 6.677      ;
; -5.554 ; lcd_controller:lcd_ctl0|lcd_formatter:formatter|latched_res[4] ; lcd_controller:lcd_ctl0|lcd_formatter:formatter|screen[27][0] ; clk          ; clk         ; 1.000        ; 0.125      ; 6.666      ;
; -5.552 ; lcd_controller:lcd_ctl0|lcd_formatter:formatter|latched_res[8] ; lcd_controller:lcd_ctl0|lcd_formatter:formatter|screen[29][2] ; clk          ; clk         ; 1.000        ; 0.135      ; 6.674      ;
; -5.546 ; lcd_controller:lcd_ctl0|lcd_formatter:formatter|latched_res[7] ; lcd_controller:lcd_ctl0|lcd_formatter:formatter|screen[29][3] ; clk          ; clk         ; 1.000        ; 0.135      ; 6.668      ;
; -5.545 ; lcd_controller:lcd_ctl0|lcd_formatter:formatter|latched_res[7] ; lcd_controller:lcd_ctl0|lcd_formatter:formatter|screen[29][1] ; clk          ; clk         ; 1.000        ; 0.135      ; 6.667      ;
; -5.544 ; lcd_controller:lcd_ctl0|lcd_formatter:formatter|latched_res[3] ; lcd_controller:lcd_ctl0|lcd_formatter:formatter|screen[27][0] ; clk          ; clk         ; 1.000        ; 0.125      ; 6.656      ;
; -5.542 ; lcd_controller:lcd_ctl0|lcd_formatter:formatter|latched_res[7] ; lcd_controller:lcd_ctl0|lcd_formatter:formatter|screen[29][2] ; clk          ; clk         ; 1.000        ; 0.135      ; 6.664      ;
; -5.535 ; lcd_controller:lcd_ctl0|lcd_formatter:formatter|latched_res[8] ; lcd_controller:lcd_ctl0|lcd_formatter:formatter|screen[30][1] ; clk          ; clk         ; 1.000        ; 0.126      ; 6.648      ;
; -5.525 ; lcd_controller:lcd_ctl0|lcd_formatter:formatter|latched_res[7] ; lcd_controller:lcd_ctl0|lcd_formatter:formatter|screen[30][1] ; clk          ; clk         ; 1.000        ; 0.126      ; 6.638      ;
; -5.524 ; lcd_controller:lcd_ctl0|lcd_formatter:formatter|latched_res[8] ; lcd_controller:lcd_ctl0|lcd_formatter:formatter|screen[30][3] ; clk          ; clk         ; 1.000        ; 0.135      ; 6.646      ;
; -5.524 ; lcd_controller:lcd_ctl0|lcd_formatter:formatter|latched_res[8] ; lcd_controller:lcd_ctl0|lcd_formatter:formatter|screen[30][2] ; clk          ; clk         ; 1.000        ; 0.135      ; 6.646      ;
; -5.524 ; lcd_controller:lcd_ctl0|lcd_formatter:formatter|latched_res[2] ; lcd_controller:lcd_ctl0|lcd_formatter:formatter|screen[29][0] ; clk          ; clk         ; 1.000        ; 0.135      ; 6.646      ;
; -5.523 ; lcd_controller:lcd_ctl0|lcd_formatter:formatter|latched_res[2] ; lcd_controller:lcd_ctl0|lcd_formatter:formatter|screen[31][1] ; clk          ; clk         ; 1.000        ; 0.126      ; 6.636      ;
; -5.521 ; lcd_controller:lcd_ctl0|lcd_formatter:formatter|latched_res[2] ; lcd_controller:lcd_ctl0|lcd_formatter:formatter|screen[31][2] ; clk          ; clk         ; 1.000        ; 0.126      ; 6.634      ;
; -5.520 ; lcd_controller:lcd_ctl0|lcd_formatter:formatter|latched_res[2] ; lcd_controller:lcd_ctl0|lcd_formatter:formatter|screen[31][3] ; clk          ; clk         ; 1.000        ; 0.126      ; 6.633      ;
; -5.514 ; lcd_controller:lcd_ctl0|lcd_formatter:formatter|latched_res[7] ; lcd_controller:lcd_ctl0|lcd_formatter:formatter|screen[30][3] ; clk          ; clk         ; 1.000        ; 0.135      ; 6.636      ;
; -5.514 ; lcd_controller:lcd_ctl0|lcd_formatter:formatter|latched_res[7] ; lcd_controller:lcd_ctl0|lcd_formatter:formatter|screen[30][2] ; clk          ; clk         ; 1.000        ; 0.135      ; 6.636      ;
; -5.514 ; lcd_controller:lcd_ctl0|lcd_formatter:formatter|latched_res[4] ; lcd_controller:lcd_ctl0|lcd_formatter:formatter|screen[28][0] ; clk          ; clk         ; 1.000        ; 0.135      ; 6.636      ;
; -5.511 ; lcd_controller:lcd_ctl0|lcd_formatter:formatter|latched_res[1] ; lcd_controller:lcd_ctl0|lcd_formatter:formatter|screen[29][0] ; clk          ; clk         ; 1.000        ; 0.135      ; 6.633      ;
; -5.510 ; lcd_controller:lcd_ctl0|lcd_formatter:formatter|latched_res[1] ; lcd_controller:lcd_ctl0|lcd_formatter:formatter|screen[31][1] ; clk          ; clk         ; 1.000        ; 0.126      ; 6.623      ;
; -5.508 ; lcd_controller:lcd_ctl0|lcd_formatter:formatter|latched_res[1] ; lcd_controller:lcd_ctl0|lcd_formatter:formatter|screen[31][2] ; clk          ; clk         ; 1.000        ; 0.126      ; 6.621      ;
; -5.507 ; lcd_controller:lcd_ctl0|lcd_formatter:formatter|latched_res[1] ; lcd_controller:lcd_ctl0|lcd_formatter:formatter|screen[31][3] ; clk          ; clk         ; 1.000        ; 0.126      ; 6.620      ;
; -5.505 ; lcd_controller:lcd_ctl0|lcd_formatter:formatter|latched_res[8] ; lcd_controller:lcd_ctl0|lcd_formatter:formatter|screen[28][3] ; clk          ; clk         ; 1.000        ; 0.125      ; 6.617      ;
; -5.504 ; lcd_controller:lcd_ctl0|lcd_formatter:formatter|latched_res[3] ; lcd_controller:lcd_ctl0|lcd_formatter:formatter|screen[28][0] ; clk          ; clk         ; 1.000        ; 0.135      ; 6.626      ;
; -5.502 ; lcd_controller:lcd_ctl0|lcd_formatter:formatter|latched_res[8] ; lcd_controller:lcd_ctl0|lcd_formatter:formatter|screen[28][1] ; clk          ; clk         ; 1.000        ; 0.125      ; 6.614      ;
; -5.502 ; lcd_controller:lcd_ctl0|lcd_formatter:formatter|latched_res[8] ; lcd_controller:lcd_ctl0|lcd_formatter:formatter|screen[28][2] ; clk          ; clk         ; 1.000        ; 0.125      ; 6.614      ;
+--------+----------------------------------------------------------------+---------------------------------------------------------------+--------------+-------------+--------------+------------+------------+


+---------------------------------------------------------------------------------------------------------------------------------------------------------------------------------------------------------------------+
; Fast 1200mV 0C Model Hold: 'clk'                                                                                                                                                                                    ;
+-------+-------------------------------------------------------------------+-------------------------------------------------------------------+--------------+-------------+--------------+------------+------------+
; Slack ; From Node                                                         ; To Node                                                           ; Launch Clock ; Latch Clock ; Relationship ; Clock Skew ; Data Delay ;
+-------+-------------------------------------------------------------------+-------------------------------------------------------------------+--------------+-------------+--------------+------------+------------+
; 0.181 ; lcd_controller:lcd_ctl0|lcd_formatter:formatter|screen[31][0]     ; lcd_controller:lcd_ctl0|lcd_formatter:formatter|screen[31][0]     ; clk          ; clk         ; 0.000        ; 0.042      ; 0.307      ;
; 0.181 ; cpu:cpu0|control_unit:cu0|state.IDLE                              ; cpu:cpu0|control_unit:cu0|state.IDLE                              ; clk          ; clk         ; 0.000        ; 0.042      ; 0.307      ;
; 0.182 ; lcd_controller:lcd_ctl0|lcd_driver:driver|lcd_en                  ; lcd_controller:lcd_ctl0|lcd_driver:driver|lcd_en                  ; clk          ; clk         ; 0.000        ; 0.041      ; 0.307      ;
; 0.182 ; lcd_controller:lcd_ctl0|lcd_driver:driver|lcd_rs                  ; lcd_controller:lcd_ctl0|lcd_driver:driver|lcd_rs                  ; clk          ; clk         ; 0.000        ; 0.041      ; 0.307      ;
; 0.182 ; lcd_controller:lcd_ctl0|lcd_driver:driver|lcd_data[7]             ; lcd_controller:lcd_ctl0|lcd_driver:driver|lcd_data[7]             ; clk          ; clk         ; 0.000        ; 0.041      ; 0.307      ;
; 0.182 ; lcd_controller:lcd_ctl0|lcd_driver:driver|lcd_data[6]             ; lcd_controller:lcd_ctl0|lcd_driver:driver|lcd_data[6]             ; clk          ; clk         ; 0.000        ; 0.041      ; 0.307      ;
; 0.182 ; lcd_controller:lcd_ctl0|lcd_driver:driver|lcd_data[5]             ; lcd_controller:lcd_ctl0|lcd_driver:driver|lcd_data[5]             ; clk          ; clk         ; 0.000        ; 0.041      ; 0.307      ;
; 0.182 ; lcd_controller:lcd_ctl0|lcd_driver:driver|lcd_data[4]             ; lcd_controller:lcd_ctl0|lcd_driver:driver|lcd_data[4]             ; clk          ; clk         ; 0.000        ; 0.041      ; 0.307      ;
; 0.182 ; lcd_controller:lcd_ctl0|lcd_driver:driver|lcd_data[1]             ; lcd_controller:lcd_ctl0|lcd_driver:driver|lcd_data[1]             ; clk          ; clk         ; 0.000        ; 0.041      ; 0.307      ;
; 0.182 ; lcd_controller:lcd_ctl0|lcd_formatter:formatter|char_index[4]     ; lcd_controller:lcd_ctl0|lcd_formatter:formatter|char_index[4]     ; clk          ; clk         ; 0.000        ; 0.041      ; 0.307      ;
; 0.182 ; lcd_controller:lcd_ctl0|lcd_formatter:formatter|char_index[3]     ; lcd_controller:lcd_ctl0|lcd_formatter:formatter|char_index[3]     ; clk          ; clk         ; 0.000        ; 0.041      ; 0.307      ;
; 0.182 ; lcd_controller:lcd_ctl0|lcd_formatter:formatter|char_index[2]     ; lcd_controller:lcd_ctl0|lcd_formatter:formatter|char_index[2]     ; clk          ; clk         ; 0.000        ; 0.041      ; 0.307      ;
; 0.182 ; lcd_controller:lcd_ctl0|lcd_formatter:formatter|char_index[1]     ; lcd_controller:lcd_ctl0|lcd_formatter:formatter|char_index[1]     ; clk          ; clk         ; 0.000        ; 0.041      ; 0.307      ;
; 0.182 ; lcd_controller:lcd_ctl0|lcd_formatter:formatter|char_index[0]     ; lcd_controller:lcd_ctl0|lcd_formatter:formatter|char_index[0]     ; clk          ; clk         ; 0.000        ; 0.041      ; 0.307      ;
; 0.182 ; lcd_controller:lcd_ctl0|lcd_formatter:formatter|state.SEND        ; lcd_controller:lcd_ctl0|lcd_formatter:formatter|state.SEND        ; clk          ; clk         ; 0.000        ; 0.041      ; 0.307      ;
; 0.182 ; lcd_controller:lcd_ctl0|lcd_driver:driver|return_state.S_POS_L2   ; lcd_controller:lcd_ctl0|lcd_driver:driver|return_state.S_POS_L2   ; clk          ; clk         ; 0.000        ; 0.041      ; 0.307      ;
; 0.182 ; lcd_controller:lcd_ctl0|lcd_driver:driver|state.S_POS_L1          ; lcd_controller:lcd_ctl0|lcd_driver:driver|state.S_POS_L1          ; clk          ; clk         ; 0.000        ; 0.041      ; 0.307      ;
; 0.182 ; lcd_controller:lcd_ctl0|lcd_driver:driver|return_state.S_IDLE     ; lcd_controller:lcd_ctl0|lcd_driver:driver|return_state.S_IDLE     ; clk          ; clk         ; 0.000        ; 0.041      ; 0.307      ;
; 0.182 ; lcd_controller:lcd_ctl0|lcd_driver:driver|return_state.S_WRITE_L2 ; lcd_controller:lcd_ctl0|lcd_driver:driver|return_state.S_WRITE_L2 ; clk          ; clk         ; 0.000        ; 0.041      ; 0.307      ;
; 0.182 ; lcd_controller:lcd_ctl0|lcd_driver:driver|state.S_INIT_WAIT       ; lcd_controller:lcd_ctl0|lcd_driver:driver|state.S_INIT_WAIT       ; clk          ; clk         ; 0.000        ; 0.041      ; 0.307      ;
; 0.182 ; lcd_controller:lcd_ctl0|lcd_driver:driver|state.S_PULSE           ; lcd_controller:lcd_ctl0|lcd_driver:driver|state.S_PULSE           ; clk          ; clk         ; 0.000        ; 0.041      ; 0.307      ;
; 0.182 ; lcd_controller:lcd_ctl0|lcd_driver:driver|state.S_PULSE_WAIT      ; lcd_controller:lcd_ctl0|lcd_driver:driver|state.S_PULSE_WAIT      ; clk          ; clk         ; 0.000        ; 0.041      ; 0.307      ;
; 0.182 ; lcd_controller:lcd_ctl0|lcd_driver:driver|return_state.S_INIT_CMD ; lcd_controller:lcd_ctl0|lcd_driver:driver|return_state.S_INIT_CMD ; clk          ; clk         ; 0.000        ; 0.041      ; 0.307      ;
; 0.182 ; lcd_controller:lcd_ctl0|lcd_driver:driver|init_idx[1]             ; lcd_controller:lcd_ctl0|lcd_driver:driver|init_idx[1]             ; clk          ; clk         ; 0.000        ; 0.041      ; 0.307      ;
; 0.182 ; lcd_controller:lcd_ctl0|lcd_driver:driver|init_idx[0]             ; lcd_controller:lcd_ctl0|lcd_driver:driver|init_idx[0]             ; clk          ; clk         ; 0.000        ; 0.041      ; 0.307      ;
; 0.182 ; cpu:cpu0|control_unit:cu0|state.OFF                               ; cpu:cpu0|control_unit:cu0|state.OFF                               ; clk          ; clk         ; 0.000        ; 0.041      ; 0.307      ;
; 0.182 ; button_handler:btn1|btn_stable                                    ; button_handler:btn1|btn_stable                                    ; clk          ; clk         ; 0.000        ; 0.041      ; 0.307      ;
; 0.182 ; button_handler:btn0|btn_stable                                    ; button_handler:btn0|btn_stable                                    ; clk          ; clk         ; 0.000        ; 0.041      ; 0.307      ;
; 0.190 ; button_handler:btn1|btn_stable_prev                               ; button_handler:btn1|pulse_out                                     ; clk          ; clk         ; 0.000        ; 0.041      ; 0.315      ;
; 0.193 ; button_handler:btn0|counter[19]                                   ; button_handler:btn0|counter[19]                                   ; clk          ; clk         ; 0.000        ; 0.041      ; 0.318      ;
; 0.194 ; lcd_controller:lcd_ctl0|lcd_driver:driver|state.S_POS_L1          ; lcd_controller:lcd_ctl0|lcd_driver:driver|lcd_data[7]             ; clk          ; clk         ; 0.000        ; 0.041      ; 0.319      ;
; 0.197 ; button_handler:btn1|btn_stable                                    ; button_handler:btn1|btn_stable_prev                               ; clk          ; clk         ; 0.000        ; 0.041      ; 0.322      ;
; 0.199 ; button_handler:btn1|counter[19]                                   ; button_handler:btn1|counter[19]                                   ; clk          ; clk         ; 0.000        ; 0.042      ; 0.325      ;
; 0.200 ; lcd_controller:lcd_ctl0|lcd_driver:driver|cnt[21]                 ; lcd_controller:lcd_ctl0|lcd_driver:driver|cnt[21]                 ; clk          ; clk         ; 0.000        ; 0.041      ; 0.325      ;
; 0.205 ; lcd_controller:lcd_ctl0|lcd_driver:driver|state.S_PULSE           ; lcd_controller:lcd_ctl0|lcd_driver:driver|lcd_en                  ; clk          ; clk         ; 0.000        ; 0.041      ; 0.330      ;
; 0.205 ; cpu:cpu0|control_unit:cu0|state.DECODE                            ; cpu:cpu0|control_unit:cu0|state.READ                              ; clk          ; clk         ; 0.000        ; 0.042      ; 0.331      ;
; 0.206 ; lcd_controller:lcd_ctl0|lcd_driver:driver|state.S_WRITE_L1        ; lcd_controller:lcd_ctl0|lcd_driver:driver|return_state.S_POS_L2   ; clk          ; clk         ; 0.000        ; 0.041      ; 0.331      ;
; 0.207 ; lcd_controller:lcd_ctl0|lcd_driver:driver|init_idx[0]             ; lcd_controller:lcd_ctl0|lcd_driver:driver|init_idx[1]             ; clk          ; clk         ; 0.000        ; 0.041      ; 0.332      ;
; 0.208 ; lcd_controller:lcd_ctl0|lcd_formatter:formatter|state.LATCH       ; lcd_controller:lcd_ctl0|lcd_formatter:formatter|state.SEND        ; clk          ; clk         ; 0.000        ; 0.041      ; 0.333      ;
; 0.210 ; cpu:cpu0|control_unit:cu0|state.DECODE                            ; cpu:cpu0|control_unit:cu0|src1[1]                                 ; clk          ; clk         ; 0.000        ; 0.042      ; 0.336      ;
; 0.212 ; lcd_controller:lcd_ctl0|lcd_formatter:formatter|state.SEND        ; lcd_controller:lcd_ctl0|lcd_formatter:formatter|char_index[0]     ; clk          ; clk         ; 0.000        ; 0.041      ; 0.337      ;
; 0.215 ; lcd_controller:lcd_ctl0|lcd_formatter:formatter|state.LATCH       ; lcd_controller:lcd_ctl0|lcd_formatter:formatter|char_valid        ; clk          ; clk         ; 0.000        ; 0.041      ; 0.340      ;
; 0.215 ; lcd_controller:lcd_ctl0|lcd_formatter:formatter|state.LATCH       ; lcd_controller:lcd_ctl0|lcd_formatter:formatter|char_index[3]     ; clk          ; clk         ; 0.000        ; 0.041      ; 0.340      ;
; 0.222 ; lcd_controller:lcd_ctl0|lcd_formatter:formatter|state.SEND        ; lcd_controller:lcd_ctl0|lcd_formatter:formatter|state.IDLE        ; clk          ; clk         ; 0.000        ; 0.041      ; 0.347      ;
; 0.223 ; lcd_controller:lcd_ctl0|lcd_formatter:formatter|latched_dst[0]    ; lcd_controller:lcd_ctl0|lcd_formatter:formatter|screen[14][0]     ; clk          ; clk         ; 0.000        ; 0.065      ; 0.372      ;
; 0.249 ; cpu:cpu0|control_unit:cu0|state.IDLE                              ; cpu:cpu0|control_unit:cu0|state.FETCH                             ; clk          ; clk         ; 0.000        ; 0.042      ; 0.375      ;
; 0.252 ; button_handler:btn0|btn_stable_prev                               ; button_handler:btn0|pulse_out                                     ; clk          ; clk         ; 0.000        ; 0.041      ; 0.377      ;
; 0.263 ; lcd_controller:lcd_ctl0|lcd_formatter:formatter|latched_op[2]     ; lcd_controller:lcd_ctl0|lcd_formatter:formatter|screen[1][2]      ; clk          ; clk         ; 0.000        ; 0.041      ; 0.388      ;
; 0.264 ; cpu:cpu0|control_unit:cu0|state.READ                              ; cpu:cpu0|control_unit:cu0|state.EXECUTE                           ; clk          ; clk         ; 0.000        ; 0.251      ; 0.599      ;
; 0.264 ; button_handler:btn1|sync_0                                        ; button_handler:btn1|sync_1                                        ; clk          ; clk         ; 0.000        ; 0.041      ; 0.389      ;
; 0.265 ; cpu:cpu0|control_unit:cu0|state.OFF                               ; cpu:cpu0|control_unit:cu0|state.INIT                              ; clk          ; clk         ; 0.000        ; 0.040      ; 0.389      ;
; 0.266 ; lcd_controller:lcd_ctl0|lcd_driver:driver|return_state.S_IDLE     ; lcd_controller:lcd_ctl0|lcd_driver:driver|state.S_IDLE            ; clk          ; clk         ; 0.000        ; 0.041      ; 0.391      ;
; 0.270 ; cpu:cpu0|control_unit:cu0|instruction[2]                          ; cpu:cpu0|control_unit:cu0|instruction[2]                          ; clk          ; clk         ; 0.000        ; 0.042      ; 0.396      ;
; 0.276 ; cpu:cpu0|control_unit:cu0|imm[2]                                  ; cpu:cpu0|control_unit:cu0|imm[2]                                  ; clk          ; clk         ; 0.000        ; 0.042      ; 0.402      ;
; 0.276 ; cpu:cpu0|control_unit:cu0|instruction[3]                          ; cpu:cpu0|control_unit:cu0|instruction[3]                          ; clk          ; clk         ; 0.000        ; 0.042      ; 0.402      ;
; 0.276 ; button_handler:btn0|btn_stable                                    ; button_handler:btn0|pulse_out                                     ; clk          ; clk         ; 0.000        ; 0.043      ; 0.403      ;
; 0.277 ; cpu:cpu0|control_unit:cu0|instruction[4]                          ; cpu:cpu0|control_unit:cu0|instruction[4]                          ; clk          ; clk         ; 0.000        ; 0.042      ; 0.403      ;
; 0.277 ; cpu:cpu0|control_unit:cu0|instruction[7]                          ; cpu:cpu0|control_unit:cu0|instruction[7]                          ; clk          ; clk         ; 0.000        ; 0.042      ; 0.403      ;
; 0.277 ; button_handler:btn0|btn_stable                                    ; button_handler:btn0|btn_stable_prev                               ; clk          ; clk         ; 0.000        ; 0.043      ; 0.404      ;
; 0.277 ; lcd_controller:lcd_ctl0|lcd_formatter:formatter|latched_op[1]     ; lcd_controller:lcd_ctl0|lcd_formatter:formatter|screen[1][2]      ; clk          ; clk         ; 0.000        ; 0.041      ; 0.402      ;
; 0.278 ; cpu:cpu0|control_unit:cu0|dst[3]                                  ; cpu:cpu0|control_unit:cu0|dst[3]                                  ; clk          ; clk         ; 0.000        ; 0.041      ; 0.403      ;
; 0.278 ; cpu:cpu0|control_unit:cu0|dst[1]                                  ; cpu:cpu0|control_unit:cu0|dst[1]                                  ; clk          ; clk         ; 0.000        ; 0.041      ; 0.403      ;
; 0.279 ; cpu:cpu0|control_unit:cu0|imm[5]                                  ; cpu:cpu0|control_unit:cu0|imm[5]                                  ; clk          ; clk         ; 0.000        ; 0.042      ; 0.405      ;
; 0.280 ; cpu:cpu0|control_unit:cu0|src1[0]                                 ; cpu:cpu0|control_unit:cu0|src1[0]                                 ; clk          ; clk         ; 0.000        ; 0.050      ; 0.414      ;
; 0.280 ; cpu:cpu0|control_unit:cu0|instruction[12]                         ; cpu:cpu0|control_unit:cu0|instruction[12]                         ; clk          ; clk         ; 0.000        ; 0.041      ; 0.405      ;
; 0.281 ; cpu:cpu0|control_unit:cu0|src1[3]                                 ; cpu:cpu0|control_unit:cu0|src1[3]                                 ; clk          ; clk         ; 0.000        ; 0.041      ; 0.406      ;
; 0.281 ; cpu:cpu0|control_unit:cu0|instruction[5]                          ; cpu:cpu0|control_unit:cu0|instruction[5]                          ; clk          ; clk         ; 0.000        ; 0.042      ; 0.407      ;
; 0.281 ; cpu:cpu0|control_unit:cu0|src1[1]                                 ; cpu:cpu0|control_unit:cu0|src1[1]                                 ; clk          ; clk         ; 0.000        ; 0.042      ; 0.407      ;
; 0.281 ; cpu:cpu0|control_unit:cu0|opcode[2]                               ; cpu:cpu0|control_unit:cu0|opcode[2]                               ; clk          ; clk         ; 0.000        ; 0.041      ; 0.406      ;
; 0.281 ; cpu:cpu0|control_unit:cu0|instruction[17]                         ; cpu:cpu0|control_unit:cu0|instruction[17]                         ; clk          ; clk         ; 0.000        ; 0.042      ; 0.407      ;
; 0.282 ; cpu:cpu0|control_unit:cu0|src0[0]                                 ; cpu:cpu0|control_unit:cu0|src0[0]                                 ; clk          ; clk         ; 0.000        ; 0.041      ; 0.407      ;
; 0.282 ; cpu:cpu0|control_unit:cu0|instruction[13]                         ; cpu:cpu0|control_unit:cu0|instruction[13]                         ; clk          ; clk         ; 0.000        ; 0.041      ; 0.407      ;
; 0.283 ; cpu:cpu0|control_unit:cu0|instruction[14]                         ; cpu:cpu0|control_unit:cu0|instruction[14]                         ; clk          ; clk         ; 0.000        ; 0.041      ; 0.408      ;
; 0.283 ; lcd_controller:lcd_ctl0|lcd_formatter:formatter|latched_op[1]     ; lcd_controller:lcd_ctl0|lcd_formatter:formatter|screen[0][3]      ; clk          ; clk         ; 0.000        ; 0.041      ; 0.408      ;
; 0.284 ; lcd_controller:lcd_ctl0|lcd_formatter:formatter|latched_op[1]     ; lcd_controller:lcd_ctl0|lcd_formatter:formatter|screen[3][5]      ; clk          ; clk         ; 0.000        ; 0.041      ; 0.409      ;
; 0.286 ; lcd_controller:lcd_ctl0|lcd_formatter:formatter|latched_op[1]     ; lcd_controller:lcd_ctl0|lcd_formatter:formatter|screen[1][4]      ; clk          ; clk         ; 0.000        ; 0.041      ; 0.411      ;
; 0.288 ; lcd_controller:lcd_ctl0|lcd_formatter:formatter|latched_op[1]     ; lcd_controller:lcd_ctl0|lcd_formatter:formatter|screen[3][4]      ; clk          ; clk         ; 0.000        ; 0.041      ; 0.413      ;
; 0.288 ; lcd_controller:lcd_ctl0|lcd_formatter:formatter|latched_op[1]     ; lcd_controller:lcd_ctl0|lcd_formatter:formatter|screen[3][3]      ; clk          ; clk         ; 0.000        ; 0.041      ; 0.413      ;
; 0.288 ; lcd_controller:lcd_ctl0|lcd_formatter:formatter|latched_op[1]     ; lcd_controller:lcd_ctl0|lcd_formatter:formatter|screen[0][2]      ; clk          ; clk         ; 0.000        ; 0.041      ; 0.413      ;
; 0.288 ; button_handler:btn1|sync_1                                        ; button_handler:btn1|btn_stable                                    ; clk          ; clk         ; 0.000        ; 0.041      ; 0.413      ;
; 0.289 ; cpu:cpu0|control_unit:cu0|src0[2]                                 ; cpu:cpu0|control_unit:cu0|src0[2]                                 ; clk          ; clk         ; 0.000        ; 0.041      ; 0.414      ;
; 0.289 ; lcd_controller:lcd_ctl0|lcd_formatter:formatter|latched_op[1]     ; lcd_controller:lcd_ctl0|lcd_formatter:formatter|screen[0][4]      ; clk          ; clk         ; 0.000        ; 0.041      ; 0.414      ;
; 0.290 ; button_handler:btn1|counter[9]                                    ; button_handler:btn1|counter[9]                                    ; clk          ; clk         ; 0.000        ; 0.042      ; 0.416      ;
; 0.291 ; button_handler:btn1|counter[7]                                    ; button_handler:btn1|counter[7]                                    ; clk          ; clk         ; 0.000        ; 0.042      ; 0.417      ;
; 0.291 ; button_handler:btn1|counter[11]                                   ; button_handler:btn1|counter[11]                                   ; clk          ; clk         ; 0.000        ; 0.042      ; 0.417      ;
; 0.291 ; button_handler:btn0|counter[9]                                    ; button_handler:btn0|counter[9]                                    ; clk          ; clk         ; 0.000        ; 0.041      ; 0.416      ;
; 0.292 ; button_handler:btn1|counter[15]                                   ; button_handler:btn1|counter[15]                                   ; clk          ; clk         ; 0.000        ; 0.042      ; 0.418      ;
; 0.292 ; button_handler:btn1|counter[3]                                    ; button_handler:btn1|counter[3]                                    ; clk          ; clk         ; 0.000        ; 0.042      ; 0.418      ;
; 0.292 ; button_handler:btn1|counter[5]                                    ; button_handler:btn1|counter[5]                                    ; clk          ; clk         ; 0.000        ; 0.042      ; 0.418      ;
; 0.292 ; button_handler:btn1|counter[10]                                   ; button_handler:btn1|counter[10]                                   ; clk          ; clk         ; 0.000        ; 0.042      ; 0.418      ;
; 0.292 ; button_handler:btn1|counter[13]                                   ; button_handler:btn1|counter[13]                                   ; clk          ; clk         ; 0.000        ; 0.042      ; 0.418      ;
; 0.292 ; button_handler:btn0|counter[7]                                    ; button_handler:btn0|counter[7]                                    ; clk          ; clk         ; 0.000        ; 0.041      ; 0.417      ;
; 0.293 ; lcd_controller:lcd_ctl0|lcd_driver:driver|char_idx[3]             ; lcd_controller:lcd_ctl0|lcd_driver:driver|char_idx[3]             ; clk          ; clk         ; 0.000        ; 0.041      ; 0.418      ;
; 0.293 ; lcd_controller:lcd_ctl0|lcd_driver:driver|return_state.S_WRITE_L1 ; lcd_controller:lcd_ctl0|lcd_driver:driver|state.S_WRITE_L1        ; clk          ; clk         ; 0.000        ; 0.041      ; 0.418      ;
; 0.293 ; button_handler:btn1|counter[1]                                    ; button_handler:btn1|counter[1]                                    ; clk          ; clk         ; 0.000        ; 0.042      ; 0.419      ;
; 0.293 ; button_handler:btn1|counter[6]                                    ; button_handler:btn1|counter[6]                                    ; clk          ; clk         ; 0.000        ; 0.042      ; 0.419      ;
; 0.293 ; button_handler:btn1|counter[8]                                    ; button_handler:btn1|counter[8]                                    ; clk          ; clk         ; 0.000        ; 0.042      ; 0.419      ;
; 0.293 ; button_handler:btn1|counter[17]                                   ; button_handler:btn1|counter[17]                                   ; clk          ; clk         ; 0.000        ; 0.042      ; 0.419      ;
; 0.293 ; button_handler:btn0|counter[3]                                    ; button_handler:btn0|counter[3]                                    ; clk          ; clk         ; 0.000        ; 0.041      ; 0.418      ;
; 0.293 ; button_handler:btn0|counter[5]                                    ; button_handler:btn0|counter[5]                                    ; clk          ; clk         ; 0.000        ; 0.041      ; 0.418      ;
+-------+-------------------------------------------------------------------+-------------------------------------------------------------------+--------------+-------------+--------------+------------+------------+


----------------------------------------------
; Fast 1200mV 0C Model Metastability Summary ;
----------------------------------------------
Design MTBF is not calculated because the design doesn't meet its timing requirements.



+---------------------------------------------------------------------------------+
; Multicorner Timing Analysis Summary                                             ;
+------------------+-----------+-------+----------+---------+---------------------+
; Clock            ; Setup     ; Hold  ; Recovery ; Removal ; Minimum Pulse Width ;
+------------------+-----------+-------+----------+---------+---------------------+
; Worst-case Slack ; -12.937   ; 0.181 ; N/A      ; N/A     ; -3.000              ;
;  clk             ; -12.937   ; 0.181 ; N/A      ; N/A     ; -3.000              ;
; Design-wide TNS  ; -3332.105 ; 0.0   ; 0.0      ; 0.0     ; -724.34             ;
;  clk             ; -3332.105 ; 0.000 ; N/A      ; N/A     ; -724.340            ;
+------------------+-----------+-------+----------+---------+---------------------+


+-----------------------------------------------------------------------------------------------------------------------------------------------------------------------------------------------------------------------------------------------------------------------------------------------------------------------------------------------------------------------------------------------------------------------+
; Board Trace Model Assignments                                                                                                                                                                                                                                                                                                                                                                                         ;
+--------------------+--------------+-------------------+-------------------------+-------------------------+---------------+---------------------+----------------+------------------+--------+------------------+------------------------+------------------------+--------------+---------------+-----------------+-------+---------------------+--------------------+---------------+-----------------+-------------+
; Pin                ; I/O Standard ; Near Tline Length ; Near Tline L per Length ; Near Tline C per Length ; Near Series R ; Near Differential R ; Near Pull-up R ; Near Pull-down R ; Near C ; Far Tline Length ; Far Tline L per Length ; Far Tline C per Length ; Far Series R ; Far Pull-up R ; Far Pull-down R ; Far C ; Termination Voltage ; Far Differential R ; EBD File Name ; EBD Signal Name ; EBD Far-end ;
+--------------------+--------------+-------------------+-------------------------+-------------------------+---------------+---------------------+----------------+------------------+--------+------------------+------------------------+------------------------+--------------+---------------+-----------------+-------+---------------------+--------------------+---------------+-----------------+-------------+
; lcd_data[0]        ; 2.5 V        ; 0 in              ; 0 H/in                  ; 0 F/in                  ; short         ; -                   ; open           ; open             ; open   ; 0 in             ; 0 H/in                 ; 0 F/in                 ; short        ; open          ; open            ; open  ; 0 V                 ; -                  ; n/a           ; n/a             ; n/a         ;
; lcd_data[1]        ; 2.5 V        ; 0 in              ; 0 H/in                  ; 0 F/in                  ; short         ; -                   ; open           ; open             ; open   ; 0 in             ; 0 H/in                 ; 0 F/in                 ; short        ; open          ; open            ; open  ; 0 V                 ; -                  ; n/a           ; n/a             ; n/a         ;
; lcd_data[2]        ; 2.5 V        ; 0 in              ; 0 H/in                  ; 0 F/in                  ; short         ; -                   ; open           ; open             ; open   ; 0 in             ; 0 H/in                 ; 0 F/in                 ; short        ; open          ; open            ; open  ; 0 V                 ; -                  ; n/a           ; n/a             ; n/a         ;
; lcd_data[3]        ; 2.5 V        ; 0 in              ; 0 H/in                  ; 0 F/in                  ; short         ; -                   ; open           ; open             ; open   ; 0 in             ; 0 H/in                 ; 0 F/in                 ; short        ; open          ; open            ; open  ; 0 V                 ; -                  ; n/a           ; n/a             ; n/a         ;
; lcd_data[4]        ; 2.5 V        ; 0 in              ; 0 H/in                  ; 0 F/in                  ; short         ; -                   ; open           ; open             ; open   ; 0 in             ; 0 H/in                 ; 0 F/in                 ; short        ; open          ; open            ; open  ; 0 V                 ; -                  ; n/a           ; n/a             ; n/a         ;
; lcd_data[5]        ; 2.5 V        ; 0 in              ; 0 H/in                  ; 0 F/in                  ; short         ; -                   ; open           ; open             ; open   ; 0 in             ; 0 H/in                 ; 0 F/in                 ; short        ; open          ; open            ; open  ; 0 V                 ; -                  ; n/a           ; n/a             ; n/a         ;
; lcd_data[6]        ; 2.5 V        ; 0 in              ; 0 H/in                  ; 0 F/in                  ; short         ; -                   ; open           ; open             ; open   ; 0 in             ; 0 H/in                 ; 0 F/in                 ; short        ; open          ; open            ; open  ; 0 V                 ; -                  ; n/a           ; n/a             ; n/a         ;
; lcd_data[7]        ; 2.5 V        ; 0 in              ; 0 H/in                  ; 0 F/in                  ; short         ; -                   ; open           ; open             ; open   ; 0 in             ; 0 H/in                 ; 0 F/in                 ; short        ; open          ; open            ; open  ; 0 V                 ; -                  ; n/a           ; n/a             ; n/a         ;
; lcd_rs             ; 2.5 V        ; 0 in              ; 0 H/in                  ; 0 F/in                  ; short         ; -                   ; open           ; open             ; open   ; 0 in             ; 0 H/in                 ; 0 F/in                 ; short        ; open          ; open            ; open  ; 0 V                 ; -                  ; n/a           ; n/a             ; n/a         ;
; lcd_rw             ; 2.5 V        ; 0 in              ; 0 H/in                  ; 0 F/in                  ; short         ; -                   ; open           ; open             ; open   ; 0 in             ; 0 H/in                 ; 0 F/in                 ; short        ; open          ; open            ; open  ; 0 V                 ; -                  ; n/a           ; n/a             ; n/a         ;
; lcd_en             ; 2.5 V        ; 0 in              ; 0 H/in                  ; 0 F/in                  ; short         ; -                   ; open           ; open             ; open   ; 0 in             ; 0 H/in                 ; 0 F/in                 ; short        ; open          ; open            ; open  ; 0 V                 ; -                  ; n/a           ; n/a             ; n/a         ;
; lcd_on             ; 2.5 V        ; 0 in              ; 0 H/in                  ; 0 F/in                  ; short         ; -                   ; open           ; open             ; open   ; 0 in             ; 0 H/in                 ; 0 F/in                 ; short        ; open          ; open            ; open  ; 0 V                 ; -                  ; n/a           ; n/a             ; n/a         ;
; lcd_blon           ; 2.5 V        ; 0 in              ; 0 H/in                  ; 0 F/in                  ; short         ; -                   ; open           ; open             ; open   ; 0 in             ; 0 H/in                 ; 0 F/in                 ; short        ; open          ; open            ; open  ; 0 V                 ; -                  ; n/a           ; n/a             ; n/a         ;
; switch_led_bus[0]  ; 2.5 V        ; 0 in              ; 0 H/in                  ; 0 F/in                  ; short         ; -                   ; open           ; open             ; open   ; 0 in             ; 0 H/in                 ; 0 F/in                 ; short        ; open          ; open            ; open  ; 0 V                 ; -                  ; n/a           ; n/a             ; n/a         ;
; switch_led_bus[1]  ; 2.5 V        ; 0 in              ; 0 H/in                  ; 0 F/in                  ; short         ; -                   ; open           ; open             ; open   ; 0 in             ; 0 H/in                 ; 0 F/in                 ; short        ; open          ; open            ; open  ; 0 V                 ; -                  ; n/a           ; n/a             ; n/a         ;
; switch_led_bus[2]  ; 2.5 V        ; 0 in              ; 0 H/in                  ; 0 F/in                  ; short         ; -                   ; open           ; open             ; open   ; 0 in             ; 0 H/in                 ; 0 F/in                 ; short        ; open          ; open            ; open  ; 0 V                 ; -                  ; n/a           ; n/a             ; n/a         ;
; switch_led_bus[3]  ; 2.5 V        ; 0 in              ; 0 H/in                  ; 0 F/in                  ; short         ; -                   ; open           ; open             ; open   ; 0 in             ; 0 H/in                 ; 0 F/in                 ; short        ; open          ; open            ; open  ; 0 V                 ; -                  ; n/a           ; n/a             ; n/a         ;
; switch_led_bus[4]  ; 2.5 V        ; 0 in              ; 0 H/in                  ; 0 F/in                  ; short         ; -                   ; open           ; open             ; open   ; 0 in             ; 0 H/in                 ; 0 F/in                 ; short        ; open          ; open            ; open  ; 0 V                 ; -                  ; n/a           ; n/a             ; n/a         ;
; switch_led_bus[5]  ; 2.5 V        ; 0 in              ; 0 H/in                  ; 0 F/in                  ; short         ; -                   ; open           ; open             ; open   ; 0 in             ; 0 H/in                 ; 0 F/in                 ; short        ; open          ; open            ; open  ; 0 V                 ; -                  ; n/a           ; n/a             ; n/a         ;
; switch_led_bus[6]  ; 2.5 V        ; 0 in              ; 0 H/in                  ; 0 F/in                  ; short         ; -                   ; open           ; open             ; open   ; 0 in             ; 0 H/in                 ; 0 F/in                 ; short        ; open          ; open            ; open  ; 0 V                 ; -                  ; n/a           ; n/a             ; n/a         ;
; switch_led_bus[7]  ; 2.5 V        ; 0 in              ; 0 H/in                  ; 0 F/in                  ; short         ; -                   ; open           ; open             ; open   ; 0 in             ; 0 H/in                 ; 0 F/in                 ; short        ; open          ; open            ; open  ; 0 V                 ; -                  ; n/a           ; n/a             ; n/a         ;
; switch_led_bus[8]  ; 2.5 V        ; 0 in              ; 0 H/in                  ; 0 F/in                  ; short         ; -                   ; open           ; open             ; open   ; 0 in             ; 0 H/in                 ; 0 F/in                 ; short        ; open          ; open            ; open  ; 0 V                 ; -                  ; n/a           ; n/a             ; n/a         ;
; switch_led_bus[9]  ; 2.5 V        ; 0 in              ; 0 H/in                  ; 0 F/in                  ; short         ; -                   ; open           ; open             ; open   ; 0 in             ; 0 H/in                 ; 0 F/in                 ; short        ; open          ; open            ; open  ; 0 V                 ; -                  ; n/a           ; n/a             ; n/a         ;
; switch_led_bus[10] ; 2.5 V        ; 0 in              ; 0 H/in                  ; 0 F/in                  ; short         ; -                   ; open           ; open             ; open   ; 0 in             ; 0 H/in                 ; 0 F/in                 ; short        ; open          ; open            ; open  ; 0 V                 ; -                  ; n/a           ; n/a             ; n/a         ;
; switch_led_bus[11] ; 2.5 V        ; 0 in              ; 0 H/in                  ; 0 F/in                  ; short         ; -                   ; open           ; open             ; open   ; 0 in             ; 0 H/in                 ; 0 F/in                 ; short        ; open          ; open            ; open  ; 0 V                 ; -                  ; n/a           ; n/a             ; n/a         ;
; switch_led_bus[12] ; 2.5 V        ; 0 in              ; 0 H/in                  ; 0 F/in                  ; short         ; -                   ; open           ; open             ; open   ; 0 in             ; 0 H/in                 ; 0 F/in                 ; short        ; open          ; open            ; open  ; 0 V                 ; -                  ; n/a           ; n/a             ; n/a         ;
; switch_led_bus[13] ; 2.5 V        ; 0 in              ; 0 H/in                  ; 0 F/in                  ; short         ; -                   ; open           ; open             ; open   ; 0 in             ; 0 H/in                 ; 0 F/in                 ; short        ; open          ; open            ; open  ; 0 V                 ; -                  ; n/a           ; n/a             ; n/a         ;
; switch_led_bus[14] ; 2.5 V        ; 0 in              ; 0 H/in                  ; 0 F/in                  ; short         ; -                   ; open           ; open             ; open   ; 0 in             ; 0 H/in                 ; 0 F/in                 ; short        ; open          ; open            ; open  ; 0 V                 ; -                  ; n/a           ; n/a             ; n/a         ;
; switch_led_bus[15] ; 2.5 V        ; 0 in              ; 0 H/in                  ; 0 F/in                  ; short         ; -                   ; open           ; open             ; open   ; 0 in             ; 0 H/in                 ; 0 F/in                 ; short        ; open          ; open            ; open  ; 0 V                 ; -                  ; n/a           ; n/a             ; n/a         ;
; switch_led_bus[16] ; 2.5 V        ; 0 in              ; 0 H/in                  ; 0 F/in                  ; short         ; -                   ; open           ; open             ; open   ; 0 in             ; 0 H/in                 ; 0 F/in                 ; short        ; open          ; open            ; open  ; 0 V                 ; -                  ; n/a           ; n/a             ; n/a         ;
; switch_led_bus[17] ; 2.5 V        ; 0 in              ; 0 H/in                  ; 0 F/in                  ; short         ; -                   ; open           ; open             ; open   ; 0 in             ; 0 H/in                 ; 0 F/in                 ; short        ; open          ; open            ; open  ; 0 V                 ; -                  ; n/a           ; n/a             ; n/a         ;
; ~ALTERA_DCLK~      ; 2.5 V        ; 0 in              ; 0 H/in                  ; 0 F/in                  ; short         ; -                   ; open           ; open             ; open   ; 0 in             ; 0 H/in                 ; 0 F/in                 ; short        ; open          ; open            ; open  ; 0 V                 ; -                  ; n/a           ; n/a             ; n/a         ;
; ~ALTERA_nCEO~      ; 2.5 V        ; 0 in              ; 0 H/in                  ; 0 F/in                  ; short         ; -                   ; open           ; open             ; open   ; 0 in             ; 0 H/in                 ; 0 F/in                 ; short        ; open          ; open            ; open  ; 0 V                 ; -                  ; n/a           ; n/a             ; n/a         ;
+--------------------+--------------+-------------------+-------------------------+-------------------------+---------------+---------------------+----------------+------------------+--------+------------------+------------------------+------------------------+--------------+---------------+-----------------+-------+---------------------+--------------------+---------------+-----------------+-------------+


+----------------------------------------------------------------------------+
; Input Transition Times                                                     ;
+-------------------------+--------------+-----------------+-----------------+
; Pin                     ; I/O Standard ; 10-90 Rise Time ; 90-10 Fall Time ;
+-------------------------+--------------+-----------------+-----------------+
; switch_bus[0]           ; 2.5 V        ; 2000 ps         ; 2000 ps         ;
; switch_bus[1]           ; 2.5 V        ; 2000 ps         ; 2000 ps         ;
; switch_bus[2]           ; 2.5 V        ; 2000 ps         ; 2000 ps         ;
; switch_bus[3]           ; 2.5 V        ; 2000 ps         ; 2000 ps         ;
; switch_bus[4]           ; 2.5 V        ; 2000 ps         ; 2000 ps         ;
; switch_bus[5]           ; 2.5 V        ; 2000 ps         ; 2000 ps         ;
; switch_bus[6]           ; 2.5 V        ; 2000 ps         ; 2000 ps         ;
; switch_bus[7]           ; 2.5 V        ; 2000 ps         ; 2000 ps         ;
; switch_bus[8]           ; 2.5 V        ; 2000 ps         ; 2000 ps         ;
; switch_bus[9]           ; 2.5 V        ; 2000 ps         ; 2000 ps         ;
; switch_bus[10]          ; 2.5 V        ; 2000 ps         ; 2000 ps         ;
; switch_bus[11]          ; 2.5 V        ; 2000 ps         ; 2000 ps         ;
; switch_bus[12]          ; 2.5 V        ; 2000 ps         ; 2000 ps         ;
; switch_bus[13]          ; 2.5 V        ; 2000 ps         ; 2000 ps         ;
; switch_bus[14]          ; 2.5 V        ; 2000 ps         ; 2000 ps         ;
; switch_bus[15]          ; 2.5 V        ; 2000 ps         ; 2000 ps         ;
; switch_bus[16]          ; 2.5 V        ; 2000 ps         ; 2000 ps         ;
; switch_bus[17]          ; 2.5 V        ; 2000 ps         ; 2000 ps         ;
; clk                     ; 2.5 V        ; 2000 ps         ; 2000 ps         ;
; btn_rst                 ; 2.5 V        ; 2000 ps         ; 2000 ps         ;
; btn_send                ; 2.5 V        ; 2000 ps         ; 2000 ps         ;
; ~ALTERA_ASDO_DATA1~     ; 2.5 V        ; 2000 ps         ; 2000 ps         ;
; ~ALTERA_FLASH_nCE_nCSO~ ; 2.5 V        ; 2000 ps         ; 2000 ps         ;
; ~ALTERA_DATA0~          ; 2.5 V        ; 2000 ps         ; 2000 ps         ;
+-------------------------+--------------+-----------------+-----------------+


+-------------------------------------------------------------------------------------------------------------------------------------------------------------------------------------------------------------------------------------------------------------------------------------------------------------------------------------------------------------------------------------------------------------------------------------------------------------------------------------------------------------------------------------------------------------------------------------------------------------------------------------------------------------------------------------------------+
; Signal Integrity Metrics (Slow 1200mv 0c Model)                                                                                                                                                                                                                                                                                                                                                                                                                                                                                                                                                                                                                                                 ;
+--------------------+--------------+---------------------+---------------------+------------------------------+------------------------------+---------------------+---------------------+--------------------------------------+--------------------------------------+-----------------------------+-----------------------------+----------------------------+----------------------------+-----------------------------+-----------------------------+--------------------+--------------------+-------------------------------------+-------------------------------------+----------------------------+----------------------------+---------------------------+---------------------------+
; Pin                ; I/O Standard ; Board Delay on Rise ; Board Delay on Fall ; Steady State Voh at FPGA Pin ; Steady State Vol at FPGA Pin ; Voh Max at FPGA Pin ; Vol Min at FPGA Pin ; Ringback Voltage on Rise at FPGA Pin ; Ringback Voltage on Fall at FPGA Pin ; 10-90 Rise Time at FPGA Pin ; 90-10 Fall Time at FPGA Pin ; Monotonic Rise at FPGA Pin ; Monotonic Fall at FPGA Pin ; Steady State Voh at Far-end ; Steady State Vol at Far-end ; Voh Max at Far-end ; Vol Min at Far-end ; Ringback Voltage on Rise at Far-end ; Ringback Voltage on Fall at Far-end ; 10-90 Rise Time at Far-end ; 90-10 Fall Time at Far-end ; Monotonic Rise at Far-end ; Monotonic Fall at Far-end ;
+--------------------+--------------+---------------------+---------------------+------------------------------+------------------------------+---------------------+---------------------+--------------------------------------+--------------------------------------+-----------------------------+-----------------------------+----------------------------+----------------------------+-----------------------------+-----------------------------+--------------------+--------------------+-------------------------------------+-------------------------------------+----------------------------+----------------------------+---------------------------+---------------------------+
; lcd_data[0]        ; 2.5 V        ; 0 s                 ; 0 s                 ; 2.32 V                       ; 3.07e-09 V                   ; 2.37 V              ; -0.00994 V          ; 0.186 V                              ; 0.028 V                              ; 4.98e-10 s                  ; 4.96e-10 s                  ; Yes                        ; Yes                        ; 2.32 V                      ; 3.07e-09 V                  ; 2.37 V             ; -0.00994 V         ; 0.186 V                             ; 0.028 V                             ; 4.98e-10 s                 ; 4.96e-10 s                 ; Yes                       ; Yes                       ;
; lcd_data[1]        ; 2.5 V        ; 0 s                 ; 0 s                 ; 2.32 V                       ; 3.07e-09 V                   ; 2.37 V              ; -0.00994 V          ; 0.186 V                              ; 0.028 V                              ; 4.98e-10 s                  ; 4.96e-10 s                  ; Yes                        ; Yes                        ; 2.32 V                      ; 3.07e-09 V                  ; 2.37 V             ; -0.00994 V         ; 0.186 V                             ; 0.028 V                             ; 4.98e-10 s                 ; 4.96e-10 s                 ; Yes                       ; Yes                       ;
; lcd_data[2]        ; 2.5 V        ; 0 s                 ; 0 s                 ; 2.32 V                       ; 3.07e-09 V                   ; 2.37 V              ; -0.00994 V          ; 0.186 V                              ; 0.028 V                              ; 4.98e-10 s                  ; 4.96e-10 s                  ; Yes                        ; Yes                        ; 2.32 V                      ; 3.07e-09 V                  ; 2.37 V             ; -0.00994 V         ; 0.186 V                             ; 0.028 V                             ; 4.98e-10 s                 ; 4.96e-10 s                 ; Yes                       ; Yes                       ;
; lcd_data[3]        ; 2.5 V        ; 0 s                 ; 0 s                 ; 2.32 V                       ; 3.07e-09 V                   ; 2.37 V              ; -0.00994 V          ; 0.186 V                              ; 0.028 V                              ; 4.98e-10 s                  ; 4.96e-10 s                  ; Yes                        ; Yes                        ; 2.32 V                      ; 3.07e-09 V                  ; 2.37 V             ; -0.00994 V         ; 0.186 V                             ; 0.028 V                             ; 4.98e-10 s                 ; 4.96e-10 s                 ; Yes                       ; Yes                       ;
; lcd_data[4]        ; 2.5 V        ; 0 s                 ; 0 s                 ; 2.32 V                       ; 3.07e-09 V                   ; 2.37 V              ; -0.00994 V          ; 0.186 V                              ; 0.028 V                              ; 4.98e-10 s                  ; 4.96e-10 s                  ; Yes                        ; Yes                        ; 2.32 V                      ; 3.07e-09 V                  ; 2.37 V             ; -0.00994 V         ; 0.186 V                             ; 0.028 V                             ; 4.98e-10 s                 ; 4.96e-10 s                 ; Yes                       ; Yes                       ;
; lcd_data[5]        ; 2.5 V        ; 0 s                 ; 0 s                 ; 2.32 V                       ; 3.07e-09 V                   ; 2.37 V              ; -0.00994 V          ; 0.186 V                              ; 0.028 V                              ; 4.98e-10 s                  ; 4.96e-10 s                  ; Yes                        ; Yes                        ; 2.32 V                      ; 3.07e-09 V                  ; 2.37 V             ; -0.00994 V         ; 0.186 V                             ; 0.028 V                             ; 4.98e-10 s                 ; 4.96e-10 s                 ; Yes                       ; Yes                       ;
; lcd_data[6]        ; 2.5 V        ; 0 s                 ; 0 s                 ; 2.32 V                       ; 3.07e-09 V                   ; 2.37 V              ; -0.00994 V          ; 0.186 V                              ; 0.028 V                              ; 4.98e-10 s                  ; 4.96e-10 s                  ; Yes                        ; Yes                        ; 2.32 V                      ; 3.07e-09 V                  ; 2.37 V             ; -0.00994 V         ; 0.186 V                             ; 0.028 V                             ; 4.98e-10 s                 ; 4.96e-10 s                 ; Yes                       ; Yes                       ;
; lcd_data[7]        ; 2.5 V        ; 0 s                 ; 0 s                 ; 2.32 V                       ; 3.07e-09 V                   ; 2.33 V              ; -0.00496 V          ; 0.223 V                              ; 0.086 V                              ; 2.9e-09 s                   ; 2.73e-09 s                  ; Yes                        ; Yes                        ; 2.32 V                      ; 3.07e-09 V                  ; 2.33 V             ; -0.00496 V         ; 0.223 V                             ; 0.086 V                             ; 2.9e-09 s                  ; 2.73e-09 s                 ; Yes                       ; Yes                       ;
; lcd_rs             ; 2.5 V        ; 0 s                 ; 0 s                 ; 2.32 V                       ; 3.07e-09 V                   ; 2.37 V              ; -0.00994 V          ; 0.186 V                              ; 0.028 V                              ; 4.98e-10 s                  ; 4.96e-10 s                  ; Yes                        ; Yes                        ; 2.32 V                      ; 3.07e-09 V                  ; 2.37 V             ; -0.00994 V         ; 0.186 V                             ; 0.028 V                             ; 4.98e-10 s                 ; 4.96e-10 s                 ; Yes                       ; Yes                       ;
; lcd_rw             ; 2.5 V        ; 0 s                 ; 0 s                 ; 2.32 V                       ; 3.07e-09 V                   ; 2.37 V              ; -0.00994 V          ; 0.186 V                              ; 0.028 V                              ; 4.98e-10 s                  ; 4.96e-10 s                  ; Yes                        ; Yes                        ; 2.32 V                      ; 3.07e-09 V                  ; 2.37 V             ; -0.00994 V         ; 0.186 V                             ; 0.028 V                             ; 4.98e-10 s                 ; 4.96e-10 s                 ; Yes                       ; Yes                       ;
; lcd_en             ; 2.5 V        ; 0 s                 ; 0 s                 ; 2.32 V                       ; 3.07e-09 V                   ; 2.37 V              ; -0.00994 V          ; 0.186 V                              ; 0.028 V                              ; 4.98e-10 s                  ; 4.96e-10 s                  ; Yes                        ; Yes                        ; 2.32 V                      ; 3.07e-09 V                  ; 2.37 V             ; -0.00994 V         ; 0.186 V                             ; 0.028 V                             ; 4.98e-10 s                 ; 4.96e-10 s                 ; Yes                       ; Yes                       ;
; lcd_on             ; 2.5 V        ; 0 s                 ; 0 s                 ; 2.32 V                       ; 3.07e-09 V                   ; 2.33 V              ; -0.00496 V          ; 0.223 V                              ; 0.086 V                              ; 2.9e-09 s                   ; 2.73e-09 s                  ; Yes                        ; Yes                        ; 2.32 V                      ; 3.07e-09 V                  ; 2.33 V             ; -0.00496 V         ; 0.223 V                             ; 0.086 V                             ; 2.9e-09 s                  ; 2.73e-09 s                 ; Yes                       ; Yes                       ;
; lcd_blon           ; 2.5 V        ; 0 s                 ; 0 s                 ; 2.32 V                       ; 3.07e-09 V                   ; 2.37 V              ; -0.00994 V          ; 0.186 V                              ; 0.028 V                              ; 4.98e-10 s                  ; 4.96e-10 s                  ; Yes                        ; Yes                        ; 2.32 V                      ; 3.07e-09 V                  ; 2.37 V             ; -0.00994 V         ; 0.186 V                             ; 0.028 V                             ; 4.98e-10 s                 ; 4.96e-10 s                 ; Yes                       ; Yes                       ;
; switch_led_bus[0]  ; 2.5 V        ; 0 s                 ; 0 s                 ; 2.32 V                       ; 4.49e-09 V                   ; 2.38 V              ; -0.00552 V          ; 0.096 V                              ; 0.019 V                              ; 4.18e-10 s                  ; 3.59e-10 s                  ; No                         ; Yes                        ; 2.32 V                      ; 4.49e-09 V                  ; 2.38 V             ; -0.00552 V         ; 0.096 V                             ; 0.019 V                             ; 4.18e-10 s                 ; 3.59e-10 s                 ; No                        ; Yes                       ;
; switch_led_bus[1]  ; 2.5 V        ; 0 s                 ; 0 s                 ; 2.32 V                       ; 4.49e-09 V                   ; 2.38 V              ; -0.00552 V          ; 0.096 V                              ; 0.019 V                              ; 4.18e-10 s                  ; 3.59e-10 s                  ; No                         ; Yes                        ; 2.32 V                      ; 4.49e-09 V                  ; 2.38 V             ; -0.00552 V         ; 0.096 V                             ; 0.019 V                             ; 4.18e-10 s                 ; 3.59e-10 s                 ; No                        ; Yes                       ;
; switch_led_bus[2]  ; 2.5 V        ; 0 s                 ; 0 s                 ; 2.32 V                       ; 4.49e-09 V                   ; 2.38 V              ; -0.00552 V          ; 0.096 V                              ; 0.019 V                              ; 4.18e-10 s                  ; 3.59e-10 s                  ; No                         ; Yes                        ; 2.32 V                      ; 4.49e-09 V                  ; 2.38 V             ; -0.00552 V         ; 0.096 V                             ; 0.019 V                             ; 4.18e-10 s                 ; 3.59e-10 s                 ; No                        ; Yes                       ;
; switch_led_bus[3]  ; 2.5 V        ; 0 s                 ; 0 s                 ; 2.32 V                       ; 4.49e-09 V                   ; 2.38 V              ; -0.00552 V          ; 0.096 V                              ; 0.019 V                              ; 4.18e-10 s                  ; 3.59e-10 s                  ; No                         ; Yes                        ; 2.32 V                      ; 4.49e-09 V                  ; 2.38 V             ; -0.00552 V         ; 0.096 V                             ; 0.019 V                             ; 4.18e-10 s                 ; 3.59e-10 s                 ; No                        ; Yes                       ;
; switch_led_bus[4]  ; 2.5 V        ; 0 s                 ; 0 s                 ; 2.32 V                       ; 4.49e-09 V                   ; 2.38 V              ; -0.00552 V          ; 0.096 V                              ; 0.019 V                              ; 4.18e-10 s                  ; 3.59e-10 s                  ; No                         ; Yes                        ; 2.32 V                      ; 4.49e-09 V                  ; 2.38 V             ; -0.00552 V         ; 0.096 V                             ; 0.019 V                             ; 4.18e-10 s                 ; 3.59e-10 s                 ; No                        ; Yes                       ;
; switch_led_bus[5]  ; 2.5 V        ; 0 s                 ; 0 s                 ; 2.32 V                       ; 4.49e-09 V                   ; 2.38 V              ; -0.00552 V          ; 0.096 V                              ; 0.019 V                              ; 4.18e-10 s                  ; 3.59e-10 s                  ; No                         ; Yes                        ; 2.32 V                      ; 4.49e-09 V                  ; 2.38 V             ; -0.00552 V         ; 0.096 V                             ; 0.019 V                             ; 4.18e-10 s                 ; 3.59e-10 s                 ; No                        ; Yes                       ;
; switch_led_bus[6]  ; 2.5 V        ; 0 s                 ; 0 s                 ; 2.32 V                       ; 4.49e-09 V                   ; 2.38 V              ; -0.00552 V          ; 0.096 V                              ; 0.019 V                              ; 4.18e-10 s                  ; 3.59e-10 s                  ; No                         ; Yes                        ; 2.32 V                      ; 4.49e-09 V                  ; 2.38 V             ; -0.00552 V         ; 0.096 V                             ; 0.019 V                             ; 4.18e-10 s                 ; 3.59e-10 s                 ; No                        ; Yes                       ;
; switch_led_bus[7]  ; 2.5 V        ; 0 s                 ; 0 s                 ; 2.32 V                       ; 4.49e-09 V                   ; 2.38 V              ; -0.00552 V          ; 0.096 V                              ; 0.019 V                              ; 4.18e-10 s                  ; 3.59e-10 s                  ; No                         ; Yes                        ; 2.32 V                      ; 4.49e-09 V                  ; 2.38 V             ; -0.00552 V         ; 0.096 V                             ; 0.019 V                             ; 4.18e-10 s                 ; 3.59e-10 s                 ; No                        ; Yes                       ;
; switch_led_bus[8]  ; 2.5 V        ; 0 s                 ; 0 s                 ; 2.32 V                       ; 4.49e-09 V                   ; 2.38 V              ; -0.00552 V          ; 0.096 V                              ; 0.019 V                              ; 4.18e-10 s                  ; 3.59e-10 s                  ; No                         ; Yes                        ; 2.32 V                      ; 4.49e-09 V                  ; 2.38 V             ; -0.00552 V         ; 0.096 V                             ; 0.019 V                             ; 4.18e-10 s                 ; 3.59e-10 s                 ; No                        ; Yes                       ;
; switch_led_bus[9]  ; 2.5 V        ; 0 s                 ; 0 s                 ; 2.32 V                       ; 4.49e-09 V                   ; 2.33 V              ; -0.00467 V          ; 0.226 V                              ; 0.087 V                              ; 2.91e-09 s                  ; 2.74e-09 s                  ; Yes                        ; Yes                        ; 2.32 V                      ; 4.49e-09 V                  ; 2.33 V             ; -0.00467 V         ; 0.226 V                             ; 0.087 V                             ; 2.91e-09 s                 ; 2.74e-09 s                 ; Yes                       ; Yes                       ;
; switch_led_bus[10] ; 2.5 V        ; 0 s                 ; 0 s                 ; 2.32 V                       ; 4.49e-09 V                   ; 2.38 V              ; -0.00552 V          ; 0.096 V                              ; 0.019 V                              ; 4.18e-10 s                  ; 3.59e-10 s                  ; No                         ; Yes                        ; 2.32 V                      ; 4.49e-09 V                  ; 2.38 V             ; -0.00552 V         ; 0.096 V                             ; 0.019 V                             ; 4.18e-10 s                 ; 3.59e-10 s                 ; No                        ; Yes                       ;
; switch_led_bus[11] ; 2.5 V        ; 0 s                 ; 0 s                 ; 2.32 V                       ; 4.49e-09 V                   ; 2.38 V              ; -0.00552 V          ; 0.096 V                              ; 0.019 V                              ; 4.18e-10 s                  ; 3.59e-10 s                  ; No                         ; Yes                        ; 2.32 V                      ; 4.49e-09 V                  ; 2.38 V             ; -0.00552 V         ; 0.096 V                             ; 0.019 V                             ; 4.18e-10 s                 ; 3.59e-10 s                 ; No                        ; Yes                       ;
; switch_led_bus[12] ; 2.5 V        ; 0 s                 ; 0 s                 ; 2.32 V                       ; 4.49e-09 V                   ; 2.38 V              ; -0.00552 V          ; 0.096 V                              ; 0.019 V                              ; 4.18e-10 s                  ; 3.59e-10 s                  ; No                         ; Yes                        ; 2.32 V                      ; 4.49e-09 V                  ; 2.38 V             ; -0.00552 V         ; 0.096 V                             ; 0.019 V                             ; 4.18e-10 s                 ; 3.59e-10 s                 ; No                        ; Yes                       ;
; switch_led_bus[13] ; 2.5 V        ; 0 s                 ; 0 s                 ; 2.32 V                       ; 4.49e-09 V                   ; 2.38 V              ; -0.00552 V          ; 0.096 V                              ; 0.019 V                              ; 4.18e-10 s                  ; 3.59e-10 s                  ; No                         ; Yes                        ; 2.32 V                      ; 4.49e-09 V                  ; 2.38 V             ; -0.00552 V         ; 0.096 V                             ; 0.019 V                             ; 4.18e-10 s                 ; 3.59e-10 s                 ; No                        ; Yes                       ;
; switch_led_bus[14] ; 2.5 V        ; 0 s                 ; 0 s                 ; 2.32 V                       ; 4.49e-09 V                   ; 2.38 V              ; -0.00552 V          ; 0.096 V                              ; 0.019 V                              ; 4.18e-10 s                  ; 3.59e-10 s                  ; No                         ; Yes                        ; 2.32 V                      ; 4.49e-09 V                  ; 2.38 V             ; -0.00552 V         ; 0.096 V                             ; 0.019 V                             ; 4.18e-10 s                 ; 3.59e-10 s                 ; No                        ; Yes                       ;
; switch_led_bus[15] ; 2.5 V        ; 0 s                 ; 0 s                 ; 2.32 V                       ; 4.49e-09 V                   ; 2.33 V              ; -0.00467 V          ; 0.226 V                              ; 0.087 V                              ; 2.91e-09 s                  ; 2.74e-09 s                  ; Yes                        ; Yes                        ; 2.32 V                      ; 4.49e-09 V                  ; 2.33 V             ; -0.00467 V         ; 0.226 V                             ; 0.087 V                             ; 2.91e-09 s                 ; 2.74e-09 s                 ; Yes                       ; Yes                       ;
; switch_led_bus[16] ; 2.5 V        ; 0 s                 ; 0 s                 ; 2.32 V                       ; 4.49e-09 V                   ; 2.38 V              ; -0.00552 V          ; 0.096 V                              ; 0.019 V                              ; 4.18e-10 s                  ; 3.59e-10 s                  ; No                         ; Yes                        ; 2.32 V                      ; 4.49e-09 V                  ; 2.38 V             ; -0.00552 V         ; 0.096 V                             ; 0.019 V                             ; 4.18e-10 s                 ; 3.59e-10 s                 ; No                        ; Yes                       ;
; switch_led_bus[17] ; 2.5 V        ; 0 s                 ; 0 s                 ; 2.32 V                       ; 4.49e-09 V                   ; 2.38 V              ; -0.00552 V          ; 0.096 V                              ; 0.019 V                              ; 4.18e-10 s                  ; 3.59e-10 s                  ; No                         ; Yes                        ; 2.32 V                      ; 4.49e-09 V                  ; 2.38 V             ; -0.00552 V         ; 0.096 V                             ; 0.019 V                             ; 4.18e-10 s                 ; 3.59e-10 s                 ; No                        ; Yes                       ;
; ~ALTERA_DCLK~      ; 2.5 V        ; 0 s                 ; 0 s                 ; 2.32 V                       ; 2.67e-09 V                   ; 2.38 V              ; -0.0485 V           ; 0.167 V                              ; 0.096 V                              ; 2.95e-10 s                  ; 2.73e-10 s                  ; Yes                        ; Yes                        ; 2.32 V                      ; 2.67e-09 V                  ; 2.38 V             ; -0.0485 V          ; 0.167 V                             ; 0.096 V                             ; 2.95e-10 s                 ; 2.73e-10 s                 ; Yes                       ; Yes                       ;
; ~ALTERA_nCEO~      ; 2.5 V        ; 0 s                 ; 0 s                 ; 2.32 V                       ; 4.18e-09 V                   ; 2.38 V              ; -0.00483 V          ; 0.152 V                              ; 0.012 V                              ; 4.81e-10 s                  ; 6.29e-10 s                  ; Yes                        ; Yes                        ; 2.32 V                      ; 4.18e-09 V                  ; 2.38 V             ; -0.00483 V         ; 0.152 V                             ; 0.012 V                             ; 4.81e-10 s                 ; 6.29e-10 s                 ; Yes                       ; Yes                       ;
+--------------------+--------------+---------------------+---------------------+------------------------------+------------------------------+---------------------+---------------------+--------------------------------------+--------------------------------------+-----------------------------+-----------------------------+----------------------------+----------------------------+-----------------------------+-----------------------------+--------------------+--------------------+-------------------------------------+-------------------------------------+----------------------------+----------------------------+---------------------------+---------------------------+


+-------------------------------------------------------------------------------------------------------------------------------------------------------------------------------------------------------------------------------------------------------------------------------------------------------------------------------------------------------------------------------------------------------------------------------------------------------------------------------------------------------------------------------------------------------------------------------------------------------------------------------------------------------------------------------------------------+
; Signal Integrity Metrics (Slow 1200mv 85c Model)                                                                                                                                                                                                                                                                                                                                                                                                                                                                                                                                                                                                                                                ;
+--------------------+--------------+---------------------+---------------------+------------------------------+------------------------------+---------------------+---------------------+--------------------------------------+--------------------------------------+-----------------------------+-----------------------------+----------------------------+----------------------------+-----------------------------+-----------------------------+--------------------+--------------------+-------------------------------------+-------------------------------------+----------------------------+----------------------------+---------------------------+---------------------------+
; Pin                ; I/O Standard ; Board Delay on Rise ; Board Delay on Fall ; Steady State Voh at FPGA Pin ; Steady State Vol at FPGA Pin ; Voh Max at FPGA Pin ; Vol Min at FPGA Pin ; Ringback Voltage on Rise at FPGA Pin ; Ringback Voltage on Fall at FPGA Pin ; 10-90 Rise Time at FPGA Pin ; 90-10 Fall Time at FPGA Pin ; Monotonic Rise at FPGA Pin ; Monotonic Fall at FPGA Pin ; Steady State Voh at Far-end ; Steady State Vol at Far-end ; Voh Max at Far-end ; Vol Min at Far-end ; Ringback Voltage on Rise at Far-end ; Ringback Voltage on Fall at Far-end ; 10-90 Rise Time at Far-end ; 90-10 Fall Time at Far-end ; Monotonic Rise at Far-end ; Monotonic Fall at Far-end ;
+--------------------+--------------+---------------------+---------------------+------------------------------+------------------------------+---------------------+---------------------+--------------------------------------+--------------------------------------+-----------------------------+-----------------------------+----------------------------+----------------------------+-----------------------------+-----------------------------+--------------------+--------------------+-------------------------------------+-------------------------------------+----------------------------+----------------------------+---------------------------+---------------------------+
; lcd_data[0]        ; 2.5 V        ; 0 s                 ; 0 s                 ; 2.32 V                       ; 4.67e-07 V                   ; 2.35 V              ; -0.00942 V          ; 0.116 V                              ; 0.033 V                              ; 6.66e-10 s                  ; 6.27e-10 s                  ; Yes                        ; Yes                        ; 2.32 V                      ; 4.67e-07 V                  ; 2.35 V             ; -0.00942 V         ; 0.116 V                             ; 0.033 V                             ; 6.66e-10 s                 ; 6.27e-10 s                 ; Yes                       ; Yes                       ;
; lcd_data[1]        ; 2.5 V        ; 0 s                 ; 0 s                 ; 2.32 V                       ; 4.67e-07 V                   ; 2.35 V              ; -0.00942 V          ; 0.116 V                              ; 0.033 V                              ; 6.66e-10 s                  ; 6.27e-10 s                  ; Yes                        ; Yes                        ; 2.32 V                      ; 4.67e-07 V                  ; 2.35 V             ; -0.00942 V         ; 0.116 V                             ; 0.033 V                             ; 6.66e-10 s                 ; 6.27e-10 s                 ; Yes                       ; Yes                       ;
; lcd_data[2]        ; 2.5 V        ; 0 s                 ; 0 s                 ; 2.32 V                       ; 4.67e-07 V                   ; 2.35 V              ; -0.00942 V          ; 0.116 V                              ; 0.033 V                              ; 6.66e-10 s                  ; 6.27e-10 s                  ; Yes                        ; Yes                        ; 2.32 V                      ; 4.67e-07 V                  ; 2.35 V             ; -0.00942 V         ; 0.116 V                             ; 0.033 V                             ; 6.66e-10 s                 ; 6.27e-10 s                 ; Yes                       ; Yes                       ;
; lcd_data[3]        ; 2.5 V        ; 0 s                 ; 0 s                 ; 2.32 V                       ; 4.67e-07 V                   ; 2.35 V              ; -0.00942 V          ; 0.116 V                              ; 0.033 V                              ; 6.66e-10 s                  ; 6.27e-10 s                  ; Yes                        ; Yes                        ; 2.32 V                      ; 4.67e-07 V                  ; 2.35 V             ; -0.00942 V         ; 0.116 V                             ; 0.033 V                             ; 6.66e-10 s                 ; 6.27e-10 s                 ; Yes                       ; Yes                       ;
; lcd_data[4]        ; 2.5 V        ; 0 s                 ; 0 s                 ; 2.32 V                       ; 4.67e-07 V                   ; 2.35 V              ; -0.00942 V          ; 0.116 V                              ; 0.033 V                              ; 6.66e-10 s                  ; 6.27e-10 s                  ; Yes                        ; Yes                        ; 2.32 V                      ; 4.67e-07 V                  ; 2.35 V             ; -0.00942 V         ; 0.116 V                             ; 0.033 V                             ; 6.66e-10 s                 ; 6.27e-10 s                 ; Yes                       ; Yes                       ;
; lcd_data[5]        ; 2.5 V        ; 0 s                 ; 0 s                 ; 2.32 V                       ; 4.67e-07 V                   ; 2.35 V              ; -0.00942 V          ; 0.116 V                              ; 0.033 V                              ; 6.66e-10 s                  ; 6.27e-10 s                  ; Yes                        ; Yes                        ; 2.32 V                      ; 4.67e-07 V                  ; 2.35 V             ; -0.00942 V         ; 0.116 V                             ; 0.033 V                             ; 6.66e-10 s                 ; 6.27e-10 s                 ; Yes                       ; Yes                       ;
; lcd_data[6]        ; 2.5 V        ; 0 s                 ; 0 s                 ; 2.32 V                       ; 4.67e-07 V                   ; 2.35 V              ; -0.00942 V          ; 0.116 V                              ; 0.033 V                              ; 6.66e-10 s                  ; 6.27e-10 s                  ; Yes                        ; Yes                        ; 2.32 V                      ; 4.67e-07 V                  ; 2.35 V             ; -0.00942 V         ; 0.116 V                             ; 0.033 V                             ; 6.66e-10 s                 ; 6.27e-10 s                 ; Yes                       ; Yes                       ;
; lcd_data[7]        ; 2.5 V        ; 0 s                 ; 0 s                 ; 2.32 V                       ; 4.67e-07 V                   ; 2.33 V              ; -0.00269 V          ; 0.13 V                               ; 0.055 V                              ; 3.54e-09 s                  ; 3.29e-09 s                  ; Yes                        ; Yes                        ; 2.32 V                      ; 4.67e-07 V                  ; 2.33 V             ; -0.00269 V         ; 0.13 V                              ; 0.055 V                             ; 3.54e-09 s                 ; 3.29e-09 s                 ; Yes                       ; Yes                       ;
; lcd_rs             ; 2.5 V        ; 0 s                 ; 0 s                 ; 2.32 V                       ; 4.67e-07 V                   ; 2.35 V              ; -0.00942 V          ; 0.116 V                              ; 0.033 V                              ; 6.66e-10 s                  ; 6.27e-10 s                  ; Yes                        ; Yes                        ; 2.32 V                      ; 4.67e-07 V                  ; 2.35 V             ; -0.00942 V         ; 0.116 V                             ; 0.033 V                             ; 6.66e-10 s                 ; 6.27e-10 s                 ; Yes                       ; Yes                       ;
; lcd_rw             ; 2.5 V        ; 0 s                 ; 0 s                 ; 2.32 V                       ; 4.67e-07 V                   ; 2.35 V              ; -0.00942 V          ; 0.116 V                              ; 0.033 V                              ; 6.66e-10 s                  ; 6.27e-10 s                  ; Yes                        ; Yes                        ; 2.32 V                      ; 4.67e-07 V                  ; 2.35 V             ; -0.00942 V         ; 0.116 V                             ; 0.033 V                             ; 6.66e-10 s                 ; 6.27e-10 s                 ; Yes                       ; Yes                       ;
; lcd_en             ; 2.5 V        ; 0 s                 ; 0 s                 ; 2.32 V                       ; 4.67e-07 V                   ; 2.35 V              ; -0.00942 V          ; 0.116 V                              ; 0.033 V                              ; 6.66e-10 s                  ; 6.27e-10 s                  ; Yes                        ; Yes                        ; 2.32 V                      ; 4.67e-07 V                  ; 2.35 V             ; -0.00942 V         ; 0.116 V                             ; 0.033 V                             ; 6.66e-10 s                 ; 6.27e-10 s                 ; Yes                       ; Yes                       ;
; lcd_on             ; 2.5 V        ; 0 s                 ; 0 s                 ; 2.32 V                       ; 4.67e-07 V                   ; 2.33 V              ; -0.00269 V          ; 0.13 V                               ; 0.055 V                              ; 3.54e-09 s                  ; 3.29e-09 s                  ; Yes                        ; Yes                        ; 2.32 V                      ; 4.67e-07 V                  ; 2.33 V             ; -0.00269 V         ; 0.13 V                              ; 0.055 V                             ; 3.54e-09 s                 ; 3.29e-09 s                 ; Yes                       ; Yes                       ;
; lcd_blon           ; 2.5 V        ; 0 s                 ; 0 s                 ; 2.32 V                       ; 4.67e-07 V                   ; 2.35 V              ; -0.00942 V          ; 0.116 V                              ; 0.033 V                              ; 6.66e-10 s                  ; 6.27e-10 s                  ; Yes                        ; Yes                        ; 2.32 V                      ; 4.67e-07 V                  ; 2.35 V             ; -0.00942 V         ; 0.116 V                             ; 0.033 V                             ; 6.66e-10 s                 ; 6.27e-10 s                 ; Yes                       ; Yes                       ;
; switch_led_bus[0]  ; 2.5 V        ; 0 s                 ; 0 s                 ; 2.32 V                       ; 6.92e-07 V                   ; 2.35 V              ; -0.00996 V          ; 0.121 V                              ; 0.03 V                               ; 4.64e-10 s                  ; 4.47e-10 s                  ; Yes                        ; Yes                        ; 2.32 V                      ; 6.92e-07 V                  ; 2.35 V             ; -0.00996 V         ; 0.121 V                             ; 0.03 V                              ; 4.64e-10 s                 ; 4.47e-10 s                 ; Yes                       ; Yes                       ;
; switch_led_bus[1]  ; 2.5 V        ; 0 s                 ; 0 s                 ; 2.32 V                       ; 6.92e-07 V                   ; 2.35 V              ; -0.00996 V          ; 0.121 V                              ; 0.03 V                               ; 4.64e-10 s                  ; 4.47e-10 s                  ; Yes                        ; Yes                        ; 2.32 V                      ; 6.92e-07 V                  ; 2.35 V             ; -0.00996 V         ; 0.121 V                             ; 0.03 V                              ; 4.64e-10 s                 ; 4.47e-10 s                 ; Yes                       ; Yes                       ;
; switch_led_bus[2]  ; 2.5 V        ; 0 s                 ; 0 s                 ; 2.32 V                       ; 6.92e-07 V                   ; 2.35 V              ; -0.00996 V          ; 0.121 V                              ; 0.03 V                               ; 4.64e-10 s                  ; 4.47e-10 s                  ; Yes                        ; Yes                        ; 2.32 V                      ; 6.92e-07 V                  ; 2.35 V             ; -0.00996 V         ; 0.121 V                             ; 0.03 V                              ; 4.64e-10 s                 ; 4.47e-10 s                 ; Yes                       ; Yes                       ;
; switch_led_bus[3]  ; 2.5 V        ; 0 s                 ; 0 s                 ; 2.32 V                       ; 6.92e-07 V                   ; 2.35 V              ; -0.00996 V          ; 0.121 V                              ; 0.03 V                               ; 4.64e-10 s                  ; 4.47e-10 s                  ; Yes                        ; Yes                        ; 2.32 V                      ; 6.92e-07 V                  ; 2.35 V             ; -0.00996 V         ; 0.121 V                             ; 0.03 V                              ; 4.64e-10 s                 ; 4.47e-10 s                 ; Yes                       ; Yes                       ;
; switch_led_bus[4]  ; 2.5 V        ; 0 s                 ; 0 s                 ; 2.32 V                       ; 6.92e-07 V                   ; 2.35 V              ; -0.00996 V          ; 0.121 V                              ; 0.03 V                               ; 4.64e-10 s                  ; 4.47e-10 s                  ; Yes                        ; Yes                        ; 2.32 V                      ; 6.92e-07 V                  ; 2.35 V             ; -0.00996 V         ; 0.121 V                             ; 0.03 V                              ; 4.64e-10 s                 ; 4.47e-10 s                 ; Yes                       ; Yes                       ;
; switch_led_bus[5]  ; 2.5 V        ; 0 s                 ; 0 s                 ; 2.32 V                       ; 6.92e-07 V                   ; 2.35 V              ; -0.00996 V          ; 0.121 V                              ; 0.03 V                               ; 4.64e-10 s                  ; 4.47e-10 s                  ; Yes                        ; Yes                        ; 2.32 V                      ; 6.92e-07 V                  ; 2.35 V             ; -0.00996 V         ; 0.121 V                             ; 0.03 V                              ; 4.64e-10 s                 ; 4.47e-10 s                 ; Yes                       ; Yes                       ;
; switch_led_bus[6]  ; 2.5 V        ; 0 s                 ; 0 s                 ; 2.32 V                       ; 6.92e-07 V                   ; 2.35 V              ; -0.00996 V          ; 0.121 V                              ; 0.03 V                               ; 4.64e-10 s                  ; 4.47e-10 s                  ; Yes                        ; Yes                        ; 2.32 V                      ; 6.92e-07 V                  ; 2.35 V             ; -0.00996 V         ; 0.121 V                             ; 0.03 V                              ; 4.64e-10 s                 ; 4.47e-10 s                 ; Yes                       ; Yes                       ;
; switch_led_bus[7]  ; 2.5 V        ; 0 s                 ; 0 s                 ; 2.32 V                       ; 6.92e-07 V                   ; 2.35 V              ; -0.00996 V          ; 0.121 V                              ; 0.03 V                               ; 4.64e-10 s                  ; 4.47e-10 s                  ; Yes                        ; Yes                        ; 2.32 V                      ; 6.92e-07 V                  ; 2.35 V             ; -0.00996 V         ; 0.121 V                             ; 0.03 V                              ; 4.64e-10 s                 ; 4.47e-10 s                 ; Yes                       ; Yes                       ;
; switch_led_bus[8]  ; 2.5 V        ; 0 s                 ; 0 s                 ; 2.32 V                       ; 6.92e-07 V                   ; 2.35 V              ; -0.00996 V          ; 0.121 V                              ; 0.03 V                               ; 4.64e-10 s                  ; 4.47e-10 s                  ; Yes                        ; Yes                        ; 2.32 V                      ; 6.92e-07 V                  ; 2.35 V             ; -0.00996 V         ; 0.121 V                             ; 0.03 V                              ; 4.64e-10 s                 ; 4.47e-10 s                 ; Yes                       ; Yes                       ;
; switch_led_bus[9]  ; 2.5 V        ; 0 s                 ; 0 s                 ; 2.32 V                       ; 6.92e-07 V                   ; 2.33 V              ; -0.00265 V          ; 0.133 V                              ; 0.056 V                              ; 3.55e-09 s                  ; 3.31e-09 s                  ; Yes                        ; Yes                        ; 2.32 V                      ; 6.92e-07 V                  ; 2.33 V             ; -0.00265 V         ; 0.133 V                             ; 0.056 V                             ; 3.55e-09 s                 ; 3.31e-09 s                 ; Yes                       ; Yes                       ;
; switch_led_bus[10] ; 2.5 V        ; 0 s                 ; 0 s                 ; 2.32 V                       ; 6.92e-07 V                   ; 2.35 V              ; -0.00996 V          ; 0.121 V                              ; 0.03 V                               ; 4.64e-10 s                  ; 4.47e-10 s                  ; Yes                        ; Yes                        ; 2.32 V                      ; 6.92e-07 V                  ; 2.35 V             ; -0.00996 V         ; 0.121 V                             ; 0.03 V                              ; 4.64e-10 s                 ; 4.47e-10 s                 ; Yes                       ; Yes                       ;
; switch_led_bus[11] ; 2.5 V        ; 0 s                 ; 0 s                 ; 2.32 V                       ; 6.92e-07 V                   ; 2.35 V              ; -0.00996 V          ; 0.121 V                              ; 0.03 V                               ; 4.64e-10 s                  ; 4.47e-10 s                  ; Yes                        ; Yes                        ; 2.32 V                      ; 6.92e-07 V                  ; 2.35 V             ; -0.00996 V         ; 0.121 V                             ; 0.03 V                              ; 4.64e-10 s                 ; 4.47e-10 s                 ; Yes                       ; Yes                       ;
; switch_led_bus[12] ; 2.5 V        ; 0 s                 ; 0 s                 ; 2.32 V                       ; 6.92e-07 V                   ; 2.35 V              ; -0.00996 V          ; 0.121 V                              ; 0.03 V                               ; 4.64e-10 s                  ; 4.47e-10 s                  ; Yes                        ; Yes                        ; 2.32 V                      ; 6.92e-07 V                  ; 2.35 V             ; -0.00996 V         ; 0.121 V                             ; 0.03 V                              ; 4.64e-10 s                 ; 4.47e-10 s                 ; Yes                       ; Yes                       ;
; switch_led_bus[13] ; 2.5 V        ; 0 s                 ; 0 s                 ; 2.32 V                       ; 6.92e-07 V                   ; 2.35 V              ; -0.00996 V          ; 0.121 V                              ; 0.03 V                               ; 4.64e-10 s                  ; 4.47e-10 s                  ; Yes                        ; Yes                        ; 2.32 V                      ; 6.92e-07 V                  ; 2.35 V             ; -0.00996 V         ; 0.121 V                             ; 0.03 V                              ; 4.64e-10 s                 ; 4.47e-10 s                 ; Yes                       ; Yes                       ;
; switch_led_bus[14] ; 2.5 V        ; 0 s                 ; 0 s                 ; 2.32 V                       ; 6.92e-07 V                   ; 2.35 V              ; -0.00996 V          ; 0.121 V                              ; 0.03 V                               ; 4.64e-10 s                  ; 4.47e-10 s                  ; Yes                        ; Yes                        ; 2.32 V                      ; 6.92e-07 V                  ; 2.35 V             ; -0.00996 V         ; 0.121 V                             ; 0.03 V                              ; 4.64e-10 s                 ; 4.47e-10 s                 ; Yes                       ; Yes                       ;
; switch_led_bus[15] ; 2.5 V        ; 0 s                 ; 0 s                 ; 2.32 V                       ; 6.92e-07 V                   ; 2.33 V              ; -0.00265 V          ; 0.133 V                              ; 0.056 V                              ; 3.55e-09 s                  ; 3.31e-09 s                  ; Yes                        ; Yes                        ; 2.32 V                      ; 6.92e-07 V                  ; 2.33 V             ; -0.00265 V         ; 0.133 V                             ; 0.056 V                             ; 3.55e-09 s                 ; 3.31e-09 s                 ; Yes                       ; Yes                       ;
; switch_led_bus[16] ; 2.5 V        ; 0 s                 ; 0 s                 ; 2.32 V                       ; 6.92e-07 V                   ; 2.35 V              ; -0.00996 V          ; 0.121 V                              ; 0.03 V                               ; 4.64e-10 s                  ; 4.47e-10 s                  ; Yes                        ; Yes                        ; 2.32 V                      ; 6.92e-07 V                  ; 2.35 V             ; -0.00996 V         ; 0.121 V                             ; 0.03 V                              ; 4.64e-10 s                 ; 4.47e-10 s                 ; Yes                       ; Yes                       ;
; switch_led_bus[17] ; 2.5 V        ; 0 s                 ; 0 s                 ; 2.32 V                       ; 6.92e-07 V                   ; 2.35 V              ; -0.00996 V          ; 0.121 V                              ; 0.03 V                               ; 4.64e-10 s                  ; 4.47e-10 s                  ; Yes                        ; Yes                        ; 2.32 V                      ; 6.92e-07 V                  ; 2.35 V             ; -0.00996 V         ; 0.121 V                             ; 0.03 V                              ; 4.64e-10 s                 ; 4.47e-10 s                 ; Yes                       ; Yes                       ;
; ~ALTERA_DCLK~      ; 2.5 V        ; 0 s                 ; 0 s                 ; 2.32 V                       ; 3.75e-07 V                   ; 2.35 V              ; -0.0109 V           ; 0.084 V                              ; 0.027 V                              ; 4.31e-10 s                  ; 3.61e-10 s                  ; Yes                        ; Yes                        ; 2.32 V                      ; 3.75e-07 V                  ; 2.35 V             ; -0.0109 V          ; 0.084 V                             ; 0.027 V                             ; 4.31e-10 s                 ; 3.61e-10 s                 ; Yes                       ; Yes                       ;
; ~ALTERA_nCEO~      ; 2.5 V        ; 0 s                 ; 0 s                 ; 2.32 V                       ; 6.15e-07 V                   ; 2.35 V              ; -0.00712 V          ; 0.093 V                              ; 0.02 V                               ; 6.21e-10 s                  ; 7.9e-10 s                   ; Yes                        ; Yes                        ; 2.32 V                      ; 6.15e-07 V                  ; 2.35 V             ; -0.00712 V         ; 0.093 V                             ; 0.02 V                              ; 6.21e-10 s                 ; 7.9e-10 s                  ; Yes                       ; Yes                       ;
+--------------------+--------------+---------------------+---------------------+------------------------------+------------------------------+---------------------+---------------------+--------------------------------------+--------------------------------------+-----------------------------+-----------------------------+----------------------------+----------------------------+-----------------------------+-----------------------------+--------------------+--------------------+-------------------------------------+-------------------------------------+----------------------------+----------------------------+---------------------------+---------------------------+


+-------------------------------------------------------------------------------------------------------------------------------------------------------------------------------------------------------------------------------------------------------------------------------------------------------------------------------------------------------------------------------------------------------------------------------------------------------------------------------------------------------------------------------------------------------------------------------------------------------------------------------------------------------------------------------------------------+
; Signal Integrity Metrics (Fast 1200mv 0c Model)                                                                                                                                                                                                                                                                                                                                                                                                                                                                                                                                                                                                                                                 ;
+--------------------+--------------+---------------------+---------------------+------------------------------+------------------------------+---------------------+---------------------+--------------------------------------+--------------------------------------+-----------------------------+-----------------------------+----------------------------+----------------------------+-----------------------------+-----------------------------+--------------------+--------------------+-------------------------------------+-------------------------------------+----------------------------+----------------------------+---------------------------+---------------------------+
; Pin                ; I/O Standard ; Board Delay on Rise ; Board Delay on Fall ; Steady State Voh at FPGA Pin ; Steady State Vol at FPGA Pin ; Voh Max at FPGA Pin ; Vol Min at FPGA Pin ; Ringback Voltage on Rise at FPGA Pin ; Ringback Voltage on Fall at FPGA Pin ; 10-90 Rise Time at FPGA Pin ; 90-10 Fall Time at FPGA Pin ; Monotonic Rise at FPGA Pin ; Monotonic Fall at FPGA Pin ; Steady State Voh at Far-end ; Steady State Vol at Far-end ; Voh Max at Far-end ; Vol Min at Far-end ; Ringback Voltage on Rise at Far-end ; Ringback Voltage on Fall at Far-end ; 10-90 Rise Time at Far-end ; 90-10 Fall Time at Far-end ; Monotonic Rise at Far-end ; Monotonic Fall at Far-end ;
+--------------------+--------------+---------------------+---------------------+------------------------------+------------------------------+---------------------+---------------------+--------------------------------------+--------------------------------------+-----------------------------+-----------------------------+----------------------------+----------------------------+-----------------------------+-----------------------------+--------------------+--------------------+-------------------------------------+-------------------------------------+----------------------------+----------------------------+---------------------------+---------------------------+
; lcd_data[0]        ; 2.5 V        ; 0 s                 ; 0 s                 ; 2.62 V                       ; 2.74e-08 V                   ; 2.71 V              ; -0.0317 V           ; 0.148 V                              ; 0.064 V                              ; 4.51e-10 s                  ; 4.15e-10 s                  ; No                         ; Yes                        ; 2.62 V                      ; 2.74e-08 V                  ; 2.71 V             ; -0.0317 V          ; 0.148 V                             ; 0.064 V                             ; 4.51e-10 s                 ; 4.15e-10 s                 ; No                        ; Yes                       ;
; lcd_data[1]        ; 2.5 V        ; 0 s                 ; 0 s                 ; 2.62 V                       ; 2.74e-08 V                   ; 2.71 V              ; -0.0317 V           ; 0.148 V                              ; 0.064 V                              ; 4.51e-10 s                  ; 4.15e-10 s                  ; No                         ; Yes                        ; 2.62 V                      ; 2.74e-08 V                  ; 2.71 V             ; -0.0317 V          ; 0.148 V                             ; 0.064 V                             ; 4.51e-10 s                 ; 4.15e-10 s                 ; No                        ; Yes                       ;
; lcd_data[2]        ; 2.5 V        ; 0 s                 ; 0 s                 ; 2.62 V                       ; 2.74e-08 V                   ; 2.71 V              ; -0.0317 V           ; 0.148 V                              ; 0.064 V                              ; 4.51e-10 s                  ; 4.15e-10 s                  ; No                         ; Yes                        ; 2.62 V                      ; 2.74e-08 V                  ; 2.71 V             ; -0.0317 V          ; 0.148 V                             ; 0.064 V                             ; 4.51e-10 s                 ; 4.15e-10 s                 ; No                        ; Yes                       ;
; lcd_data[3]        ; 2.5 V        ; 0 s                 ; 0 s                 ; 2.62 V                       ; 2.74e-08 V                   ; 2.71 V              ; -0.0317 V           ; 0.148 V                              ; 0.064 V                              ; 4.51e-10 s                  ; 4.15e-10 s                  ; No                         ; Yes                        ; 2.62 V                      ; 2.74e-08 V                  ; 2.71 V             ; -0.0317 V          ; 0.148 V                             ; 0.064 V                             ; 4.51e-10 s                 ; 4.15e-10 s                 ; No                        ; Yes                       ;
; lcd_data[4]        ; 2.5 V        ; 0 s                 ; 0 s                 ; 2.62 V                       ; 2.74e-08 V                   ; 2.71 V              ; -0.0317 V           ; 0.148 V                              ; 0.064 V                              ; 4.51e-10 s                  ; 4.15e-10 s                  ; No                         ; Yes                        ; 2.62 V                      ; 2.74e-08 V                  ; 2.71 V             ; -0.0317 V          ; 0.148 V                             ; 0.064 V                             ; 4.51e-10 s                 ; 4.15e-10 s                 ; No                        ; Yes                       ;
; lcd_data[5]        ; 2.5 V        ; 0 s                 ; 0 s                 ; 2.62 V                       ; 2.74e-08 V                   ; 2.71 V              ; -0.0317 V           ; 0.148 V                              ; 0.064 V                              ; 4.51e-10 s                  ; 4.15e-10 s                  ; No                         ; Yes                        ; 2.62 V                      ; 2.74e-08 V                  ; 2.71 V             ; -0.0317 V          ; 0.148 V                             ; 0.064 V                             ; 4.51e-10 s                 ; 4.15e-10 s                 ; No                        ; Yes                       ;
; lcd_data[6]        ; 2.5 V        ; 0 s                 ; 0 s                 ; 2.62 V                       ; 2.74e-08 V                   ; 2.71 V              ; -0.0317 V           ; 0.148 V                              ; 0.064 V                              ; 4.51e-10 s                  ; 4.15e-10 s                  ; No                         ; Yes                        ; 2.62 V                      ; 2.74e-08 V                  ; 2.71 V             ; -0.0317 V          ; 0.148 V                             ; 0.064 V                             ; 4.51e-10 s                 ; 4.15e-10 s                 ; No                        ; Yes                       ;
; lcd_data[7]        ; 2.5 V        ; 0 s                 ; 0 s                 ; 2.62 V                       ; 2.74e-08 V                   ; 2.64 V              ; -0.0117 V           ; 0.202 V                              ; 0.176 V                              ; 2.38e-09 s                  ; 2.22e-09 s                  ; No                         ; Yes                        ; 2.62 V                      ; 2.74e-08 V                  ; 2.64 V             ; -0.0117 V          ; 0.202 V                             ; 0.176 V                             ; 2.38e-09 s                 ; 2.22e-09 s                 ; No                        ; Yes                       ;
; lcd_rs             ; 2.5 V        ; 0 s                 ; 0 s                 ; 2.62 V                       ; 2.74e-08 V                   ; 2.71 V              ; -0.0317 V           ; 0.148 V                              ; 0.064 V                              ; 4.51e-10 s                  ; 4.15e-10 s                  ; No                         ; Yes                        ; 2.62 V                      ; 2.74e-08 V                  ; 2.71 V             ; -0.0317 V          ; 0.148 V                             ; 0.064 V                             ; 4.51e-10 s                 ; 4.15e-10 s                 ; No                        ; Yes                       ;
; lcd_rw             ; 2.5 V        ; 0 s                 ; 0 s                 ; 2.62 V                       ; 2.74e-08 V                   ; 2.71 V              ; -0.0317 V           ; 0.148 V                              ; 0.064 V                              ; 4.51e-10 s                  ; 4.15e-10 s                  ; No                         ; Yes                        ; 2.62 V                      ; 2.74e-08 V                  ; 2.71 V             ; -0.0317 V          ; 0.148 V                             ; 0.064 V                             ; 4.51e-10 s                 ; 4.15e-10 s                 ; No                        ; Yes                       ;
; lcd_en             ; 2.5 V        ; 0 s                 ; 0 s                 ; 2.62 V                       ; 2.74e-08 V                   ; 2.71 V              ; -0.0317 V           ; 0.148 V                              ; 0.064 V                              ; 4.51e-10 s                  ; 4.15e-10 s                  ; No                         ; Yes                        ; 2.62 V                      ; 2.74e-08 V                  ; 2.71 V             ; -0.0317 V          ; 0.148 V                             ; 0.064 V                             ; 4.51e-10 s                 ; 4.15e-10 s                 ; No                        ; Yes                       ;
; lcd_on             ; 2.5 V        ; 0 s                 ; 0 s                 ; 2.62 V                       ; 2.74e-08 V                   ; 2.64 V              ; -0.0117 V           ; 0.202 V                              ; 0.176 V                              ; 2.38e-09 s                  ; 2.22e-09 s                  ; No                         ; Yes                        ; 2.62 V                      ; 2.74e-08 V                  ; 2.64 V             ; -0.0117 V          ; 0.202 V                             ; 0.176 V                             ; 2.38e-09 s                 ; 2.22e-09 s                 ; No                        ; Yes                       ;
; lcd_blon           ; 2.5 V        ; 0 s                 ; 0 s                 ; 2.62 V                       ; 2.74e-08 V                   ; 2.71 V              ; -0.0317 V           ; 0.148 V                              ; 0.064 V                              ; 4.51e-10 s                  ; 4.15e-10 s                  ; No                         ; Yes                        ; 2.62 V                      ; 2.74e-08 V                  ; 2.71 V             ; -0.0317 V          ; 0.148 V                             ; 0.064 V                             ; 4.51e-10 s                 ; 4.15e-10 s                 ; No                        ; Yes                       ;
; switch_led_bus[0]  ; 2.5 V        ; 0 s                 ; 0 s                 ; 2.62 V                       ; 4.05e-08 V                   ; 2.72 V              ; -0.0349 V           ; 0.173 V                              ; 0.1 V                                ; 2.72e-10 s                  ; 2.69e-10 s                  ; Yes                        ; Yes                        ; 2.62 V                      ; 4.05e-08 V                  ; 2.72 V             ; -0.0349 V          ; 0.173 V                             ; 0.1 V                               ; 2.72e-10 s                 ; 2.69e-10 s                 ; Yes                       ; Yes                       ;
; switch_led_bus[1]  ; 2.5 V        ; 0 s                 ; 0 s                 ; 2.62 V                       ; 4.05e-08 V                   ; 2.72 V              ; -0.0349 V           ; 0.173 V                              ; 0.1 V                                ; 2.72e-10 s                  ; 2.69e-10 s                  ; Yes                        ; Yes                        ; 2.62 V                      ; 4.05e-08 V                  ; 2.72 V             ; -0.0349 V          ; 0.173 V                             ; 0.1 V                               ; 2.72e-10 s                 ; 2.69e-10 s                 ; Yes                       ; Yes                       ;
; switch_led_bus[2]  ; 2.5 V        ; 0 s                 ; 0 s                 ; 2.62 V                       ; 4.05e-08 V                   ; 2.72 V              ; -0.0349 V           ; 0.173 V                              ; 0.1 V                                ; 2.72e-10 s                  ; 2.69e-10 s                  ; Yes                        ; Yes                        ; 2.62 V                      ; 4.05e-08 V                  ; 2.72 V             ; -0.0349 V          ; 0.173 V                             ; 0.1 V                               ; 2.72e-10 s                 ; 2.69e-10 s                 ; Yes                       ; Yes                       ;
; switch_led_bus[3]  ; 2.5 V        ; 0 s                 ; 0 s                 ; 2.62 V                       ; 4.05e-08 V                   ; 2.72 V              ; -0.0349 V           ; 0.173 V                              ; 0.1 V                                ; 2.72e-10 s                  ; 2.69e-10 s                  ; Yes                        ; Yes                        ; 2.62 V                      ; 4.05e-08 V                  ; 2.72 V             ; -0.0349 V          ; 0.173 V                             ; 0.1 V                               ; 2.72e-10 s                 ; 2.69e-10 s                 ; Yes                       ; Yes                       ;
; switch_led_bus[4]  ; 2.5 V        ; 0 s                 ; 0 s                 ; 2.62 V                       ; 4.05e-08 V                   ; 2.72 V              ; -0.0349 V           ; 0.173 V                              ; 0.1 V                                ; 2.72e-10 s                  ; 2.69e-10 s                  ; Yes                        ; Yes                        ; 2.62 V                      ; 4.05e-08 V                  ; 2.72 V             ; -0.0349 V          ; 0.173 V                             ; 0.1 V                               ; 2.72e-10 s                 ; 2.69e-10 s                 ; Yes                       ; Yes                       ;
; switch_led_bus[5]  ; 2.5 V        ; 0 s                 ; 0 s                 ; 2.62 V                       ; 4.05e-08 V                   ; 2.72 V              ; -0.0349 V           ; 0.173 V                              ; 0.1 V                                ; 2.72e-10 s                  ; 2.69e-10 s                  ; Yes                        ; Yes                        ; 2.62 V                      ; 4.05e-08 V                  ; 2.72 V             ; -0.0349 V          ; 0.173 V                             ; 0.1 V                               ; 2.72e-10 s                 ; 2.69e-10 s                 ; Yes                       ; Yes                       ;
; switch_led_bus[6]  ; 2.5 V        ; 0 s                 ; 0 s                 ; 2.62 V                       ; 4.05e-08 V                   ; 2.72 V              ; -0.0349 V           ; 0.173 V                              ; 0.1 V                                ; 2.72e-10 s                  ; 2.69e-10 s                  ; Yes                        ; Yes                        ; 2.62 V                      ; 4.05e-08 V                  ; 2.72 V             ; -0.0349 V          ; 0.173 V                             ; 0.1 V                               ; 2.72e-10 s                 ; 2.69e-10 s                 ; Yes                       ; Yes                       ;
; switch_led_bus[7]  ; 2.5 V        ; 0 s                 ; 0 s                 ; 2.62 V                       ; 4.05e-08 V                   ; 2.72 V              ; -0.0349 V           ; 0.173 V                              ; 0.1 V                                ; 2.72e-10 s                  ; 2.69e-10 s                  ; Yes                        ; Yes                        ; 2.62 V                      ; 4.05e-08 V                  ; 2.72 V             ; -0.0349 V          ; 0.173 V                             ; 0.1 V                               ; 2.72e-10 s                 ; 2.69e-10 s                 ; Yes                       ; Yes                       ;
; switch_led_bus[8]  ; 2.5 V        ; 0 s                 ; 0 s                 ; 2.62 V                       ; 4.05e-08 V                   ; 2.72 V              ; -0.0349 V           ; 0.173 V                              ; 0.1 V                                ; 2.72e-10 s                  ; 2.69e-10 s                  ; Yes                        ; Yes                        ; 2.62 V                      ; 4.05e-08 V                  ; 2.72 V             ; -0.0349 V          ; 0.173 V                             ; 0.1 V                               ; 2.72e-10 s                 ; 2.69e-10 s                 ; Yes                       ; Yes                       ;
; switch_led_bus[9]  ; 2.5 V        ; 0 s                 ; 0 s                 ; 2.62 V                       ; 4.05e-08 V                   ; 2.64 V              ; -0.0113 V           ; 0.208 V                              ; 0.179 V                              ; 2.38e-09 s                  ; 2.23e-09 s                  ; No                         ; Yes                        ; 2.62 V                      ; 4.05e-08 V                  ; 2.64 V             ; -0.0113 V          ; 0.208 V                             ; 0.179 V                             ; 2.38e-09 s                 ; 2.23e-09 s                 ; No                        ; Yes                       ;
; switch_led_bus[10] ; 2.5 V        ; 0 s                 ; 0 s                 ; 2.62 V                       ; 4.05e-08 V                   ; 2.72 V              ; -0.0349 V           ; 0.173 V                              ; 0.1 V                                ; 2.72e-10 s                  ; 2.69e-10 s                  ; Yes                        ; Yes                        ; 2.62 V                      ; 4.05e-08 V                  ; 2.72 V             ; -0.0349 V          ; 0.173 V                             ; 0.1 V                               ; 2.72e-10 s                 ; 2.69e-10 s                 ; Yes                       ; Yes                       ;
; switch_led_bus[11] ; 2.5 V        ; 0 s                 ; 0 s                 ; 2.62 V                       ; 4.05e-08 V                   ; 2.72 V              ; -0.0349 V           ; 0.173 V                              ; 0.1 V                                ; 2.72e-10 s                  ; 2.69e-10 s                  ; Yes                        ; Yes                        ; 2.62 V                      ; 4.05e-08 V                  ; 2.72 V             ; -0.0349 V          ; 0.173 V                             ; 0.1 V                               ; 2.72e-10 s                 ; 2.69e-10 s                 ; Yes                       ; Yes                       ;
; switch_led_bus[12] ; 2.5 V        ; 0 s                 ; 0 s                 ; 2.62 V                       ; 4.05e-08 V                   ; 2.72 V              ; -0.0349 V           ; 0.173 V                              ; 0.1 V                                ; 2.72e-10 s                  ; 2.69e-10 s                  ; Yes                        ; Yes                        ; 2.62 V                      ; 4.05e-08 V                  ; 2.72 V             ; -0.0349 V          ; 0.173 V                             ; 0.1 V                               ; 2.72e-10 s                 ; 2.69e-10 s                 ; Yes                       ; Yes                       ;
; switch_led_bus[13] ; 2.5 V        ; 0 s                 ; 0 s                 ; 2.62 V                       ; 4.05e-08 V                   ; 2.72 V              ; -0.0349 V           ; 0.173 V                              ; 0.1 V                                ; 2.72e-10 s                  ; 2.69e-10 s                  ; Yes                        ; Yes                        ; 2.62 V                      ; 4.05e-08 V                  ; 2.72 V             ; -0.0349 V          ; 0.173 V                             ; 0.1 V                               ; 2.72e-10 s                 ; 2.69e-10 s                 ; Yes                       ; Yes                       ;
; switch_led_bus[14] ; 2.5 V        ; 0 s                 ; 0 s                 ; 2.62 V                       ; 4.05e-08 V                   ; 2.72 V              ; -0.0349 V           ; 0.173 V                              ; 0.1 V                                ; 2.72e-10 s                  ; 2.69e-10 s                  ; Yes                        ; Yes                        ; 2.62 V                      ; 4.05e-08 V                  ; 2.72 V             ; -0.0349 V          ; 0.173 V                             ; 0.1 V                               ; 2.72e-10 s                 ; 2.69e-10 s                 ; Yes                       ; Yes                       ;
; switch_led_bus[15] ; 2.5 V        ; 0 s                 ; 0 s                 ; 2.62 V                       ; 4.05e-08 V                   ; 2.64 V              ; -0.0113 V           ; 0.208 V                              ; 0.179 V                              ; 2.38e-09 s                  ; 2.23e-09 s                  ; No                         ; Yes                        ; 2.62 V                      ; 4.05e-08 V                  ; 2.64 V             ; -0.0113 V          ; 0.208 V                             ; 0.179 V                             ; 2.38e-09 s                 ; 2.23e-09 s                 ; No                        ; Yes                       ;
; switch_led_bus[16] ; 2.5 V        ; 0 s                 ; 0 s                 ; 2.62 V                       ; 4.05e-08 V                   ; 2.72 V              ; -0.0349 V           ; 0.173 V                              ; 0.1 V                                ; 2.72e-10 s                  ; 2.69e-10 s                  ; Yes                        ; Yes                        ; 2.62 V                      ; 4.05e-08 V                  ; 2.72 V             ; -0.0349 V          ; 0.173 V                             ; 0.1 V                               ; 2.72e-10 s                 ; 2.69e-10 s                 ; Yes                       ; Yes                       ;
; switch_led_bus[17] ; 2.5 V        ; 0 s                 ; 0 s                 ; 2.62 V                       ; 4.05e-08 V                   ; 2.72 V              ; -0.0349 V           ; 0.173 V                              ; 0.1 V                                ; 2.72e-10 s                  ; 2.69e-10 s                  ; Yes                        ; Yes                        ; 2.62 V                      ; 4.05e-08 V                  ; 2.72 V             ; -0.0349 V          ; 0.173 V                             ; 0.1 V                               ; 2.72e-10 s                 ; 2.69e-10 s                 ; Yes                       ; Yes                       ;
; ~ALTERA_DCLK~      ; 2.5 V        ; 0 s                 ; 0 s                 ; 2.62 V                       ; 2.22e-08 V                   ; 2.74 V              ; -0.06 V             ; 0.158 V                              ; 0.08 V                               ; 2.68e-10 s                  ; 2.19e-10 s                  ; Yes                        ; Yes                        ; 2.62 V                      ; 2.22e-08 V                  ; 2.74 V             ; -0.06 V            ; 0.158 V                             ; 0.08 V                              ; 2.68e-10 s                 ; 2.19e-10 s                 ; Yes                       ; Yes                       ;
; ~ALTERA_nCEO~      ; 2.5 V        ; 0 s                 ; 0 s                 ; 2.62 V                       ; 3.54e-08 V                   ; 2.7 V               ; -0.00943 V          ; 0.276 V                              ; 0.035 V                              ; 3.19e-10 s                  ; 4.99e-10 s                  ; No                         ; Yes                        ; 2.62 V                      ; 3.54e-08 V                  ; 2.7 V              ; -0.00943 V         ; 0.276 V                             ; 0.035 V                             ; 3.19e-10 s                 ; 4.99e-10 s                 ; No                        ; Yes                       ;
+--------------------+--------------+---------------------+---------------------+------------------------------+------------------------------+---------------------+---------------------+--------------------------------------+--------------------------------------+-----------------------------+-----------------------------+----------------------------+----------------------------+-----------------------------+-----------------------------+--------------------+--------------------+-------------------------------------+-------------------------------------+----------------------------+----------------------------+---------------------------+---------------------------+


+-----------------------------------------------------------------------+
; Setup Transfers                                                       ;
+------------+----------+--------------+----------+----------+----------+
; From Clock ; To Clock ; RR Paths     ; FR Paths ; RF Paths ; FF Paths ;
+------------+----------+--------------+----------+----------+----------+
; clk        ; clk      ; > 2147483647 ; 0        ; 0        ; 0        ;
+------------+----------+--------------+----------+----------+----------+
Entries labeled "false path" only account for clock-to-clock false paths and not path-based false paths. As a result, actual path counts may be lower than reported.


+-----------------------------------------------------------------------+
; Hold Transfers                                                        ;
+------------+----------+--------------+----------+----------+----------+
; From Clock ; To Clock ; RR Paths     ; FR Paths ; RF Paths ; FF Paths ;
+------------+----------+--------------+----------+----------+----------+
; clk        ; clk      ; > 2147483647 ; 0        ; 0        ; 0        ;
+------------+----------+--------------+----------+----------+----------+
Entries labeled "false path" only account for clock-to-clock false paths and not path-based false paths. As a result, actual path counts may be lower than reported.


---------------
; Report TCCS ;
---------------
No dedicated SERDES Transmitter circuitry present in device or used in design


---------------
; Report RSKM ;
---------------
No non-DPA dedicated SERDES Receiver circuitry present in device or used in design


+------------------------------------------------+
; Unconstrained Paths Summary                    ;
+---------------------------------+-------+------+
; Property                        ; Setup ; Hold ;
+---------------------------------+-------+------+
; Illegal Clocks                  ; 0     ; 0    ;
; Unconstrained Clocks            ; 0     ; 0    ;
; Unconstrained Input Ports       ; 20    ; 20   ;
; Unconstrained Input Port Paths  ; 38    ; 38   ;
; Unconstrained Output Ports      ; 30    ; 30   ;
; Unconstrained Output Port Paths ; 30    ; 30   ;
+---------------------------------+-------+------+


+-------------------------------------+
; Clock Status Summary                ;
+--------+-------+------+-------------+
; Target ; Clock ; Type ; Status      ;
+--------+-------+------+-------------+
; clk    ; clk   ; Base ; Constrained ;
+--------+-------+------+-------------+


+-------------------------------------------------------------------------------------------------------+
; Unconstrained Input Ports                                                                             ;
+----------------+--------------------------------------------------------------------------------------+
; Input Port     ; Comment                                                                              ;
+----------------+--------------------------------------------------------------------------------------+
; btn_rst        ; No input delay, min/max delays, false-path exceptions, or max skew assignments found ;
; btn_send       ; No input delay, min/max delays, false-path exceptions, or max skew assignments found ;
; switch_bus[0]  ; No input delay, min/max delays, false-path exceptions, or max skew assignments found ;
; switch_bus[1]  ; No input delay, min/max delays, false-path exceptions, or max skew assignments found ;
; switch_bus[2]  ; No input delay, min/max delays, false-path exceptions, or max skew assignments found ;
; switch_bus[3]  ; No input delay, min/max delays, false-path exceptions, or max skew assignments found ;
; switch_bus[4]  ; No input delay, min/max delays, false-path exceptions, or max skew assignments found ;
; switch_bus[5]  ; No input delay, min/max delays, false-path exceptions, or max skew assignments found ;
; switch_bus[6]  ; No input delay, min/max delays, false-path exceptions, or max skew assignments found ;
; switch_bus[7]  ; No input delay, min/max delays, false-path exceptions, or max skew assignments found ;
; switch_bus[8]  ; No input delay, min/max delays, false-path exceptions, or max skew assignments found ;
; switch_bus[9]  ; No input delay, min/max delays, false-path exceptions, or max skew assignments found ;
; switch_bus[10] ; No input delay, min/max delays, false-path exceptions, or max skew assignments found ;
; switch_bus[11] ; No input delay, min/max delays, false-path exceptions, or max skew assignments found ;
; switch_bus[12] ; No input delay, min/max delays, false-path exceptions, or max skew assignments found ;
; switch_bus[13] ; No input delay, min/max delays, false-path exceptions, or max skew assignments found ;
; switch_bus[14] ; No input delay, min/max delays, false-path exceptions, or max skew assignments found ;
; switch_bus[15] ; No input delay, min/max delays, false-path exceptions, or max skew assignments found ;
; switch_bus[16] ; No input delay, min/max delays, false-path exceptions, or max skew assignments found ;
; switch_bus[17] ; No input delay, min/max delays, false-path exceptions, or max skew assignments found ;
+----------------+--------------------------------------------------------------------------------------+


+------------------------------------------------------------------------------------------------------------+
; Unconstrained Output Ports                                                                                 ;
+--------------------+---------------------------------------------------------------------------------------+
; Output Port        ; Comment                                                                               ;
+--------------------+---------------------------------------------------------------------------------------+
; lcd_blon           ; No output delay, min/max delays, false-path exceptions, or max skew assignments found ;
; lcd_data[0]        ; No output delay, min/max delays, false-path exceptions, or max skew assignments found ;
; lcd_data[1]        ; No output delay, min/max delays, false-path exceptions, or max skew assignments found ;
; lcd_data[2]        ; No output delay, min/max delays, false-path exceptions, or max skew assignments found ;
; lcd_data[3]        ; No output delay, min/max delays, false-path exceptions, or max skew assignments found ;
; lcd_data[4]        ; No output delay, min/max delays, false-path exceptions, or max skew assignments found ;
; lcd_data[5]        ; No output delay, min/max delays, false-path exceptions, or max skew assignments found ;
; lcd_data[6]        ; No output delay, min/max delays, false-path exceptions, or max skew assignments found ;
; lcd_data[7]        ; No output delay, min/max delays, false-path exceptions, or max skew assignments found ;
; lcd_en             ; No output delay, min/max delays, false-path exceptions, or max skew assignments found ;
; lcd_on             ; No output delay, min/max delays, false-path exceptions, or max skew assignments found ;
; lcd_rs             ; No output delay, min/max delays, false-path exceptions, or max skew assignments found ;
; switch_led_bus[0]  ; No output delay, min/max delays, false-path exceptions, or max skew assignments found ;
; switch_led_bus[1]  ; No output delay, min/max delays, false-path exceptions, or max skew assignments found ;
; switch_led_bus[2]  ; No output delay, min/max delays, false-path exceptions, or max skew assignments found ;
; switch_led_bus[3]  ; No output delay, min/max delays, false-path exceptions, or max skew assignments found ;
; switch_led_bus[4]  ; No output delay, min/max delays, false-path exceptions, or max skew assignments found ;
; switch_led_bus[5]  ; No output delay, min/max delays, false-path exceptions, or max skew assignments found ;
; switch_led_bus[6]  ; No output delay, min/max delays, false-path exceptions, or max skew assignments found ;
; switch_led_bus[7]  ; No output delay, min/max delays, false-path exceptions, or max skew assignments found ;
; switch_led_bus[8]  ; No output delay, min/max delays, false-path exceptions, or max skew assignments found ;
; switch_led_bus[9]  ; No output delay, min/max delays, false-path exceptions, or max skew assignments found ;
; switch_led_bus[10] ; No output delay, min/max delays, false-path exceptions, or max skew assignments found ;
; switch_led_bus[11] ; No output delay, min/max delays, false-path exceptions, or max skew assignments found ;
; switch_led_bus[12] ; No output delay, min/max delays, false-path exceptions, or max skew assignments found ;
; switch_led_bus[13] ; No output delay, min/max delays, false-path exceptions, or max skew assignments found ;
; switch_led_bus[14] ; No output delay, min/max delays, false-path exceptions, or max skew assignments found ;
; switch_led_bus[15] ; No output delay, min/max delays, false-path exceptions, or max skew assignments found ;
; switch_led_bus[16] ; No output delay, min/max delays, false-path exceptions, or max skew assignments found ;
; switch_led_bus[17] ; No output delay, min/max delays, false-path exceptions, or max skew assignments found ;
+--------------------+---------------------------------------------------------------------------------------+


+-------------------------------------------------------------------------------------------------------+
; Unconstrained Input Ports                                                                             ;
+----------------+--------------------------------------------------------------------------------------+
; Input Port     ; Comment                                                                              ;
+----------------+--------------------------------------------------------------------------------------+
; btn_rst        ; No input delay, min/max delays, false-path exceptions, or max skew assignments found ;
; btn_send       ; No input delay, min/max delays, false-path exceptions, or max skew assignments found ;
; switch_bus[0]  ; No input delay, min/max delays, false-path exceptions, or max skew assignments found ;
; switch_bus[1]  ; No input delay, min/max delays, false-path exceptions, or max skew assignments found ;
; switch_bus[2]  ; No input delay, min/max delays, false-path exceptions, or max skew assignments found ;
; switch_bus[3]  ; No input delay, min/max delays, false-path exceptions, or max skew assignments found ;
; switch_bus[4]  ; No input delay, min/max delays, false-path exceptions, or max skew assignments found ;
; switch_bus[5]  ; No input delay, min/max delays, false-path exceptions, or max skew assignments found ;
; switch_bus[6]  ; No input delay, min/max delays, false-path exceptions, or max skew assignments found ;
; switch_bus[7]  ; No input delay, min/max delays, false-path exceptions, or max skew assignments found ;
; switch_bus[8]  ; No input delay, min/max delays, false-path exceptions, or max skew assignments found ;
; switch_bus[9]  ; No input delay, min/max delays, false-path exceptions, or max skew assignments found ;
; switch_bus[10] ; No input delay, min/max delays, false-path exceptions, or max skew assignments found ;
; switch_bus[11] ; No input delay, min/max delays, false-path exceptions, or max skew assignments found ;
; switch_bus[12] ; No input delay, min/max delays, false-path exceptions, or max skew assignments found ;
; switch_bus[13] ; No input delay, min/max delays, false-path exceptions, or max skew assignments found ;
; switch_bus[14] ; No input delay, min/max delays, false-path exceptions, or max skew assignments found ;
; switch_bus[15] ; No input delay, min/max delays, false-path exceptions, or max skew assignments found ;
; switch_bus[16] ; No input delay, min/max delays, false-path exceptions, or max skew assignments found ;
; switch_bus[17] ; No input delay, min/max delays, false-path exceptions, or max skew assignments found ;
+----------------+--------------------------------------------------------------------------------------+


+------------------------------------------------------------------------------------------------------------+
; Unconstrained Output Ports                                                                                 ;
+--------------------+---------------------------------------------------------------------------------------+
; Output Port        ; Comment                                                                               ;
+--------------------+---------------------------------------------------------------------------------------+
; lcd_blon           ; No output delay, min/max delays, false-path exceptions, or max skew assignments found ;
; lcd_data[0]        ; No output delay, min/max delays, false-path exceptions, or max skew assignments found ;
; lcd_data[1]        ; No output delay, min/max delays, false-path exceptions, or max skew assignments found ;
; lcd_data[2]        ; No output delay, min/max delays, false-path exceptions, or max skew assignments found ;
; lcd_data[3]        ; No output delay, min/max delays, false-path exceptions, or max skew assignments found ;
; lcd_data[4]        ; No output delay, min/max delays, false-path exceptions, or max skew assignments found ;
; lcd_data[5]        ; No output delay, min/max delays, false-path exceptions, or max skew assignments found ;
; lcd_data[6]        ; No output delay, min/max delays, false-path exceptions, or max skew assignments found ;
; lcd_data[7]        ; No output delay, min/max delays, false-path exceptions, or max skew assignments found ;
; lcd_en             ; No output delay, min/max delays, false-path exceptions, or max skew assignments found ;
; lcd_on             ; No output delay, min/max delays, false-path exceptions, or max skew assignments found ;
; lcd_rs             ; No output delay, min/max delays, false-path exceptions, or max skew assignments found ;
; switch_led_bus[0]  ; No output delay, min/max delays, false-path exceptions, or max skew assignments found ;
; switch_led_bus[1]  ; No output delay, min/max delays, false-path exceptions, or max skew assignments found ;
; switch_led_bus[2]  ; No output delay, min/max delays, false-path exceptions, or max skew assignments found ;
; switch_led_bus[3]  ; No output delay, min/max delays, false-path exceptions, or max skew assignments found ;
; switch_led_bus[4]  ; No output delay, min/max delays, false-path exceptions, or max skew assignments found ;
; switch_led_bus[5]  ; No output delay, min/max delays, false-path exceptions, or max skew assignments found ;
; switch_led_bus[6]  ; No output delay, min/max delays, false-path exceptions, or max skew assignments found ;
; switch_led_bus[7]  ; No output delay, min/max delays, false-path exceptions, or max skew assignments found ;
; switch_led_bus[8]  ; No output delay, min/max delays, false-path exceptions, or max skew assignments found ;
; switch_led_bus[9]  ; No output delay, min/max delays, false-path exceptions, or max skew assignments found ;
; switch_led_bus[10] ; No output delay, min/max delays, false-path exceptions, or max skew assignments found ;
; switch_led_bus[11] ; No output delay, min/max delays, false-path exceptions, or max skew assignments found ;
; switch_led_bus[12] ; No output delay, min/max delays, false-path exceptions, or max skew assignments found ;
; switch_led_bus[13] ; No output delay, min/max delays, false-path exceptions, or max skew assignments found ;
; switch_led_bus[14] ; No output delay, min/max delays, false-path exceptions, or max skew assignments found ;
; switch_led_bus[15] ; No output delay, min/max delays, false-path exceptions, or max skew assignments found ;
; switch_led_bus[16] ; No output delay, min/max delays, false-path exceptions, or max skew assignments found ;
; switch_led_bus[17] ; No output delay, min/max delays, false-path exceptions, or max skew assignments found ;
+--------------------+---------------------------------------------------------------------------------------+


+--------------------------+
; Timing Analyzer Messages ;
+--------------------------+
Info: *******************************************************************
Info: Running Quartus Prime Timing Analyzer
    Info: Version 25.1std.0 Build 1129 10/21/2025 SC Lite Edition
    Info: Processing started: Tue Jun  9 15:16:34 2026
Info: Command: quartus_sta control-unit -c mini_cpu_fpga
Info: qsta_default_script.tcl version: #1
Warning (18236): Number of processors has not been specified which may cause overloading on shared machines.  Set the global assignment NUM_PARALLEL_PROCESSORS in your QSF to an appropriate value for best performance.
Info (20030): Parallel compilation is enabled and will use 4 of the 4 processors detected
Info (21077): Low junction temperature is 0 degrees C
Info (21077): High junction temperature is 85 degrees C
Critical Warning (332012): Synopsys Design Constraints File file not found: 'mini_cpu_fpga.sdc'. A Synopsys Design Constraints File is required by the Timing Analyzer to get proper timing constraints. Without it, the Compiler will not properly optimize the design.
Info (332142): No user constrained base clocks found in the design. Calling "derive_clocks -period 1.0"
Info (332105): Deriving Clocks
    Info (332105): create_clock -period 1.000 -name clk clk
Info (332143): No user constrained clock uncertainty found in the design. Calling "derive_clock_uncertainty"
Info (332123): Deriving Clock Uncertainty. Please refer to report_sdc in the Timing Analyzer to see clock uncertainties.
Info: Found TIMING_ANALYZER_REPORT_SCRIPT_INCLUDE_DEFAULT_ANALYSIS = ON
Info: Analyzing Slow 1200mV 85C Model
Critical Warning (332148): Timing requirements not met
    Info (11105): For recommendations on closing timing, run Report Timing Closure Recommendations in the Timing Analyzer.
Info (332146): Worst-case setup slack is -12.937
    Info (332119):     Slack       End Point TNS Clock 
    Info (332119): ========= =================== =====================
    Info (332119):   -12.937           -3332.105 clk 
Info (332146): Worst-case hold slack is 0.402
    Info (332119):     Slack       End Point TNS Clock 
    Info (332119): ========= =================== =====================
    Info (332119):     0.402               0.000 clk 
Info (332140): No Recovery paths to report
Info (332140): No Removal paths to report
Info (332146): Worst-case minimum pulse width slack is -3.000
    Info (332119):     Slack       End Point TNS Clock 
    Info (332119): ========= =================== =====================
    Info (332119):    -3.000            -724.340 clk 
Info (332114): Report Metastability: Found 2 synchronizer chains.
    Info (332114): Design MTBF is not calculated because the design doesn't meet its timing requirements.
Info: Analyzing Slow 1200mV 0C Model
Info (334003): Started post-fitting delay annotation
Info (334004): Delay annotation completed successfully
Info (332123): Deriving Clock Uncertainty. Please refer to report_sdc in the Timing Analyzer to see clock uncertainties.
Critical Warning (332148): Timing requirements not met
    Info (11105): For recommendations on closing timing, run Report Timing Closure Recommendations in the Timing Analyzer.
Info (332146): Worst-case setup slack is -11.588
    Info (332119):     Slack       End Point TNS Clock 
    Info (332119): ========= =================== =====================
    Info (332119):   -11.588           -3008.014 clk 
Info (332146): Worst-case hold slack is 0.354
    Info (332119):     Slack       End Point TNS Clock 
    Info (332119): ========= =================== =====================
    Info (332119):     0.354               0.000 clk 
Info (332140): No Recovery paths to report
Info (332140): No Removal paths to report
Info (332146): Worst-case minimum pulse width slack is -3.000
    Info (332119):     Slack       End Point TNS Clock 
    Info (332119): ========= =================== =====================
    Info (332119):    -3.000            -724.340 clk 
Info (332114): Report Metastability: Found 2 synchronizer chains.
    Info (332114): Design MTBF is not calculated because the design doesn't meet its timing requirements.
Info: Analyzing Fast 1200mV 0C Model
Info (332123): Deriving Clock Uncertainty. Please refer to report_sdc in the Timing Analyzer to see clock uncertainties.
Critical Warning (332148): Timing requirements not met
    Info (11105): For recommendations on closing timing, run Report Timing Closure Recommendations in the Timing Analyzer.
Info (332146): Worst-case setup slack is -5.827
    Info (332119):     Slack       End Point TNS Clock 
    Info (332119): ========= =================== =====================
    Info (332119):    -5.827           -1386.519 clk 
Info (332146): Worst-case hold slack is 0.181
    Info (332119):     Slack       End Point TNS Clock 
    Info (332119): ========= =================== =====================
    Info (332119):     0.181               0.000 clk 
Info (332140): No Recovery paths to report
Info (332140): No Removal paths to report
Info (332146): Worst-case minimum pulse width slack is -3.000
    Info (332119):     Slack       End Point TNS Clock 
    Info (332119): ========= =================== =====================
    Info (332119):    -3.000            -579.312 clk 
Info (332114): Report Metastability: Found 2 synchronizer chains.
    Info (332114): Design MTBF is not calculated because the design doesn't meet its timing requirements.
Info (332102): Design is not fully constrained for setup requirements
Info (332102): Design is not fully constrained for hold requirements
Info: Quartus Prime Timing Analyzer was successful. 0 errors, 5 warnings
    Info: Peak virtual memory: 561 megabytes
    Info: Processing ended: Tue Jun  9 15:16:37 2026
    Info: Elapsed time: 00:00:03
    Info: Total CPU time (on all processors): 00:00:02


